text,intent
"[ I, + I ] think they're kind of nice to have,  /",statement
where do you go to school? /,question
"[ [ It's a, +  I, ] + I ] especially like it as an outlet when the T V goes off,  /",statement
"Keep on watching those movies, F huh?  /",request
-- beyond Thousand Oaks. /,statement
start prosecuting they  /,request
"(( Yeah,  /",general
what kind of hobbies do you have Lori? /,question
"C and,   F uh,  we have four  children  /",statement
"Yeah,  /",general
Uh-huh.  /,general
"F Oh,  it's not too good.  /",statement
"C So  it wasn't enough to total it,  /",statement
"[ In, +",statement
Yeah. /,general
What kind of car is it? /,question
E I mean  they're still not settled over there. /,statement
How do you like it?  /,question
"he couldn't walk,  /",statement
"[ I want to, + the next car I get I want it to ] be automatic. /",statement
C and then  you'll  have to give me a call on gardening <laughter>. /,request
"when the water is cold, they are very slow moving fish,  /",statement
go ahead. /,request
now it's up to you  /,request
-- starts out when they're small and  continues through generations -- /,statement
D Well  now wait a minute [ the- + there ] /,request
"<laughter> it amazed me when I got out here to the midwest and  found out that even though they're an hour earlier in time, they still watch the news when, -/",statement
Uh-huh. /,general
"Ha-, what kinds of things have you tried?  /",question
"F Oh,  okay. /",general
"[ [ you, + you,  ] + if you  ] like  sports go right ahead with this one. /",request
Have you done this very long?  /,question
"What, F uh,  go ahead and tell me about your home <laughter>. /",request
"D Well,  it might be a good time for you [ [ to be-, + to, ] + to start ] a tradition. /",request
"[ C so.  + C But,  ]  F uh,  D well  you ought to try that.  /",request
"Yeah,  /",general
Is Texas one of them? /,question
hold on. /,request
How does the word wrap work on that?  /,question
You always have to isolate those. /,statement
Uh-huh. /,general
C So  tell me your feelings on recycling.  /,request
"C So,  you don't have anything right now? /",question
"[ yo-, + you ] comment on it,  /",request
Yeah. /,general
Yeah. /,general
Uh-huh.  /,general
"let's do i-, /",request
"D Well,  they'd never picked it out, though? /",question
"C and  it was, F uh,  about the N E A  /",statement
"D Well,  I think, I don't know if we've  done five minutes  /",general
Tobogganing. /,request
"D Well,  how much do you earn on the cans,  /",question
Get the yellow ones. /,request
"[ don't, + don't ] be in any hurry. /",request
"C And,  <<pause>> D you know,  it's a shame  /",statement
Yeah.  /,general
"[ C and,  + C and  ] stress that to your children. /",request
C and  you just need to take the little one.,request
Stick on the subject. /,request
"D Well,  do you have anything else you want to say on this? /",question
Yeah. /,general
"C and  they are not allowed, - /",statement
bye bye.  /,general
Go ahead. /,request
"[ C and,  + C and,  ] F uh,  I don't know whether we really want to be  tied down to a [ pe-, + ] D you know,  another dog.  /",statement
"D So.    How long you been with them, since you moved down here? /",question
"<Laughter>  F Um,  yes  /",general
"I know that, D like,  [ [ the, + the, ] + the ] one plan that everyone seems to be in, in my place is, F uh,  D you know,  D [ you, + F uh,  think you ] call it  plan D <laughter>.  /",statement
Believe me. /,request
C and then  before  you know it you have drugs and a lot of other things  /,statement
How about yourself? /,question
D So  tell me about CHINA CRY. /,request
Uh-huh. /,general
Right. /,general
"C And  it's a shame too when you  do see somebody driving a big car, just one person in that.  /",statement
"And, what room? /",question
go ahead. /,request
C or  I don't remember it if I have. /,statement
"Uh-huh,  /",general
"D Well  D now,  that's possible. /",statement
"Yeah,  /",general
"Have you gone out to, F uh,  Fort Worth to see the [ space, + Soviet space ] exhibit? /",question
Bye-bye. /,general
How about you? /,question
"Jerry, what did you think of people like, F uh,  Jane Fonda, another [ war an-, + anti-war ] activist. /",question
D Well  let,request
Aikman did go to O U.  /,statement
What are they? /,question
"C and  there are some crimes that could be committed against her that are not even considered capital crimes, [ that, + that ] I would consider basis for murder. /",statement
Uh-huh.  /,general
"[ yo-, + you ] comment on it,  /",request
"Then you, F uh,  pour that in there, D you know,   to make the gravy.   /",request
Got to see Pike's Peak. /,request
"whatever subject you pick, do it the knowledgeable way -- /",request
C and  we're kind of off on the  sidelines.  /,statement
Go ahead.  /,request
Get some books of whether it be Pennsylvania or Virginia --,request
"F Um,   [ on a, +  if you're doing it on a ] regular basis, how often do you go? /",question
"F Oh,  okay. /",general
C but  --,question
"C and  you ought to, D well,   as your daughters approach the college age, F uh,  start finding out about the scholarship monies because there is a lot of money out there  /",request
"D Well,  [ what, +  F uh,  what ] things do you consider when you buy a car? /",question
Uh-huh. /,general
"C but  I like to [ co-, + F uh,  cook ]  with my kids. /",statement
"[ the, + the  ] prep school they go to before they can play --",statement
F Um.   Yeah.  /,general
"In [ building, + which building?  ] /",question
"F Uh,  watch out. /",request
"That's common sense,  /",statement
make sure it's nice and brown on both sides  /,request
Probably going to throw them in your trash <laughter>. /,statement
"Yeah,  /",general
really. /,general
"[ What are, +  what does ] your city have for gun control if anything? /",question
Yeah. /,general
Yeah. /,general
"<Laughter>  [ I went, +",statement
F Oh.  /,general
Uh-huh. /,general
it shouldn't go out that much. /,statement
"<Laughter>  D Well,  [ do-, + don't ] ever get one for a pet. /",request
Yeah. /,general
"Go out to the nursing home,  help guide some craft programs, perhaps, work on some <sigh> music programs,   whatever their talents are.",request
C and then  they hire private instructors? /,question
C So  you're  saving a lot of time and effort.  /,statement
"Yeah,  /",general
"Yeah,  /",general
"F Um,  [ then, + then ] just <laughter>, -/",request
"[ C And,  + F uh,  C so,  ] I don't mind [ having, + having ] to wear a uniform, because I don't have to buy, D you know  --",statement
Uh-huh. /,general
"D You know,  let's go back to our original thing with, D you know,  our experiments and all [ the, + D you know,  our ] actual exploring of space [ and, + and ] all that,  /",request
"C And,  F uh,  [ even if they're, + even if they're ]  discouraged, tell them that that's just a passing moment --",request
"F Oh,  okay. /",general
Uh-huh. /,general
Uh-huh. /,general
Uh-huh <noise>.  /,general
"C And,  D you know,  D like  hold on here. /",request
C so  wok food seems to be our thing. /,statement
"[ You're in, + you're living in  ] the Castle Park area? /",question
Yeah  /,general
"the overmilitarization of Iraq was due to companies selling them arms and things,  /",statement
"C but  where I am, [ the, + ] just D like  all the hospitals,",statement
You might try that.  /,request
Do you have trouble with red spider on marigolds? /,question
Uh-huh. /,general
Bye. /,general
"Stir it real, real well. /",request
"D Boy,  I know, especially when they grow up like that,  /",statement
C but   you can feel that? /,question
"There was a time, though, in the, F uh,  middle part of November that got really cool, really, really --",statement
"D Well,  maybe you can, F uh,  make that  one charming [ and, + and ] make a little bit money, F uh,  /",request
"scratch that,  /",request
"D Well,  it was great to talk to you. /",general
C or  make everything diet. /,request
"D Well,  have you played recently? /",question
"C And  is it different [ for the, + for the ] B M W? /",question
"Yeah,  /",general
"Yeah,  /",general
How do you spell that? /,question
"D So,  have you ever served on a jury? /",question
"How about some of the ads,  /",question
Yeah. /,general
"[ What, +  what ] is, - /",question
Does he bite her enough to draw blood? /,question
I'm not sure what you're talking about. /,statement
"[ we can't, + we can't ] balance a checkbook without a calculator. /",statement
"E I  mean,  [ you, + you ] hate to be paranoid  /",statement
Yeah. /,general
"E I mean,  I think about it because I hear about it,  /",statement
-- that make sense? /,question
Uh-huh.   /,general
Go ahead.  /,request
"he was just so bad  off, D you know  --",statement
Uh-huh. /,general
Are you involved in the schools at all --,question
"C And,  F uh,  of course people  down here, they just don't know how to handle themselves  /",statement
"I think youngsters ought to go out and do some public service,  /",statement
</Children> Uh-huh.  /,general
Yeah. /,general
"you can't record on them and so they won't be as functional as D like  a cassette player, where if you heard something, you could record it,",statement
Yeah. /,general
"E I mean  [ [ they're really, + they, ] + they ] [ go-, + ] bend over backwards service wise for you.  /",statement
go ahead. /,request
"D So,   tell me the last time you went for a boat ride. /",request
"Diesel is going to be around,  because it doesn't evaporate easily,  /",statement
"Are you just saying [ you, + you ] sight read every concert? /",question
"(( I guess ))   it's kind of an ideal world though, F huh  <laughter>. /",statement
"[ Where, + where ] is Raleigh, in North Carolina? /",question
Yeah  /,general
Sounds fun.  /,general
"D Now,  what do you mostly do </noise>? /",question
"C But  when you were growing up [ and they weren't, + and the younger ones weren't ] around, what did you do? /",question
<Laughter> Yeah.   /,general
Really. /,general
Uh-huh. /,general
C And  maybe I'll talk to you again. /,general
C And  you've got to admit that Congress does kind of look at things that way. /,request
Okay. /,general
"Uh-huh, /",general
"[ they, +  every year they ] look at, F uh,  different areas and try to determine  [ where, + where, ] F uh,  the most houses will be, /",statement
"We have, F um,  D you know  - /",statement
Huh. /,general
"did you cut them down [ at the, + at the ]  ground level,  /",question
Go right ahead. /,request
He is a lieutenant in the Navy  /,statement
Yeah. /,general
"right,  /",general
"-- C and,   F um,  I don't like them as well except, it wasn't really a fair comparison because those were automatics,  /",statement
"F Oh,  yeah. /",general
"[ Then, + then ] when he finally, D you know,  did win an election, F uh,  D you know,  it was  the presidency.  /",statement
Yeah. /,general
Just put them in a home and leave them. /,statement
What about you? /,question
do you  guys smoke?  /,question
How was that? /,question
"[ [ [ C And,  + F uh,",statement
"C and  the thing [ that, + that ] gets me is, F uh,  you never really catch up, you never really finish doing things, /",statement
"C And  you cook it for another three minutes on high, D you know,",request
Right. /,general
it sounds good. /,general
"Since [ you're being, + you  ] can talk for hours, go ahead,  /",request
"D well,  [ maybe, + maybe ] your husband could tape it for you sometime. /",request
Where in Pennsylvania? /,question
"F Oh,  don't made any excuses for him <laughter>. /",request
"C and  I think particularly [ if you're, + if you're ] looking [ [ at the, + at the, ] + at the ] peasant, F uh,  whether he's in Central America, regardless of where he is, [ is his life, + is his life ] better off under communism [ [ or, + or ] + F uh,  or ] Democratic government.  /",question
"For instance, like Social Security tax or Soc-, F uh,  - /",statement
You look at another kind of society like the Japanese.  /,request
"C and,",statement
"D you know,  you make clothes for them and everything like that. /",question
Do you think that's a deterrent? /,question
"Suppose, F uh,  D well,  D you know,   they had a group who were construction oriented  /",request
How do you dress? /,question
"[ sh-, + ] let's say  /",request
"D Well,  listen, [ they've, + F uh,  they've ]  had this one,  /",request
"[ C and,  +",statement
Uh-huh. /,general
"I have,  my husband and myself and we have two sons who are drivers --",statement
"[ C an,  + C and  ] if they go to their friends dealing drugs, they're going to be in even worse shape. /",statement
"F Oh,  F um,  what do you do,  /",question
Okay. /,general
Right. /,general
"C and  you microwave it on high for seven minutes,  /",request
C But  then heat them thoroughly in the sauce itself  /,request
you want to start? /,request
D so  we've got to talk about music. /,request
C so  <laughter>.  Where did you get your recipe for it? /,question
"<Lipsmack>  C And,  now I'll let you say something <laughter>. /",request
C and  I know people that have done that. - /,statement
C but  then finally people started getting the message. /,statement
"C and,  D you know,  she's only seven years old,  /",statement
"-- [ [ the, + the ] social, + the other social ] problems [ wouldn't, + wouldn't ] go away. /",statement
Yeah. /,general
"[ [ I, + I think, ] + I think ] all around [ it, + it's ] going to help out a lot. /",statement
Sure.  /,general
Yeah. /,general
Uh-huh <throat_clearing>. /,general
Uh-huh. /,general
it's a crystal. /,statement
"F Oh,  okay <laughter>.  /",general
"D Well,  tell me about your van.  /",request
"F Uh,  do you ever watch that? /",question
"Sure,  /",general
Yeah. /,general
See you next time.  /,general
What about politics on it? /,question
Could you hang on one minute Jim? /,request
Go ahead.  /,request
C but  I don't really like the Pirates.  /,statement
"F Oh,  you will have to go on one. /",request
<Laughter> You watch T V or something while you do it? /,question
"F Um,  C and  I think that all that information is quite easy for anyone to get.  /",statement
would be a definite deterrent  /,statement
"D You know,  [ you can, + you can  ] look through  [ a, + a  ] Chilton's book or something D like  and get an idea of how to go about it.  /",statement
Yeah. /,general
Yeah. /,general
"F Oh,  okay.  /",general
"F Oh,  don't say that. /",request
"D So,   tell me the last time you went for a boat ride. /",request
Uh-huh. /,general
"C So,  I do know something <laughter> about that. /",statement
"<Noise> <<sounds like child's record>> Hi,  /",general
You really should go at least once.  /,request
C But  you need to rent the first one first. /,request
C and   they'll be having snow <throat_clearing>. /,statement
hold on <<Put on hold>>. /,request
What's that? /,question
Oh. /,general
"E I mean,  D you know,  if you go to, - /",statement
[ invite + invite ] the boss over,request
"F uh,  you want to start by telling me what camping is to you.  /",request
Are you in Texas? /,question
What's your favorite thing to cook if you're having a dinner party? /,question
"Then you remove it,  /",request
"[ [ [ I'm + F uh,  I, ] + I work for, ] + I'm ] an electronic technician.  /",statement
"F uh,   my wife [ enj-, + she likes ] the suspense movies.  /",statement
"Oh, yeah. /",general
"it's  burned so completely, that you don't have any, F uh,  nitrous oxides, F uh,  or oxides of  nitrogen, F uh,  to, F uh,  form --",statement
How old were they when you adopted? /,question
pretty good people <sniffing>. -/,statement
Uh-huh <laughter>. /,general
"D Well,  a lot of the  European countries, F uh,  they tend to sensor, - /",statement
"I got one at work that I bought for one of the guys there at work,  /",statement
"[ [ C And,  +  C and,  ] +  F uh,",statement
"D Well,  didn't he just sign a twelve year contract with the Rangers? /",question
Huh.   /,general
"Yeah,  /",general
how many bedrooms is it? /,question
"C so  are only the same two caucuses, certainly not going to win, why bother voting for him.  /",question
"F Uh,  it's kind of,",statement
Yeah. /,general
"-- C but  people that I have known that  have done that, like from other countries, especially,",statement
Huh-uh. /,general
"It was bad,  /",statement
Uh-huh. /,general
Yeah  /,general
"-- throw the lids and everything out,  /",request
"F uh,  what do you think you would offer as far as, F uh,  information about selecting a school? /",question
be sure to watch it tomorrow night --,request
"C And  you cook it for another three minutes on high, D you know,",request
"D you know,  having [ a, + a ] lot of difficulty, F uh,  surviving, F uh,  the question is [ would they, + D you know,  would they ] be better off under communism. /",question
Do you have a lot of shade trees  around your house  /,question
"Do you, F uh,  stay overnight on the way,  /",question
Yeah. /,general
you need to try em  /,request
You really should go to Europe.  /,request
what kind of birds do you have? /,question
"Then you remove it,  /",request
drop in at times that are unexpected. /,request
She says in fact you get more. /,statement
go ahead. /,request
"<throat_clearing> [ if + if ] you wanted to, F uh,  F uh,  really get into a hot issue, F uh  - /",request
"I think, F uh,  the major problems in education are not what's happening in the schools,  /",statement
and let all the normal people go -- /,request
"C and  yet those people have, F uh,  such, F uh,  a happy,",statement
"[ C and,  + C and  ] I'm at the age, too, where the, - /",statement
"you're kind,",question
C So  you used the metric? /,question
"Like I said, he didn't know what he was doing. /",statement
Yeah.  /,general
Uh-huh. /,general
"C and  [ they're, +   they're ] relatively small.  /",statement
Right. /,general
"C And,   [ [ [ I, + I, ] + I, ] + I ] think  it's better for everybody if we had better schools. /",statement
"D Now  [ it's, +  F um,  is it ] very wooded around  where you are,  /",question
Yeah. /,general
C and  he went on a fairly strict diet to try to get it down.  And did!  /,statement
"[ We've, + I haven't ] been much to the south,  /",statement
"D well,  I'll let you go.  /",request
Yeah. /,general
"C and  it chased them under an underpass,  /",statement
I'm a graduate student  /,statement
go ahead. /,request
C but  Russia has never been known for throwing an atomic bomb anywhere. /,statement
Uh-huh. /,general
"Yeah,  /",general
<Smack>  C So  I don't know what they are going to do. /,statement
C And  about how much are they? /,question
You're just supposed to -- -/,statement
Right. /,general
"C and  we don't want to  (( smush ))  their creativity, D you know.   /",statement
Could I ask you to hold one minute? /,request
"for some reason, because of the cold, F uh,  ocean, F uh,  water, the air is always cool.  /",statement
"whereas before that never would have happened <laughter>, /",statement
C or  did he just do it? /,question
"F Oh,  okay. /",general
"C But  [ use, + use ] good, F uh,  stuff and buy it at a paint store where they have the right brands,",request
C or  make everything diet. /,request
"he had on two different  shoes, one of which was not even his.  /",statement
"-- F Oh,  is it Campari's or something? /",question
"[ C but,  + C but  ] who knows how it's supposed to all end <laughter>. /",question
"F Um,  do you work in private corporation or  government? /",question
I see.  /,general
I see. /,general
"Right,  /",general
<Laughter>  Somebody take care of me. /,request
"C And  [ that was, + F uh,  that was ] pretty good  /",statement
Go ahead. /,request
"D Well,  is that a necessary feature to have somebody, D you know,  at the other end of the line  /",question
"every four years on one side of my family they plan on having, F uh,  D like  my [ p-, + grandparents ] and all their brothers and sisters and then all their kids and grandkids. /",statement
"[ Is that, + is child ] care or that type of idea completely foreign to them? /",question
Uh-huh <laughter>. /,general
Uh-huh. /,general
"Yeah,  /",general
"pick out where you want to live,  /",request
"[ [ Were, + were ] they +  in any of the areas where they, ]",question
Uh-huh. /,general
"D You know,  we just think, D well,  the next time has got to be better <laughter>. /",statement
"I'll go ahead and start recording that, /",request
<<Very faint>>  Yeah. /,general
"D well,  I was used to using  my credit card, D like  at Skaggs Alpha Beta in Dallas, and stuff -- /",statement
Yeah. /,general
C but  --,statement
Do you? /,question
Did that help you? /,question
"D You know,  if they're overcrowded, just keep cramming them in there till they just suffocate.  F Uh,  /",request
Yeah.  /,general
"-- you lose, - /",statement
Uh-huh. /,general
"C but  even in, F um,  litigation which is doing lawsuits, is a lot  of times that you never get to the courtroom itself  /",statement
Got to see Pike's Peak. /,request
"D Well,  maybe you can, F uh,  make that  one charming [ and, + and ] make a little bit money, F uh,  /",request
-- C or  is it just a general switch over? /,question
"Go ahead,  /",request
"F Uh,  nowadays it's not the case,  /",statement
"[ how, +  how ] does, F uh,  University of New Hampshire handle it? /",question
you want to start? /,request
"C And,  F uh,  it's also a retreading plant,  /",statement
"[ C and,  + C and  ] [ wh-, + the ] relationship between the family [ is, + is ] really [ now, +",statement
right. /,general
Yeah. /,general
"I think the other kind of changes like job changes and those kinds of things, E I mean,  I think it's great to even have three or four different careers --",statement
"D Well,  don't bother <laughter>. /",request
Yeah. /,general
Right.  /,general
Uh-huh. /,general
Uh-huh. /,general
"Yeah,  /",general
Uh-huh. /,general
"yeah,  /",general
Do you work for Texas Instruments? /,question
"[ C and,  +  C and,  ]  F uh,  D you know,  [ we also, + come winter time we'd ] stick them on sleds.  /",statement
Tell me your name again. /,request
Right.  /,general
Go ahead. /,request
You into mainframes? /,question
"F Oh,  D well  I'll let you go if you want  to go ahead and take that, /",request
"What do you teach, what grade? /",question
"D So,  F uh,  describe your family budget. /",request
C and  it's just really hard  /,statement
C And  we thought that was important instead of getting <laughter> swallowed up in something that  D you know.  -/,statement
"[ C and,   C and  ] [ I've, + I ] went to T I just right at the time that, F uh,  my marriage was ending.  /",statement
How much was the alternator? /,question
Shoot them. /,request
what kind of roof does your house have?  /,question
C And  you let it come to a boil again  /,request
I see. /,general
"F Oh,  on one hand I see that  /",statement
Yeah. /,general
"C But  [ you do have to have it, +  D you know,  you do have to have it ] hot when you cook it.  E I mean,",request
Yes. /,general
drop in at times that are unexpected. /,request
"F Uh,  [ C and,  + F uh,  C and,  ] D you know,  about half the time [ they seem to, + the A P D seems to  ] recover them, D you know  --",statement
"D Well,  try it  /",request
"buy a fresh filet of fish, a nice one at [ the fish mar-, + the fish counter. ] /",request
"C and  [ I wonder, +  I really do wonder ] how people do that. /",statement
Uh-huh /,general
"Yeah,  /",general
Uh-huh. /,general
you can talk.  /,request
"What is that, F uh,  one that is on T V?  /",question
You  mean  --,question
Very <beep> definitely. /,request
Uh-huh. /,general
Right. /,general
Uh-huh.  /,general
C or  do you keep  children for other people?  /,question
"[ Wha-, + what ] do you think of that new luxury  car tax, anything over ten [ thou-, +  or thirty thousand ] dollars? /",question
"F Oh,  are you really? /",question
"yeah,  /",general
"Security number,  /",general
Do you  --,question
<Laughter> Yeah.  /,general
"<Laughter>  F Uh,  what kind of books  do you enjoy reading? /",question
Uh-huh. /,general
Uh-huh. /,general
"[ It, + when ] I came on it was great because I had never had anything even close to [ what, + what ] they offered.  /",statement
C or  did you  have to do it the same every week? /,question
I don't know what the answer is.  /,statement
C And  in addition to that I tinker around with it.  /,statement
Yeah. /,general
Yeah. /,general
"C so  if you could get your projects into boutiques, F oh,  they are wonderful. /",statement
Do you think that that these insurance things  should be covered on a State basis or U S government basis? /,question
go ahead. /,request
"Liberal politically,  /",statement
"F Oh,  and, F uh,  WHAT ABOUT BOB? /",statement
Let's hear about your hobbies. /,request
WONDER YEARS? /,question
what's it called?  /,question
Yeah. /,general
"C and  in the position he's in, they don't care if I go along. /",statement
"F Uh,  go ahead,  /",request
C So  how is that? /,question
You've been to the city? /,question
"D Well,  what's your favorite baseball team, Rita? /",question
"[ What are, +  are ] you settled in a place? /",question
"[ We have, +  we  (( could ))  have ]  credit cards running down our ears. /",statement
"On the grill, we'll take the back strap and soak it in Italian dressing for a couple of hours --",statement
"E Excuse me,  go ahead <laughter>. /",request
"F Oh,  yes.  /",general
"D Well,  Stephanie, what's your position on gun control? /",question
"F uh,  back to the topic, /",request
"D So  did they scratch [ those, + F uh,  that ] Star Wars deal, D you know,  they one we was all worried about -- <+ the ""they"" in this sentence should probably be a ""the""+>",question
"D Well,  you'll just have to plan a vacation some time --",request
"[ what is it, + what's ] the policy now with treason?  /",question
C But  usually if we're with a group of people  (( we ))   really don't stay any one place very long. /,statement
C and  you never really --,statement
"F Oh,  don't made any excuses for him <laughter>. /",request
"F Uh,  a lot of times the foods, - /",statement
I think there's a lot of waste  /,statement
It's not quite that hot.  /,statement
"E I mean,  [ you look, +  you look ]  at the number of marriages that are occurring right [ ou-, + ] E I mean,  even in high school,  /",request
Give me some wonderful advice Catherine.  /,request
"[ [ Do you, + F uh,  do, ] + does it, ] F uh,  need a lot of repairs?  /",question
Yeah.  /,general
"[ and, + and ] saw it and  stopped in and asked,",statement
"[ Talk, + talk ] your husband into taking you there some night. /",request
"Uh-huh,  /",general
They got the forms in personnel  /,request
"[ Tell me, + tell me ] where you're calling from. /",request
"C And  [ you need to look at, when you, + if you do decide to go with child care, you really need [ to, + to ] ] look at what your options are [ and, +  and ] look at [ the, + what they ] offer,  /",request
Bye-bye. /,general
Okay. /,general
"I think once  we get into a place, it will be just fine,  /",statement
"[ That's an int-, + D you know,  that's interesting. ]  /",statement
"D So,  do [ you, + your ] privacy being invaded at any time? /",question
D So.   Have you heard about Saturns? /,question
is that not true? /,question
"Because if you, F uh,  use drop cloths to cover everything and you use masking tape to trim out, F uh,  all the parts that you don't want to slop over onto,  you don't have to be quite as precise about how you do it  /",request
just rinse them out a little bit  /,request
"I talked to one woman,  /",statement
"Like I said, we are probably as far as you can get from the Seven Eleven and still be in Texas. /",statement
"it was almost like [ a, + a ] pre-AIDS scare kind of thing. /",statement
"-- don't go out there and start digging holes, F uh,  /",request
"D Well,  you look at places like Turkey.  /",request
You don't get  any newspapers? /,question
you said. /,statement
"F Uh,  /",general
Were you there at a? -/,question
C and then  you put wine over it. /,statement
Because it's treated as a disease.  /,statement
we really need the moisture.  /,statement
C but  I should get paid at least double what my husband makes <laughter> working in an office for staying home -- /,statement
Go ahead. /,request
"<<Sound fading>> [ You, + F uh,  you ] take clams, /",request
You have got to drive careful. /,request
"-- C and  there was some heavy tornados, F uh,  I guess in Kansas,  /",statement
"Okay,  /",general
uh-huh. /,general
"D Well,  how about you.  /",question
"even having read the book,  and I've read that book probably three times,",statement
Do you get hit up for local taxes there? /,question
"C but  [  there's, +  D you know,  there's ] a lot to see here -- /",statement
Is that what you do? /,question
Yeah. /,general
<Laughter> D So  what about yours? /,question
Right. /,general
go ahead. /,request
is the one year old a boy? /,question
"C and  F uh,  D you know  make my annual pilgrimage to the Lone Star Brewery,  /",request
Can you think of anything else that's happened recently? /,question
Yeah  /,general
"it's just the coming thing,  /",statement
"[ [ the-, + they should be able, ] + they should be able ] to judge their benefits on how happy their employees are  /",statement
"C but  since I've started back into school now, I haven't really done that much.  /",statement
Yeah. /,general
"We were not responsible, /",statement
Uh-huh. /,general
"C And,  F uh,  you put that in  /",request
"<Laughter> C And  [ would you, + F uh,  would it ] be appropriate to, F uh,  drink [ with the, + ] F uh,  [ prior, + ] when you have the hors d'oeuvres? /",question
"Did they have an outside consultant, like [ a, + <breathing>  the  ] employ-, -/",question
hold on <<Put on hold>>. /,request
"C But,   F uh,  I think we do get quite a good value for the tax dollars we spend in most cases.  /",statement
"C But,   I guess just the most significant thing changed for me, again, as I mentioned, was just in traveling,  /",statement
Do you do a lot of fishing?  /,question
why don't you go first. /,request
"[ C And,  + C and  ] you know what? /",question
"F Oh,  uh-huh. /",general
Right. /,general
Refresh my memory. /,request
Right. /,general
Yeah.  /,general
Uh-huh. /,general
Yeah. /,general
Do they go to a day-care center  /,question
Go ahead.  /,request
"C So,  tell me about your home. /",request
Right.  /,general
"<Inhaling> When they were, D like  in junior high and high school,",question
"Yeah,  /",general
Gene <breathing>.  /,statement
"Where are you, Bob? /",question
"they're not as efficient,  /",statement
every state's got one. /,statement
"F Oh,   why is that? /",question
You first. /,request
-- C and  that's why the budget is never balanced. /,statement
"What do you do with all these troops that have been taken care of by, F uh,  Bulgaria [ and, +",question
she got the treatments  /,statement
"D Well,  let's talk about air pollution. /",request
"C And  maybe there aren't, D you know,  <laughter>.  /",statement
"Now, you can C either  use, D you know,  the kind  that comes in the little can  /",request
"[ [  I, + I, ] + I ] have no feelings that they would ever start a war with us because to them [ it would totally elat-, + D you know,  it would totally ] destroy their whole country because our technology is far advanced from what theirs is at this current time. /",statement
do you think we're paying too much? /,question
Do you like reading as a hobby? /,question
C And  you make sure that you keep up with them for the next time. /,request
"D You know,  the breakfasts [ and, +",statement
"[ It was, + it was ] something really outrageous. /",statement
Hang on a minute. /,request
Is that right? /,question
Tell me what books you read. /,request
"C but  did you see the map they drew up [ on, + F uh,  on ] how they were going to divide up the districts? /",question
Do I consider them a threat?  /,question
"D Well,",statement
Uh-huh. /,general
Yeah. /,general
D Well  let,request
C and  I'm excited about it.  /,statement
Did you kill --,question
"C and,  hold on a second.  /",request
do you watch SATURDAY NIGHT LIVE at all? /,question
"-- if it's not comfortable, forget it. /",statement
Do you do needlepoint also and cross stitching? /,question
Uh-huh. /,general
"out of, which direction? /",question
they just had this jewelry account.  /,statement
"Okay,  /",general
"F Uh,  right,  /",general
<Talking> <noise> Your turn. /,request
"wait,  /",request
C so  you enjoy camping? /,question
What kind of work do you do? /,question
"C And,  F uh,  they expect us to, D you know,  [ have, + create ] miracles at school and fix all the problems and take over the roles of the parents as well as that of the teachers -- /",statement
You know all that junk mail you get? /,question
"<breathing> D Like  [ if, + like my age, if ]  there was a bunch of college kids  coming over for a dinner party,  no, [ I, + they ] would shell their own, /",statement
C and  you will prize that possession.,statement
C And  this person's teaching my children? /,question
All right.   /,general
"[ Long, + ((   ))  long ] term though,  do you think it would best to see a one world, D you know,  - /",question
you do all of this in fifteen minutes? /,question
"Uh-huh,  /",general
"D Well,  I think they waste what we pay. /",statement
Uh-huh. /,general
"C But,  F uh,  do you ever watch CHEERS? /",question
Uh-huh. /,general
"[ C or  + <laughter>,",question
C so  I don't have to worry about child care too much anymore.  /,statement
"If you had, F uh,  no financial requirements, if you could buy any car in the entire world, no matter what it cost, what would you buy? /",question
E I mean  everything's  on the west side.  /,statement
Yeah. /,general
Right. /,general
"[ [ It, +  it   would  de-, ] + it would be  ] being done for the, F uh,  glitz and show factor --",statement
"E I mean,  were they glad? /",question
"We've budgeted the money  that [ we used to spend, +  we were spending ] on a (( CODA ))  account with T I and then money we were also  buying stock with for that year,  /",statement
"D like,   F uh,  it's a big place,  /",statement
Is that what you usually cook when you have a party. /,question
"I think, F uh,  individually, F uh,  just by the vast number of people   there are, [ there's + ] I think cars are also a major contributor to it. /",statement
do you have a budget you live by? /,question
D you know  [ how can  + --,question
Uh-huh. /,general
Yeah. /,general
Huh-uh. /,general
"C And  I think it wouldn't hurt them to step back from themselves just slightly and see things from a [ m-, +  far more ] disadvantaged viewpoint. /",statement
"F Oh,  D so  are they going to, F uh,  begin spontaneous, F uh,  drug testing? /",question
Is he excited? /,question
That's where I'm originally from. /,statement
D so  we've got to talk about music. /,request
-- yeah.  /,general
Texas? /,question
"right,  /",general
"You go ahead first, if you'd like. /",request
Uh-huh.   /,general
"[ What do you, + what do you ] think is causing all this, /",question
Uh-huh. /,general
Could you hang on one minute Jim? /,request
"C and,  F uh,  keep your mind off of negative things. /",request
Yeah.  /,general
Bye-bye.  /,general
put them to work --,request
Uh-huh. /,general
"go ahead,  /",request
[ invite + invite ] the boss over,request
Uh-huh. /,general
just a second. /,request
"C and,   F uh  --",statement
Uh-huh.  /,general
Uh-huh. /,general
Yeah. /,general
How much  did it cost you for the paint for the outside? /,question
C And  you're more receptive. /,statement
What brought you down here? /,question
Oh. /,general
Because of the ice? /,question
"[ C or   wasn't, +  C or  was ] that Reagan.  /",question
Okay. /,request
I've been fortunate.  /,statement
C and then  he just didn't learn the right way? /,question
"[ C or,  + C or  ] maybe just exercise at home.  /",request
"[ Would that, +  would it ] have been too much of a price to pay for that?  /",question
"D Well,  tell me this, F uh,  Lowell,  /",request
"C And,  F um,  T I, where I work has, F uh,  a fitness center  /",statement
Thank you.  /,general
Seems like a nice place to go <laughter>. /,statement
"E I mean  look at, D you know,  the leader they had.  /",request
All right. /,general
C and  you just keep beating it in.  /,request
<laughter>.  It happens that way <laughter>. /,statement
"C So,  F uh,  if you're near that  age <laughter> or you know somebody who is --",request
Imagine the guilt that person would have.  /,request
"C But,  F uh,  D you know,  find out when they are holding <<pause>> the petroleum fair, F uh,  /",request
C And  where is that? /,question
put them to work --,request
"F Um,  [ how, + how ] old is your child? /",question
"F Um,  you look at your paycheck  /",statement
"Yeah,  /",general
Uh-huh.  /,general
I have friends that pay about nine hundred dollars for a town house --,statement
"C and then  she's almost had an impact on me, F uh,  where she doesn't say anything to  me when she comes </noise> to my house C but  I can kind of tell it bothers her C so,",statement
"F Oh,  D well,  that's the kind of thing that they will remember, though. /",statement
"That a little town [ or, + or  ] a bigger city? /",question
"C but  I'm from Plano, Texas. /",statement
C And so  I think that we're going to try that. /,statement
"D So,  tell me ab-, -/",request
Yeah. /,general
Oh. /,general
"I'm always hungry after a French meal, F uh.  /",statement
"D no,  you tell me how you feel about, -/",request
"[ C And  that's, + C and  that's ] another interesting question.  /",statement
What  do you think's wrong to cause  that?  /,question
You can go back to work now. /,request
"Mine's broke at the moment,  /",statement
"Use about half the sugar,  /",request
C So  --,general
Then I went back to work. /,statement
It's been fun. /,statement
"I guess it is time to close now, so  I can run go help put the kids to bed. /",request
"any thing on [ a loan +  E or,",statement
"-- you know, give them a fine, whatever,  /",request
"believe me,  /",request
"F uh,  back to the topic, /",request
"F Oh,  F uh,  where is that at? /",question
Uh-huh. /,general
"D Well,  how many credit cards do you have? /",question
"What, F uh,  department do you work in? /",question
Right. /,general
why don't you tell me about yours. /,request
"one of her acquaintances, one of her old friends, I guess, had been in town  /",statement
"[ What, + [ how do you, + what do you think? ] ] /",question
"Evidently, F uh,  [ that's, + that's ] a big problem. /",statement
"C But  I [ had, + F uh,  had ] a Ford Escort that absolutely needed  (( taps ))  the day we got it. /",statement
Uh-huh. /,general
"I've never had a Jap-, -/",statement
"D Well,  don't give  too much credit to the American public for their motivational  ability  . /",request
"Do you go D like  home cooking, like Black-Eyed Pea and that kind of thing or --",question
"C or  do you have powered, D you know,  [ a, + ]  -/",question
D So  what's a guy to do?,question
"-- [ we, + F uh,  <laughter> we ] would, F um,  <laughter> clear out our basement,  /",statement
"D you know,  <laughter> saw it on T V. /",statement
Get some books of whether it be Pennsylvania or Virginia --,request
-- ever done that? /,question
"F Uh,  William Shatner wrote it. /",statement
"What will you, -/",question
"C And  [ you need to look at, when you, + if you do decide to go with child care, you really need [ to, + to ] ] look at what your options are [ and, +  and ] look at [ the, + what they ] offer,  /",request
was a Taurus. - /,statement
"F Oh,  okay.  /",general
"Well, what else can we d-, uh, talk about,  /",question
You look at another kind of society like the Japanese.  /,request
"D Well,  they come on,  /",general
"D You know,  it's like what can you do  with that, that you can't do in a self protection situation with like a seven or a twenty shot twelve. /",question
"F Oh,  I see. /",general
"F uh,   what do you think was different ten years ago from now? /",question
"F Oh,  D well,",request
Let's just hope we don't get to that point <laughter>. /,request
D Well  you have a good night. /,general
F Oh.  You ought to try some crawfish.  /,request
"[ [ you, + you,  ] + if you  ] like  sports go right ahead with this one. /",request
C but  they have to keep going and going and going.,statement
"what  [ about, + D you know,  about  ] being unanimous.  /",question
"[ Cu-, +  couldn't ] you send us some nice weather? /",question
"-- F uh,  you name it,  /",request
"D Well,  you haven't told me, F uh,  what sports that you are active in. /",request
go ahead. /,request
"Have you ever, - /",question
"Yes,  /",general
Uh-huh.  /,general
How about you? /,question
Just a second.   /,request
That's right. /,statement
Uh-huh. /,general
"[ Do you, + do you ] listen to Gary Cogill? /",question
"the market was so good,  /",statement
"Yeah,  /",general
hold on. /,request
Yeah. /,general
go ahead. /,request
yeah. /,general
Oh. /,general
<Laughter> Don't ask me. /,request
"is it a PAC ten school, D you know.  /",question
That much of a difference? /,question
Right. /,general
"-- C and,   F uh,  the churches always have I think, [ a, + a ] pretty good program,  /",statement
"I am married to a wonderful man,",statement
Yeah. /,general
"it's just one big P R campaign that, - /",statement
Go ahead. /,request
Right. /,general
Yeah.  /,general
"-- C but  [ it was, + I was, ] just found  myself not ever getting around to reading it. /",statement
"maybe someday  when I feel really ambitious and [ an-, + get angry ] I'll start poking holes up  there, but until that time <laughter>.  /",statement
Right. /,general
"it was a change, D you know,  from your traditional, normal, D you know,  stuff,   [ and + ] since it was Christmas time [ and, +   and, ] F uh,  we had the church decorated  with Christmas hollies and poinsettias and, D you know,  stuff like that  /",statement
"[ Talk, + talk ] your husband into taking you there some night. /",request
"Yeah,  /",general
Yeah. /,general
Do they charge a lot of interest on that card? /,question
Yeah. /,general
"Don't ever drink Scotch,  /",request
"F Oh,  is she still there? /",question
Now tell me what you expect from the Mavericks this year. /,request
Wait.  /,request
"C And, so  now [ [ we, + we, ] + we ] branch out at this Wendy's or <laughter> some other fast food joint. /",statement
Uh-huh. /,general
You can go back to work now. /,request
"Is it on, F uh,  one of the lakes? /",question
"D well,  [ maybe, + maybe ] your husband could tape it for you sometime. /",request
"F Oh,  [ [ did, + D well,  did, ] + does ] your wife ever make, F uh,  [ bake in + a hot bacon ]  dressing, D like  for,",question
"-- C and  I [ ski, + ski, ]  /",statement
D Now  why would you go to a seafood restaurant <laughter> to eat chicken? /,question
How big a city is Rome?  /,question
"Have you gone, D like  to Fillmont with the Boy Scouts? /",question
"C and  you beat this cornstarch right into [ the mil-, +  the milk, ] D you know,   /",request
keep going. /,request
just a second. /,request
go ahead. /,request
"F Uh,  D well,  D see,   I went there when I was in high school, actually -- /",statement
You really should go at least once.  /,request
is he still around? /,question
C so  let's make it a good one. /,request
"D So,  you're at Baylor? /",question
"Yeah,  /",general
"wait a second, <child_talking>  /",request
Uh-huh. /,general
Just think of the money they could save.  /,request
"<Laughter> Yeah,  /",general
"I also being involved in the school system see so many of the problem children coming from their parents, F um,   children who will lie and cheat  /",statement
"when I was putting shop floor computers together for guys, I'd go and get their units and put them together and go and interface the stuff with our systems. /",statement
"C or  do you, -/",question
"Yeah,  /",general
<swallowing> I really liked the little girl and everything  /,statement
why don't you go ahead first and tell what kind of car you'd look for in your next. /,request
"have you done, F uh,  any other boating then  /",question
Uh-huh. /,general
D Well  you shouldn't do that. /,request
"doesn't the jury decide on the death penalty rather [ than, + than ]  the judge?  /",question
"Because I remember even when I was growing up, - /",statement
Uh-huh. /,general
"D Well,  it might be a good time for you [ [ to be-, + to, ] + to start ] a tradition. /",request
C and  who's the other big guy? /,question
"Right,  /",general
yeah. /,general
we don't like that either <laughter>. /,statement
Uh-huh. /,general
I really love it. /,statement
"C and  one night, couple weeks ago, it was just happened that we were exhausted  /",statement
Tell me. /,request
"Because if you, F uh,  use drop cloths to cover everything and you use masking tape to trim out, F uh,  all the parts that you don't want to slop over onto,  you don't have to be quite as precise about how you do it  /",request
Yeah. /,general
"[ C or,  + C or  ] maybe just exercise at home.  /",request
"C and,   as far as country music is, I've never really, F uh,  listened to it.  /",statement
You get tired of them? /,question
Give me the money  /,request
Uh-huh. /,general
"[ only, + only ] five? /",question
C so  you should think about doing something like  that. /,request
Wouldn't it have been wonderful if we could have freed the country. /,question
"Impart me some wisdom, Catherine <laughter>. /",request
"[ Do you, + F uh,  <noise> are you ] musical, F uh,   /",question
Do you have  recycling in Sachse? /,question
Sure. /,general
"Then you can just sort of have pictures  to go along with it or  something, because D really,  I've thought lately,  there's nothing new in the TIME MAGAZINE. /",statement
"Do you, - /",question
"E I mean,  D you know,  what about the rights,",question
go ahead. /,request
"Now [ l-, + let ] me ask you this.  /",request
Yeah. /,general
-- we just recently moved from Minnesota to Wisconsin. /,statement
Uh-huh. <laughter>  /,general
Did the framing and all? /,question
Bye-bye. /,general
"Yeah,  /",general
They had the Disney - /,statement
It is the only way that you can use television effectively. /,statement
"C And,  how about the Rolling Stones? /",question
Uh-huh. /,general
"<<pause>> [ The other, + the other ] thing that  makes it, F uh,  a little more difficult, we've got all hardwood floors,  /",statement
Yeah. /,general
Uh-huh. /,general
"Okay,  /",general
"D you  know,   I've seen a definite trend, D you know,  towards more recycling,",statement
"When do ))  you, - /",question
What about like those grocery bags? /,question
"You do,  in your home? /",question
You know what I  mean?  /,question
"[ I, + I ] didn't go, /",statement
It had to be spent.  /,statement
And have you had experience with cars other than the ones you have? /,question
"D Well,  [ it's, +  it's ]  nice talking to you.  /",general
"D Well,  you got any more? /",question
"C but  then when, once it finally affects you  [ then, + then ] it really starts to bother you. /",statement
Uh-huh. /,general
"yeah,  /",general
"what do you think are some current  trends in, F uh,  the way families spend time together, based on what you've seen. /",question
"F Uh,  what do you think? /",question
C And  what does the foliage look like?  /,question
"That just turned ten years old,  /",statement
C so  didn't get any choices at all? /,question
"go ahead, - /",request
"Hills, or what? /",question
do you have a P C? /,question
C and then  you let it  simmer  /,request
There's several guys from our church try to go up there. /,statement
C So  go ahead and say <laughter>.  /,request
C And  he got huge down there. /,statement
Are there m- 'n - /,question
Uh-huh. /,general
"F Oh,  okay. /",general
It's all independent and choices. /,statement
What about you? /,question
what are your favorite things to watch? /,question
I'll let you go first. /,request
"What, F uh,  go ahead and tell me about your home <laughter>. /",request
C and  you put it on a really low heat. /,request
"Uh-huh,  /",general
Uh-huh. /,general
"It is overcrowded because there's so much [ drug, + F uh,  problem with the people on drugs ]  /",statement
C or  are you retired  /,question
Uh-huh. /,general
Yeah. /,general
Yeah. /,general
((Though))  <laughter>  --,statement
Uh-huh.  /,general
C And then  you serve it with melted butter.  /,request
"F Um,  right now my actual job is a news reporter.  /",statement
C or  do you keep it? /,question
"[ [ How'd, + how did  ] they,  + how do they ] pick their people? /",question
"F Uh,",request
When you're in the water? /,question
"D Well  I spent three years in Germany,  /",statement
"Yeah,  /",general
I guess we shouldn't get into that  /,request
F Um.  /,general
"D So,  [ wha-, +  what ] do you have? /",question
C Because  I have one that I don't have a pin number for.  /,statement
Was it? /,question
go ahead. /,request
"scratch that,  /",request
Have you been there? /,question
"-- D you know,  you are going to find out for yourself,  /",statement
C or  --,statement
"F Oh,  do you like those detective stories?  /",question
"Are you guys,",question
C So  what are some good things in Texas to go visit? /,question
"we'll talk for five minutes,  /",request
C and  I'm passing it on to my children.  /,statement
"Have you ever, F uh,  organized a family reunion? /",question
Laurie? /,question
what's his name? /,question
"Is it like, F uh,  - /",question
"C But  usually, when I go into the hot  tub before I go swimming, or when I come out, I'm totally relaxed when I go home.  /",statement
"D Well,  you look at places like Turkey.  /",request
C So  tell me your feelings on recycling.  /,request
"F Oh,  don't made any excuses for him <laughter>. /",request
What next? /,question
C and  I make it. /,statement
"C And,   F uh,  I'm not sure that anything will because [ these, + if something could happen to make these ] people not want to buy it -- -/",statement
C So  what movies have you seen? /,question
"If you want to go first, go ahead. /",request
[ C so.  +,request
"C And,   F um,  this was a nice, sweet, young man who, teenager, D you know,  - /",statement
Uh-huh. /,general
"Jean, it's been awful nice talking to you. /",general
"[ Who, + who ] was in that. /",question
"-- D now  [ what is your, + what's your ] child's favorite place to eat? /",question
"C so,  D like,  D you know,  the regular television shows [ that are, + that are ] very popular, do they start at,",question
"C But anyway,  what do you think we've gained from the spaceflights? /",question
Ooh. /,general
C and then  you take it out of the  fat  /,request
Uh-huh. /,general
C And  many of my peers were being drafted. /,statement
"D Well,  you have got to get one of those ladders. /",request
same to you. /,general
"C and  who knows still,  what [ ha-, + really happened, ]  D you know.  /",question
"D Well,  then he should come to U T. /",statement
Excuse me. /,request
"E I mean  [ Louisi-, + Louisiana ] for a small state [ w-, + ] it was amazing  /",statement
Yeah. /,general
"Yeah,  /",general
<breathing> The meatballs [ you just + ] F um   after you form them fry them in a pan until,request
You probably don't want to take them to see  SILENCE OF THE LAMBS.  /,request
"I was just wondering, were you in SAC by any chance? </noise>. /",question
-- C or  do some of them play the same song? /,question
"D Well,  how to you handle that, the long range or medium range planning on finances? /",question
Right.  /,general
Uh-huh. /,general
Just let him enjoy himself <laughter>.  /,request
"Yeah,  /",general
You would have had a ball. /,statement
They want it to come to them  [ but + and ] be there  /,statement
Yeah.  /,general
"F Oh,  just this year? /",question
"pick out where you want to live,  /",request
"[ Whenever, +  the first time ] I voted, I never voted in high school because there was never anyone that showed us how to  use the  --",statement
"Right,  /",general
"F Oh,  yeah. /",general
"it [ see-, + seems ] like  [ it's, + it's ] a kind of a Catch Twenty-two.  /",statement
"Go in the early hours,  /",request
Uh-huh. /,general
"D You know,  where you should try,",request
Uh-huh. /,general
When did you first come to Texas?  <Dishes>. /,question
"[ I, + I ] think, that, [ that, + that's ]  a terrible thi-, D you know,  - /",statement
Right. /,general
Yeah. /,general
That what my sister did. /,statement
"we [ live, + also live ]  in the city now, D actually  in Manhattan. /",statement
"[ Is, +  F uh,  because you live in Austin, is ] she thinking about the University of Texas? /",question
Yeah  /,general
Where are you from Tina? /,question
do they put two or  three week breaks between? /,question
C so  let's make it a good one. /,request
"D well,  [ maybe, + maybe ] your husband could tape it for you sometime. /",request
"did you hap-, -- -/",question
"Take your glass, F um,  D you know,  pickle jars, [ or, +  or ] whatever, F uh,   liquid jars, D you know,   /",request
"C so,  F uh,  the Saint Louis Cardinals are one, F uh,   /",statement
Tell me what books you read. /,request
C So  where have you been? /,question
"Go out to the nursing home,  help guide some craft programs, perhaps, work on some <sigh> music programs,   whatever their talents are.",request
"We've got so many when he was a puppy <breathing> <laughter>, /",statement
Uh-huh. /,general
"you shouldn't be talking about this [ right before, + ] while you're fixing dinner. /",request
Okay <laughter>. /,general
C and  if he can't produce evidence --,statement
"[ [ I, + I, ] + I ] just read some things  recently where, F um,  <swallowing> F uh,  [ colleges now, + F uh,  graduate programs ] in general  [ now train, + ] basically, they're fifty per cent foreign <lipsmack>.   F Uh,   /",statement
"C But,   F uh,  D well  [ don't, + don't ]  you all have a pretty high crime rate up there? /",question
"F Um,  C so  D like  does insurance pay for the body damage,  /",question
"don't say that too loud though because, F uh,  every city and town will have a meter on your <laughter> tail pipe [ generating +  generating ] revenue,  /",request
start prosecuting they  /,request
"C And, so  my husband and I loaded bricks in his,",statement
C or  --,question
<Laughter> Have you ever been to Ewaldes  /,question
C And  are we still going to maintain drams for perfume? /,question
"D Well,  do you have any opinion of potential changes that may occur in the next generation,",question
"C or,   do you all need four wheel drives up there because of snow and everything? /",question
"C but  the atmosphere and  service I think, are important, F uh  --",statement
"How did that compare with this   area as far as [ house-, +  housing ] prices? /",question
"E I mean,  [ I, +",statement
"I don't work right now because my company I worked for, P I E, went bankrupt -- /",statement
Uh-huh. /,general
Right.  /,general
"C And,   F uh,  in his classes [ they're using, + [ there's a bun-, + ] they're running ] a bunch of scenes from THE GODFATHER  /",statement
"C but,  F um,  you have to really wash your vegetables after that  /",request
Uh-huh. /,general
C Or  is it pretty dry. /,question
<Laughter>  You're just going to have to imagine  what you would like as benefits <laughter>. /,request
"Right,   /",general
D So  did you drum up any  interest  (( then ))  /,question
Uh-huh. /,general
"E I mean,  [ you look, +  you look ]  at the number of marriages that are occurring right [ ou-, + ] E I mean,  even in high school,  /",request
F Um.  /,general
"<laughter> C but,  <laughter> here we go  /",request
"Go ahead, you first. /",request
"D so,  go ahead <laughter>. /",request
okay. /,general
Uh-huh. /,general
"C and  that  stuff has been around since the beginning of time, /",statement
"just go to the [ bike shock, + [ bi-, + bike ] shop ] and pick it up,  /",request
"[ it's, + was, ] presumably something you weigh fairly precisely,  /",statement
"[ [ you, + you,  ] + if you  ] like  sports go right ahead with this one. /",request
"D Well,  I don't know,  /",statement
"D You know,  we have plenty of convicted guys that go into jail and come back  out, do the same thing and go back,  /",statement
go ahead. /,request
Uh-huh.  /,general
Do you stay home with yours? /,question
"Well, have we come up with a solution yet, Salina? /",question
"I've got a friend that, F uh,  lives right next to the Cowboys' training camp. /",statement
Do you like any bluegrass? /,question
"[ C and,  + C and  ] stress that to your children. /",request
Could I ask you to hold one minute? /,request
"F Oh,  okay.  /",general
Yeah.  /,general
"Then you, F uh,  pour that in there, D you know,   to make the gravy.   /",request
"[ Ho-, + how ] many kids do you have? /",question
Get the computers out  -- /,request
Uh-huh. /,general
How about you? /,question
"You ought,",request
What branch were you in? /,question
"F Oh,  okay,  /",general
"Did you go to Mexico City, F uh,   anywhere near when the earthquake hit. /",question
"C or  [ do, + is ] it talk shows. /",question
Sure.  /,general
Yeah  /,general
C and  you cover it. /,request
"C and  then  you take ten percent of it,  /",request
tell me about your clubs up there.  /,request
"F Oh,  uh-huh. /",general
Steak. -/,question
"[ [ that's, + that's a tough, ] + that's a tough, ] F uh,  field, though. /",statement
"[ Oka-, + okay, ]  /",general
What did you think of that one? /,question
"<Laughter>   Come on,  /",request
"take it to a logical extreme,  /",request
"C and  there's maybe a page of that, little brief paragraphs, unless that was [ one of  their, +  the focus of their ] main stories. /",statement
"you ought to rent the,  F uh,  F X part one.  /",request
"C and  if it comes up negative, okay, fine,  /",statement
where do you go to school? /,question
"Yeah,  /",general
<Talking> <noise> Your turn. /,request
"[ C so.  + C But,  ]  F uh,  D well  you ought to try that.  /",request
Uh-huh.  /,general
Uh-huh. /,general
"C And,  D you know,  that, - /",question
"and I do believe in the, being able to have a choice as to, as far as, what you would like to do with your life.  /",statement
"Suppose, F uh,  D well,  D you know,   they had a group who were construction oriented  /",request
Okay. /,general
Hey Mark --,request
what kind of dinner parties have you had? /,question
C And  you rotate it one time. /,request
"[ for, +",statement
Included to that? /,question
<Laughter> That makes it bad for getting out during a fire. /,statement
Don't you?  /,question
"C but  not exactly like, -/",statement
<breathing>  I'll let you go ahead <laughter>. /,request
"Uh-huh,  /",general
"C And,  F uh,  you put that in  /",request
"Other kids are going to be really into math,  /",statement
Yeah.  /,general
"-- [ what, + what ] ones do you get into? /",question
I live right by Dallas --,statement
"C and  when I painted them, I didn't realize that we didn't have any turpentine or paint thinner or anything in the house.  /",statement
"what was it, seventy-four when we had [ the, + the ] [ last + last ]  oil crisis?  /",question
"C and  if that's the case,  then you have to get your car fixed, /",statement
how do you feel that it should be applied? /,question
Do you do sports  /,question
C but  they changed some things in the movie.  /,statement
"C And  D well,  what's a mill  /",question
"[ [ I don't, +  I don't, ] + I really don't ]  know what we need to do about that. /",statement
I see.   /,general
Uh-huh. /,general
go ahead. /,request
It does indeed. /,statement
"C and,  F uh,  anyhow, F uh,   you take, F uh,  a couple of, F uh,  cups of Bisquick --",request
"C and  I'm in charge of raising them,  /",statement
You could be responsible for that yourself. /,request
Yeah. /,general
C So  you think that would be a deterrent? /,question
C or   you can set up your work program and your husband's so that one of you is there all the time. /,request
<Smack> D So  what do you do? /,question
Bye-bye now. /,general
Uh-huh. /,general
"C And then  [ you, + you, ]  F uh,  pour [ most of the, + all of the ]  oil out of the pan  /",request
now you can tell me what you do. /,request
"Sledding, that is what you have got to do.  /",request
"D Well,  do you have any? /",question
Uh-huh. /,general
C So  what do you think? /,question
"D Well,  you haven't told me, F uh,  what sports that you are active in. /",request
Oh. /,general
C so  we'll just wait. /,request
it  got to the point where I didn't know what was going on  /,statement
"C And,  F um,  you're in Texas,  /",question
Right. /,general
You really should go to Europe.  /,request
"[ [ what do you think that, +  what do you think, ] +  tell me what you think ] about this. /",request
C And  what do you work on at T I? /,question
Yeah. /,general
leave me in the air conditioning. /,request
I see. /,general
"F Oh,  does he live near the lake? /",question
Okay. /,general
"Go ahead,  /",request
Let's see what else is on television.  /,request
"F Oh,  it was just bad. /",statement
Huh. /,general
"Are you going to blow all that money,  /",question
"Yeah,  /",general
Right. /,general
Right. /,general
Go ahead. /,request
"D well,  if your ever in, F uh,  D C, come look up Wayne (( Sherman )) , you'll say F oh,  yeah, talked to that guy. /",request
Yeah. /,general
Uh-huh. /,general
"don't say that too loud though because, F uh,  every city and town will have a meter on your <laughter> tail pipe [ generating +  generating ] revenue,  /",request
C So  you like the Ford? /,question
"[ it, + it's ] hard to go out when it's this hot. /",statement
Sure. /,general
it just was not effective enough to ... -/,statement
C and then  throw them in with the rest of your salad sometimes. /,request
Yeah.  /,general
C and  there's just an awful brown haze all the time -- /,statement
"Yeah,  /",general
"What is it that you are, D you know,   particularly  upset about?  /",question
What was your favorite all time movie? /,question
"we can find out the truth,  /",statement
"C And  [ that was, + that was ]  neat [ for, + for ] me to hear that somebody is, -/",statement
Uh-huh. /,general
Uh-huh. /,general
I really am.  /,statement
Right. /,general
Yeah. /,general
Can you really see it though? /,question
"F Uh,  that's an old established,  F uh,  restaurant.  /",statement
"[ You, + you ] call that number  /",request
Uh-huh. /,general
Right. /,general
What school system does she teach in? /,question
"take it to a logical extreme,  /",request
D You know.  /,general
"Right,  /",general
College football is a little bit different  /,statement
Uh-huh. /,general
"[ C and,  +  C and,  ] F um,  [ I, +  I ] just sub at the school,  /",statement
how far is it across the lake to Canada? /,question
"C and  they come, go to church with us  /",statement
Oh. /,general
C So  you can guess the rest of the plot.  /,request
"<throat_clearing> C And,   F uh,  D you know,  part of that problem, I think, is still,  D you know,  F uh,  - /",statement
You too. /,general
"C And  they bred a dog that  [ I th-, + ] it's called  [ a, + ] an animal's critical span which basically translates to how much shit will it  take before it bites you. /",statement
C and  [ talk a + ] --,request
"[ Is that, + F uh,  A let me interrupt,   is that ] the same for both, F uh,  professors [ and, + and ] also staff and administration,  /",question
D actually  they say that you're wasting fertilizer --,statement
"C and  she did too,  /",statement
"Uh, go ahead.  /",request
"C And,  F uh,  I really think that [ if, + ] F uh,   like after the second World War when women went to work in factories and all that, that was D like  out of necessity,  because the men weren't here anymore. /",statement
"[ Talk, + talk ] your husband into taking you there some night. /",request
Could you hang on one minute Jim? /,request
C And then  you serve it with melted butter.  /,request
Let them simmer in the sauce itself /,request
"have you ever heard of George Winston,  /",question
"Sometimes you have all desserts,  /",statement
"D You know,  let's go back to our original thing with, D you know,  our experiments and all [ the, + D you know,  our ] actual exploring of space [ and, + and ] all that,  /",request
"I took Spanish in school,  /",statement
"C so,   I don't get news from television,  /",statement
"it's just who does it, D you know.  /",statement
C so  you should take my word  /,request
Right. /,general
"About how much do they charge to do something like that,  /",question
"C and  you put a bay leaf and put some, F uh,  red pepper over it. /",request
C or  --,question
Yeah. /,general
Yeah.  /,general
"C but  sometimes they kind of get on [ [ a, + a, ] + a ]  binge,  /",statement
C and  you can't have everything -- /,statement
All right. /,general
definitely different <laughter>. /,statement
C and then  you'll  have to give me a call on gardening <laughter>. /,request
C And  where are you from? /,question
"I, I, give me cyanide.  /",request
"D Well,  [ [ do you, + do the, ] + do ] your daughters live close where you can go out? /",question
Uh-huh. /,general
he is. /,statement
Jimi Hendrix was the original. /,statement
C And  a lot of it's for the better.  /,statement
Yeah. /,general
"C but  toward the end of the summer, D you know,  when everything starts dying off and whatnot and then the light can get through the tree, then the grass starts growing.  /",statement
we have stories out there  /,statement
"take it to a logical extreme,  /",request
"D All right,  I guess we might as well end our conversation at this point. /",request
have you just recently moved to Charlotte? /,question
Uh-huh. /,general
"Yeah,  /",general
"[ th-, + that's  ] what I heard, too.  /",statement
"F uh,  look at them,  /",request
C and  it does add up.  /,statement
"It depends [ [ r-, +  r-, ] +  really ]  on [ how, + how ] strong a test it is.  /",statement
"mix up a little, F uh,  mayonnaise with some dijon mustard,",request
Uh-huh. /,general
okay. /,general
go ahead. /,request
right? /,question
C so  we'll just wait. /,request
"Do you have anybody that you, F uh,  are close to that decision on, or  anything,  /",question
D now  are you sure they are  hyacinths?  /,question
<child> Gettysburg? /,question
"F Oh,  <laughter> D boy,  you have a lot of kids. /",statement
Yeah. /,general
"C and  they've found, F uh,  I think, F uh,  in pilots anyway, of something like, F uh,  F uh,  eighty-six thousand tests there's only been [ two guys have come up, + F uh,   three guys have come up ] positive,  /",statement
why don't you go ahead first and tell what kind of car you'd look for in your next. /,request
Get some books of whether it be Pennsylvania or Virginia --,request
is that for T I  /,question
C And  keep your mind on positive things  /,request
"Yeah, /",general
Right. /,general
Yeah <laughter>. /,general
"D Well,  I can go ahead and start and tell you mine  /",request
"<cough>, what are we going to do with all the soldiers over there? /",question
C and  I  put them up  --,statement
"C But  [ you do have to have it, +  D you know,  you do have to have it ] hot when you cook it.  E I mean,",request
Are you surviving.  /,question
You might try that.  /,request
C And  is that supported by all donations to the church and so forth  /,question
"do trust God because, I don't know, kids are a  blessing  /",request
"-- put it to sleep, D you know.   /",request
D so  do you all keep a budget? /,question
We waited  /,statement
On the piers? /,question
What school are you going to? /,question
Yeah. /,general
"D Well,  don't bother <laughter>. /",request
What are you learning to be? /,question
what do you think about the war recently? /,question
there's no notice at all.  /,statement
"D Well,  what would be your advice  to a parent of a child thinking of attending college? /",question
"Yeah, /",general
"My first three cars were, F uh,  seventy model Pontiacs.   A G T O and a Bonneville and a station wagon.  /",statement
"I'll do something with the piano,  /",statement
Uh-huh. /,general
In Dallas. /,statement
Right.  /,general
"D Well,  try it  /",request
"F Oh,  yeah. /",general
"F Uh,  oh. /",general
Uh-huh. /,general
"F Um,  [ wh-, +  where ]  do you stand, F uh,  on, /",question
Now is that  (( ad good ))  just to  Colorado or to Colorado Springs? /,question
"Uh-huh,  /",general
F Huh.    Yeah.  /,general
What kind of paint? /,question
"F Oh,  [ I haven't, +  I didn't ] hear that was coming out. /",question
Uh-huh.  /,general
"Yeah,  /",general
Do you work  during the day?  /,question
Yeah.  /,general
Yeah.   /,general
"C So  don't say she's small,",request
"F Oh,  don't say that. /",request
"C and  [ you can't, +  D you know,  you can't ] just do this. /",statement
Yeah.  /,general
Now tell me what you expect from the Mavericks this year. /,request
go ahead. /,request
"<laughter>, okay. /",general
"C or  maybe it was on the radi-, -/",statement
"-- C and  the question is, who was he going to pay it to? /",question
Uh-huh. /,general
either that or it had not been prepared underneath  /,statement
Yeah. /,general
You ready? /,question
C but  yet they accept it. /,statement
-- C and  the reason I got a standard was because I thought it handled a lot better -- /,statement
"[ What, + what ] type of art do you focus on?   /",question
Start. /,request
"[ C and,  +  C and  ] the summer [ we have a, + we have [ a, + a ] ] reunion [ in, + in ] Salt Lake area up by Park Cities.",statement
Yeah.  /,general
"Let you start <laughter>, /",request
Ask them about it.  /,request
Do you have a chance to look through the WALL STREET JOURNAL?  /,question
-- and asparagus. - /,statement
You really should go to Europe.  /,request
"Uh-huh,  /",general
Okay. /,request
"<Laughter>   Come on,  /",request
do you watch much T V  /,question
C and  it's like a juggling act every single month. /,statement
"I think that's going to be one of those  [ that's, + F uh,  that's ] won by the home team, D you know,  /",statement
name one <laughter>. /,request
"E I mean,  you can tell him from me  /",request
"that's about, F uh,  archaeology --",statement
If not more.  /,statement
D You know.  /,question
Go right ahead. /,request
"I wish that they would  come up with some other way to, D you know,   /",statement
Does it just want to sniff around and play when it's outside? /,question
D Well  let's start with you <laughter>. /,request
"C but  the fact is that all the Orientals that are here are very affluent, F uh,  very wise in money matters and [ have ta-, + have taken ] over a lot of businesses, <laughter>  /",statement
"F uh,  D so  what do you think about the school system? /",question
"Uh-huh,  /",general
D well  go ahead. /,request
[ E I mean  -- +,request
Yeah. /,general
"-- C and,  F um,  D you know,   every month they've got all different kinds of recipes,  /",statement
"[ is, + is ] that just the only type of reading you've been doing,  /",question
"How about movies,  /",question
"C But  [ use, + use ] good, F uh,  stuff and buy it at a paint store where they have the right brands,",request
"F Um,  C and  [ that was, + this was ]  twenty years ago <laughter>. /",statement
D Well  you ought to come to  North Carolina.  /,request
"F Oh,  the mud dog. /",statement
"[ your, + your ] turn. /",request
Where are you? /,question
Is it really? /,question
Did you? /,question
"My other daughter works and has, - /",statement
"Yeah,  /",general
C And  what do  you think that problem is? /,question
bit. /,request
"F Uh,  Idaho, is where I live,  /",statement
"C and  [ th-, + this ] is a profession.  /",statement
Yeah. /,general
"are you willing to compromise a little [ and, + and ]  [ [ pay, + pay ] some, + take some  ] of that money out of your pocket  and pay for good quality education.   /",question
"if you're looking at adding on you have, -/",statement
"E Excuse me,  go ahead. /",request
I watch it every now and  then. /,statement
"C or  can they, D you know,  bring you back. /",question
"D Well,  D you know,  [ the other, +",statement
Uh-huh. /,general
Yeah. /,general
"What weekly, F um,  magazine do you look at,  /",question
C And  where have you been on these cruises? /,question
"C and  think [ what, + what's ] it going to be like for [ [ my, + my youngest, ] + [ an + ] my oldest ] son, when he goes to school.  /",request
Is the crime rate still bad? /,question
"C But,  it just was [ so [ time, + time, ]",statement
What other shows do you like? /,question
drop in at times that are unexpected. /,request
"<Laughter>   Come on,  /",request
Uh-huh. /,general
Uh-huh. /,general
He had to look at himself.  /,statement
Uh-huh. /,general
Uh-huh.  /,general
Yes. /,general
"D Well,  we had it for awhile  /",statement
How about you? /,question
"[ I just, +  I ] saw on the news the other night that [ the, +  F uh,  the ] little girl  that used to be the littlest girl on the Cosby show, Kisha Knight Pullman, was starting  a, - /",statement
"What about you,  /",question
"D Well,  [ do, + do ] you think that's good or bad? /",question
Do you tent camp  /,question
Yeah. /,general
"C So  really, I think, sometimes there's an advantage,  /",statement
Where are you from? /,question
Most of the time <laughter>. /,statement
"C And,  F uh,  [ most of them, + it's just like Australia, most of them ] were criminals from Cuba -- /",statement
Yeah. /,general
You use a particular brand or anything? /,question
"E I mean,  he couldn't even check the oil.  /",statement
"[ C or,  + C or  ] maybe just exercise at home.  /",request
"I guess one thing that I found sort of interesting, - /",statement
"However, these people who only work eight hours day at it, from seven to three, /",statement
C and  if you discover you like it then you can always upscale. /,request
Are they good to eat? /,question
Right  /,general
"They love it,  /",statement
C and  that's when PEAKS was back in that time slot as well.  /,statement
"I don't know about  anybody else,  /",statement
Does he got them locked up all the time  too?   /,question
What kind do you like to watch? /,question
Uh-huh.  /,general
F Huh.  /,general
Uh-huh. /,general
"Yeah,  /",general
"How are we going to fix that, Tanya?  /",question
Yeah. /,general
"C and  I have to listen to it,  [ and -- +",statement
Uh-huh. /,general
"C and  see if it, F uh,  -/",request
Uh-huh. /,general
Now if you  use the dried kind?,request
"Can you believe this sort of thing,  /",question
are you a musician at all? /,question
"Be interesting to see when, as Mexico develops industrially whether, you know, without, -/",statement
"I think it was like a five year deal with, F uh  --",statement
Uh-huh. /,general
You know what I mean. /,question
You might take a look at them. /,request
Let them people go. /,request
"I like  Simply Red,  /",statement
isn't it funny. <laughter> /,question
<Laughter>   How about yourself? /,question
"It pays most of mine, D you know,   /",statement
"<noise> <<sounds like a motorcycle>> [ C but,  +",statement
"um, is, is N C University is that, uh, State, -/",question
"D You know,  if they're overcrowded, just keep cramming them in there till they just suffocate.  F Uh,  /",request
Start. /,request
Uh-huh.  /,general
"D no,  you tell me how you feel about, -/",request
Okay. /,general
"go ahead,  /",request
"D you know,  it's funny  /",statement
C but  you really need to see that movie.  /,request
"Really, where did you come from? /",question
Yeah. /,general
"D So  [ [ what, + what, ] +  how ]  do you spend the time with your children? /",question
"Uh-huh,  /",general
"do trust God because, I don't know, kids are a  blessing  /",request
Now are you with T I down there? /,question
"C and  I think we ate seafood every meal for, D well,  not quite every meal,  but most meals for a week. /",statement
Guess.   /,request
"C so  if you ever go in a  restaurant, order crawfish,  /",request
Go ahead. /,request
"(( Go ahead )) , /",request
I think it's real important  to be part of a team. /,statement
Imagine the guilt that person would have.  /,request
Go ahead. /,request
"D Well,  you'll just have to plan a vacation some time --",request
Right. /,general
Uh-huh. /,general
"Right,  /",general
"Yeah,  /",general
Let them simmer in the sauce itself /,request
Do you have family who were in the Vietnam War? /,question
Uh-huh. /,general
C and  you just need to take the little one.,request
"D Well,  what changes do you think are most significant over the past few years?  /",question
You know? /,question
"F huh.  Do you think they should be punished at all, or, F uh,  <throat_clearing> D like  go to prison, F uh,   /",question
"[ They, +  they've ] got it pretty precise now. /",statement
Are you serious? /,question
"C but  D yeah,   next time you go, F uh,  D you know,  check into it,  /",request
<Laughter> Enjoy it. /,request
<Click> </Static> Yeah  /,general
"like I say, [ th-, + the ] overall appearance of this house  is what really devalued it so much.  /",statement
Uh-huh. /,general
"[ If, + if ] the isolation concept really  works that good, why are our prisons overcrowded? /",question
"D So,  [ a-, + are ] you a news person? /",question
"C but  what about, F um,   their reputation of the company or the price. /",question
"Yeah,  /",general
Uh-huh. /,general
F Huh.  /,general
"Yeah,  /",general
"I know that it's scary,  /",statement
"C and  that's  a [ pollut-, + polluting ] type deal too, is the excessive, F um,  D you know,  F uh,   petroleum products in your engine bay and so  forth, and the dirt and grit and those two mixed together  [ with, + with ] water [ and, + ] F uh,  <noise>  <<sounds like knocking on a door>> really [ make, + F uh,  make ] a mess. /",statement
"D So,  who's your, F uh,  favorite team? /",question
"[ C so,  + F uh,  C and  ] if you don't have the money, then use a credit card,  /",request
"<<Sound fading>> [ You, + F uh,  you ] take clams, /",request
"What's going to happen to the economies that are no longer have [ a, + a ] million plus people [ in the indu-, + D you know,",question
"-- C and,  F uh,  what is coincidence,  /",statement
Right. /,general
"They're supposed to be  coming out with all these Desert Storm movies,",statement
Hang them.   /,request
"C but,  D you know,  it seems like we pay the  (( state )) , - /",statement
"Cindy, you there? /",question
Hang them.   /,request
"[ do you, + do you ]  feel [ that the first two years +  that  the, ] F um,  - /",question
"[ Just, + just ] the drive [ up through, + F uh,  up the ] coast line --",statement
Uh-huh. /,general
"Let's just, - /",request
"Yeah,  /",general
"You go right ahead because I,",request
"D Well,  maybe you can, F uh,  make that  one charming [ and, + and ] make a little bit money, F uh,  /",request
Uh-huh. /,general
Do you have a budget that you go on? /,question
"as a matter of fact, [ this, +  it's ]  real interesting the subjects I get.  /",statement
Yeah. /,general
"[ This, + this ] is where the question of gun control comes in. /",statement
You don't -- /,question
is the million dollar question here? /,question
I've got another line calling.  /,general
Go ahead. /,request
Yeah.  /,general
Uh-huh. /,general
E I mean  --,question
Yeah. /,general
"C and  again it, I think was a picture of relationships. /",statement
"C And,  [ in, + in  ] our society right now that's really something [ that's, + that's,  ] F um,  not respected,  /",statement
"[ You do run in-, +",question
"[ C and,  + C and so  ] things worked out okay,  /",statement
"C But,   F uh,  then [ the mi-, +  F uh,   the cauliflower, ] you,",request
"C and  we should teach Spanish at least in, F uh,  grammar school, D you know  four or five grades of it so  that we can speak Spanish.  /",statement
Go ahead. /,request
go ahead. /,request
Yeah.  /,general
Is it seven o'clock there? /,question
"D Well,  you'll just have to plan a vacation some time --",request
Ask them about it.  /,request
"D Well,  if our time is up we can quit. /",request
"C But,   F uh,  then [ the mi-, +  F uh,   the cauliflower, ] you,",request
Uh-huh.  /,general
"D Well,  you look at places like Turkey.  /",request
"[ Talk, + talk ] your husband into taking you there some night. /",request
"C But,  F uh,  that has been the major change  that we have noticed in gardening,  /",statement
"-- they were in the magnet school program,  /",statement
let's say your spouse is on a particular drug  /,request
"It's not a program to teach them to use the American money, it's a program to teach them to be more self-reliant. /",statement
"Okay.  D Well,  what do you think about the government providing health insurance for everybody?  /",question
"[ Which, + F uh,  which ] university? /",question
How about you.  /,question
"we're fixing to get in the car,  /",statement
Okay. /,general
C or  is this mainly cross-stitching? /,question
go ahead. /,request
"[ What are you, +  <throat_clearing> what are you ]  studying there at (( Heidelberg )) ? /",question
C and then  drain off all the grease  /,request
Yeah.  /,general
Yeah. /,general
"Go ahead,  /",request
C But  you need to rent the first one first. /,request
Do you think our government agencies should test? /,question
"[ I don't, + I don't ] think they should be forced,  /",statement
C or   you can set up your work program and your husband's so that one of you is there all the time. /,request
"Where [ do you, + do you ] come from originally  /",question
"Do you have, F uh,  an annual fee on yours  /",question
if I can  ((   ))  the other side of the coin for a moment. /,request
Uh-huh. /,general
What type of field of work are you in? /,question
"don't say that too loud though because, F uh,  every city and town will have a meter on your <laughter> tail pipe [ generating +  generating ] revenue,  /",request
where are you going to move to? /,question
"what is it called,  /",question
Yeah. /,general
"F Um,  I think we should permit, F uh,  more immigration from eastern Europe,  for example, F uh,  particularly [ the, + F uh,  <inhaling> the ]  Jewish, F uh,  <breathing>, F uh,  people from Russia.  /",statement
is there anything I believe in <laughter>. /,question
"C And  you want to use one of your  good sauce pans that dissipate the heat because [ it, +  it ] ends up burning,  /",request
Yeah  /,general
go ahead. /,request
Oh. /,general
Do they do it with news papers as well? /,question
"Try to remember to respect their privacy,  /",request
D Well  you ought to come to  North Carolina.  /,request
you know about that? /,question
"Yeah,  /",general
Huh. /,general
"Are you aware at all,",question
Uh-huh. /,general
Bye-bye. /,general
I just remember trying to  figure out where you could get - /,statement
"we don't have that much as far as, F uh,   (( aiming in ))  the plants over on this, F uh,  the [ we-, + ] east side does. /",statement
"D Well,  do you think that people subscribe to magazines as much as they used to? /",question
[ we + you'd ] have to just sit and wait while  someone else was using the printer. /,statement
"I'm going to let you kind of lead the pack,",request
What kind of questions did you ask about the private sitter before you took her over there? /,question
Do you like it out there? /,question
"C And so  [ we could, + we could ]  talk about, F uh,  that path, D you know,  how important you think his benefits are.    [ [ And, + and, ] + and, ] F uh,  how important you think they are and [ if, + ] what would you like to see increased --",request
go ahead. /,request
"C And,   [ their, +  their ] fruits are always exceptional.  /",statement
"D Well,  [ how, +  D like  how ] much is an Oriole game? /",question
keep going. /,request
"D like,  give me some examples. /",request
"C and  I went to see the movie THE DOORS a couple of days ago,  /",statement
Get some books of whether it be Pennsylvania or Virginia --,request
"[ Talk, + talk ] your husband into taking you there some night. /",request
Are you talking about D like  Spring Break  /,question
"the way the winds are you take off right toward the mountain, the Rockies -- /",statement
Huh.   /,general
D You know  what I mean? /,question
"[ What, + D now  what ] night is that on D now?  /",question
-- C and  you need people who are trained for that  type  --,statement
Uh-huh.  /,general
Do you have a big yard? /,question
"-- C and then  it's actually, D you know,  - /",statement
"Also I agree there should be a lot of care in the enforcement, F uh,   /",statement
"[ [ what do you think that, +  what do you think, ] +  tell me what you think ] about this. /",request
D So  tell me about CHINA CRY. /,request
Right. /,general
"[ C or  p-, +  C or  is it proposed ]  /",question
"<Laughter> after that, if you asked me  that I wouldn't have been able to tell you if that was football or <laughter> baseball. /",statement
How can you really deal with  an environment where you're going to lose everything.  /,question
"let them,",request
"we can find out what really happened [ and, + and ] base the [ ver-, + sentence ]  on what the person did, not on what we're allowed to let the jury hear <baby>. /",statement
Okay <laughter>. /,general
"Your views, -/",request
Uh-huh. /,general
D well  do you even know what the  procedures are now? /,question
"I kind  of, F uh,  stopped listening after a while. /",statement
Yeah. /,general
Yeah. /,general
"C And then,  F uh,  [ where, + where ] have you been? /",question
you want to start? /,request
"C and  anything I participated in or know about when I read about it in the paper is always [ so, + ] F uh,  covered from such a funny and superficial perspective that I don't have much confidence in it.  /",statement
Uh-huh. /,general
"D Well  do you think [ we, + there's ] a final accounting, yet not, in the since of pennies an nickels,  /",question
Uh-huh. /,general
"C So,  I guess [ it's probably, + probably ]  if we get another animal it probably wouldn't be a cat <baby_talking> even though I love cats.  /",statement
"look at this slick guy,  /",request
Uh-huh. /,general
D well  go ahead. /,request
C and  western   even I've gotten a little bit used to because it's not like it used to be. /,statement
"C And,  C because  it's [ full, + full ] scholarship.  /",statement
it does sound like you have some children  to take care of <laughter>. /,statement
Uh-huh. /,general
Yeah. /,general
Uh-huh.  /,general
"C But,  F uh,  what kinds of things do you and your family do? /",question
Yeah.  /,general
"F Oh,  I was going to say that, that sounds [ like, + like ] pretty many.  /",statement
"How do you feel about, - /",question
Uh-huh. /,general
Yeah. /,general
"C And  how can a country  stand to, F uh,  spend  as much or much more than they already are on such a problem, F uh,   /",question
"F Oh  [ not, + no,  ]",statement
I did. /,statement
"He was ancient,  /",statement
C but  it's that you are there when they need you. /,statement
"[ C And,  + C and  ] it was people going to vote for, I think, more than those who voted against. /",statement
Yeah.  /,general
-- C and  when you're ready to get another car just pay cash for it. /,request
Maybe we'll get together again in the future. /,general
"look at this slick guy,  /",request
put them to work --,request
"I know,  /",general
"D well,  [ if, + if ] you're interested  you ought to go to the next auto show.  /",request
"Right,  /",general
C and  we walk a couple of miles  and  then come back to the house. /,statement
Yeah.  /,general
"C so  I don't really know what the,",statement
"D Well,  have you sold any of your furniture  /",question
"if you don't like it, shoot, move on to something else.  /",request
C And  keep your mind on positive things  /,request
Uh-huh. /,general
"[ I, +",statement
I guess it's kind of the sadist in everyone <laughter>.  /,statement
Uh-huh.  /,general
"D Well,  F uh,  I live in Garland  /",statement
Do you snow ski? /,question
Uh-huh.  /,general
"F Oh,  don't be concerned.  /",request
"[ you just, +  you  really ] don't know,  /",statement
Go right ahead. /,request
"What, F uh,  go ahead and tell me about your home <laughter>. /",request
Yeah.  /,general
"F Uh,  what do you think about our, F uh,  D like,  F uh,  other government agencies testing?  /",question
"F Oh  god, you go to the mall  /",request
What kinds of things do you think can? /,question
They just did an excellent job. /,statement
Yeah. /,general
Orthodontic work is terribly expensive. /,statement
"C So  I got under there and messed with [ [ the, + the ten-, ] + [ that, + F uh,  that adjustment -- ] ]",statement
"tell me about your computer, Laurie,  /",request
Was a Visa card? /,question
"go back to that one to ten scale where one,",request
"D Well  [ you can, +  you can ] tell me a little bit  more about it because I don't think we did that in Utah. /",request
Why do they do that? /,question
"It seems that I recall reading [ for the last + F oh,  let's say starting three years a go but not so much in the last ] year of bank risks [ of + ] relative to the loaning funds to third world countries like Mexico, Venezuela.",statement
yeah. /,general
C And  all the juices and everything are all sealed in.  /,statement
"go ahead,  /",request
"C and  you mix it with one tablespoon onion juice and one tablespoon lemon juice, one tablespoon worcester sauce and  mix it and spread it out onto a plate.  /",request
You too. /,general
Uh-huh. /,general
C But  we don't get any snow anymore.  /,statement
"Go ahead,  /",request
Uh-huh. /,general
Did you enjoy it? /,question
"<Laughter> C Because  they don't have to worry about going in [ and, + and ] paying,",statement
C and  I planted them  /,statement
Uh-huh. /,general
Do you work for T I? /,question
"[ C Either,  + C either  ] go ahead and fix your dish  /",statement
Right. /,general
"C and then  do, you know, that number,  [ and then + ] how many [ a, + a ] freezer separate from --",question
"C and  [ they were, +  <sigh> they were ] lost  /",statement
"F Uh,  D well  for a dinner party, I think one of my favorite things is baked chicken and white wine. /",statement
Uh-huh. /,general
C and  my mother has four brothers and two sisters.  /,statement
"Go in the early hours,  /",request
"is that the advantage,  /",question
"Doug, you want to start?  <Laughter>. /",request
How about you? /,question
"Yeah,  /",general
"what part of, F uh,  Pennsylvania do you live in? /",question
Have you made pasta before? /,question
what kind of biking do you do? /,question
C and  you name it.  /,request
Uh-huh. /,general
"last year he started having some nagging injuries, /",statement
C or  do you enjoy it? /,question
C and  we don't want to leave. /,statement
I guess we shouldn't get into that  /,request
"[ If you were, + if you were ] closer [ [ I'd, + I'd, ] + I'd ] tell you you could come over and supervise <laughter>. /",request
"[ C and,  + C and  ] he went by  /",statement
What do you serve with it?  /,question
Yeah. /,general
"look at this slick guy,  /",request
"Is that, what was yours more like? /",question
We live in the Saginaw area. /,statement
You don't get seasick?  /,question
Uh-huh. /,general
Yeah. /,general
D Well  C and  that always is helpful for starters. /,statement
"Yeah,  /",general
hold on. /,request
Can they convey the data verbally or in writing.  /,question
"Is that  the aspect of the news that you're most  interested in [ is, + is ] the timely [ yo-, + ] noting of the events as they happen?  /",question
Uh-huh. /,general
yeah. /,general
Really. /,general
C or  do they fire them right away. /,question
"<Laughter>  D Well,  [ do-, + don't ] ever get one for a pet. /",request
Right.  /,general
Right. /,general
direct conversion. /,statement
Yeah. /,general
"C And so,  F uh,  it is, F uh,   F uh,  high quality grade music,  /",statement
"[ yo-, + you ] think space would do that much for that  /",question
Yeah.  /,general
"I think, F uh,  do you live [ [ in a, +   in a, ] +  in a ] fairly rural part of the, F uh  -- -/",question
Did they? /,question
"He'll be at least one more,  /",statement
C and  you name it.  /,request
you can just light -/,request
Uh-huh. /,general
"F Uh,  I use to also take an aerobics class about three days a week before work. /",statement
go ahead. /,request
"C so  if there's [ people out there  that are willing to, +  D you know,  kids that   are willing to ] sacrifice their time and energy.  Gosh, we ought to use them.",statement
"There wasn't anything like that, that you could do in Florida? /",question
Yeah. /,general
"Don't ever drink Scotch,  /",request
keep going. /,request
Uh-huh. /,general
Did it change anything for you? /,question
"Yeah,  /",general
Do we get our money's worth? /,question
Go ahead. /,request
"D Well,  I was just trying to make an introduction, here <laughter>. /",request
look what we've done here at T I. /,request
Excuse me <noise> <<muffled sound as if hand over the phone>>.  /,request
Yeah.  /,general
"D Well,  tell me about your home. /",request
"[ A, + a ] year ago, I changed jobs from being a researcher --",statement
you should put ten to fifteen percent of your monthly bring home --,request
"D Well,  F uh,  F uh,  smoking and  all that stuff? /",question
"F Oh,  yeah.  /",general
"C and  when I got up there the car, -/",general
"are you, F uh,  fluent in another language  /",question
"F Uh,  what have you had? /",question
It was like a FATAL ATTRACTION thing. /,statement
"[ sh-, + ] let's say  /",request
C But  it was like he knew --,statement
"C But,  F uh,  <<pause>> what are some other things you enjoy? /",question
"F Oh,  you will have to go on one. /",request
"C And,  F uh,  [ even if they're, + even if they're ]  discouraged, tell them that that's just a passing moment --",request
"D no,  you tell me how you feel about, -/",request
They need to get a new photography method. /,statement
Yeah. /,general
"C so,",statement
"Yeah,  /",general
Yeah. /,general
"Right,  /",general
Yeah. /,general
"you've got to really strike a balance in [ what kind of care, + what kind of level of care ] you need, and then [ what you can, + unfortunately what you can ] afford at the same time. /",statement
"E I mean,  they really are over,",statement
Uh-huh. /,general
"[ C and so,  + C and then  ] you call this number  /",statement
How about you? /,question
yeah. /,general
Where do you live now? /,question
"(( Go ahead )) , /",request
"[ We, after about a month, + we ] finally got to mow this weekend. /",statement
Those are nice.  /,statement
"what's it called when you do flour, - /",statement
Go ahead. /,request
We sent my grandfather to a nursing home at the point when he was really incapable of caring for himself anymore. /,statement
Yeah. /,general
Uh-huh. /,general
"<Breathing> Yeah,  /",general
C But  you go ahead now <laughter>. /,request
It's east of here. /,statement
"[ [ When, + when he's not, ] + when she can't ] keep control of him  /",statement
Yeah. /,general
Uh-huh. /,general
Uh-huh.  /,general
C and  [ I  -- +,statement
"D Well,  [ [ I just, + I di-, ] + I ] had this Cougar [ totally, + F uh,  A the body of it,  totally ] rebuilt, F uh,  to get some of the rusts that were in the fenders --",statement
Tell me your name again. /,request
"I always tell people <laughter> that in the winter  [ we use, + we used  ] to, F uh,  - /",statement
Yeah. /,general
Yeah.  /,general
Not all of them  being mine. /,statement
is she kind of country? /,question
"D so  F uh,   what do yo-,  -/",question
Uh-huh  /,general
"[ what do you, + what activities do you ] do with your children when you are together? /",question
"C and  [ it is, + it's  ] a really beautiful area.  /",statement
What did you think about DANCES WITH WOLVES when you saw it? /,question
Tobogganing. /,request
This is not one of my better ones.  /,statement
"[ C and,  +  F uh,  C but  ] [ he's got, +  he's been ]  put away for, F uh,  credit card fraud, I believe. /",statement
Is your cat a purebred? /,question
how'd you like to own a piece of property where your lake is going sour --,question
"Yeah,  /",general
"C And so  [ we could, + we could ]  talk about, F uh,  that path, D you know,  how important you think his benefits are.    [ [ And, + and, ] + and, ] F uh,  how important you think they are and [ if, + ] what would you like to see increased --",request
"D You know,  we had three hundred thousand people without power. /",statement
-- C and then  look at the weather we have down here.  /,request
Uh-huh. /,general
C or  where do you stay? /,question
C so  we'll just wait. /,request
"C But,  D you know  --",statement
Right.  /,general
C So  what is your house like? /,question
"If you're ever in town, we'll go see a movie <laughter>. /",request
"C or  do you think that, /",question
I was probably about fourteen. /,statement
Okay. /,general
Could you hold on for just a moment? /,request
Is it a two eighty-six or three eighty-six base machine? /,question
"D So,  F uh,  do you want to start first  /",request
"I think people need to understand more D like  what a meter is, instead of how many feet in a meter or something. Just get used to using all the terms.  /",statement
Uh-huh. /,general
"C and  they have all the things during the morning,  /",statement
"[ C But,   + C but  ] it is hard, once they get that age, - /",statement
and he suspected the switch also.  /,statement
"[ you, + you ] first,  (( Eve )) . /",request
Uh-huh. /,general
"You go right ahead because I,",request
Yeah. /,general
"[ we're go-, + we're going ] to buy a  (( Devon Rex )) .  /",statement
"I mean even their, even their legal crops are things that we don't perceive as being healthy now from a medical standpoint of view, coffee --",statement
C and  you're actually my first call. /,statement
take a long time to find the right place  /,statement
"F Uh,  [ what, + what ] are some of the shows that you have been able to rent though? /",question
Oh. /,general
isn't that  correct. /,question
"Things like that,  /",statement
go ahead. /,request
Let them simmer in the sauce itself /,request
"E I mean,  what do you think we can, F uh,  I guess as individuals or as a group, do about, F uh,  air pollution? <<pause>>. /",question
You do? /,question
you can talk.  /,request
"we just bought the house last year,  /",statement
there's there's always that difficulty /,statement
"D Well  [ that new movie,  +",statement
Huh-uh.  /,general
"How about you, Larry? /",question
C and  then  you cook it for seven  minutes on high.  /,request
One time two of them came at once  /,statement
Do they have anything like that in Dallas. /,question
"what did you think about the coverage D like  over in the, F uh,  Persian Gulf? /",question
"Put them fools in there, /",request
What is it? /,question
C and  you can leave a message. /,request
"C And,  F uh,  they also want to make sure that the kids are being taught and not just playing around all the time.  /",statement
"Uh, I have a sister-in-law who is from Nicaragua  /",statement
"let's example, F uh,  - /",request
we talk about sometimes going up to Chincoteague -- /,request
"D Well,  what do you  think about, -/",question
-- you don't have to wait for them to [ say -- +,request
Go. /,request
Do you watch any of those? /,question
Right. /,general
"D you know,  how do you decide.  /",question
Right. /,general
"and then the other day my husband and I met a couple who, who, - /",statement
Tell me what books you read. /,request
C so  that's mostly why we got it.  To keep her company while I am away at work. /,statement
"C and then,  of course, F uh  -- -/",statement
"Yeah,  /",general
"once you get into the habit of it, it's okay,  /",statement
Huh-uh. /,general
C So  tell me your feelings on recycling.  /,request
C So  go ahead and say <laughter>.  /,request
"C and,  [ it, + it ] gets very difficult to, F uh,  F uh,  -/",statement
Uh-huh. /,general
Yeah.  /,general
"Uh-huh,  /",general
Would you ever buy a used car for a new car for yourself? /,question
Right. /,general
"[ I don't, + I don't ] actually know how long those things stay [ in the blood, + in the system. ]  /",statement
Yeah.  /,general
Do you use it? /,question
"Run around barefoot,",statement
"How did you hear, - /",question
Uh-huh. /,general
"C but  they're running under the assump-, - /",statement
"I'm a student,  /",statement
"((In fact)), they'll <laughter> have these little parties,  /",statement
Yeah.  /,general
Yeah <<pause>> <lipsmack>. /,general
Wouldn't it though? /,question
"D Now,  for years they didn't have this  /",statement
C and  you name it.  /,request
"C so  I guess, that's an alternative.  /",statement
-- C and  when you're ready to get another car just pay cash for it. /,request
"I am sure I pass by it or something,  /",statement
"D You know,  all of her dreams will be dispelled <laughter>. /",statement
"Do you rent movies very often,  /",question
Yeah  /,general
"Did you have, F uh,  your own business  /",question
"C But,",statement
"Uh-huh,  /",general
I don't know anyone personally that's in an elderly home. /,statement
"[ C and,  + C and  ] stress that to your children. /",request
"Yeah,  /",general
"F Um,  like you said, anti-lock brakes and air bag,  /",statement
Uh-huh. /,general
what do you think about the women that are not having families because they want to continue their business? /,question
They know exactly what they want to do. /,statement
"I think that we should not loan them anymore money,  /",statement
what do you do with your credit cards? /,question
Uh-huh. /,general
"D Well,  did you go to college? /",question
Right. /,general
"F Uh,   ((   ))  I still enjoy watching those.  /",statement
Yeah. /,general
Uh-huh. /,general
"C And,  F uh,  you put that in  /",request
C And  they waited forty-five minutes? /,question
Isn't it five minutes? /,question
"[ that's it, + E I mean,  that's ] about where almost all of the fat comes from -- /",statement
Refresh my memory. /,request
"it came out I guess about a month or, about a month and half ago, something like that.  /",statement
"D Well,  tell me about it.  /",request
"Yeah,  /",general
"Yeah,  /",general
"[ C So,  + C and then,  ] E I mean,  you go back to New York after school? /",question
C and then  the government doesn't jump on them hard enough to make them do anything. /,statement
"E I mean  [ some, +  I think some ]  people that had fairly sturdy, F um,  vehicles or  whatever if they had like a Winnebago or something  and they were farther in away from the water, I think they stayed. /",statement
"C So,  tell me about your home. /",request
C And  what will a shot be?  /,question
"F Oh,  F oh,  you are? /",question
"What about [ other, + other ] benefits?  /",question
"[  It's, + it's ] so funny when you live in one part of the country you only see that perspective.  /",general
"F Oh,  do they get rubbery,  /",question
"Yeah,  /",general
"let's do i-, /",request
C and  that's as far as <laughter> it got.  /,statement
Yeah  /,general
"C but  mostly, F uh,  just --",statement
C And  drain it real good. /,request
"I think it's pretty darned good,  /",statement
C but  go ahead. /,request
"let's example, F uh,  - /",request
it is. /,statement
"[ get a, + get a ] few  /",request
what type of exercise do you do? /,question
"we should eventually send [ someone, + people  ] to Mars but not just because it's glitzy to do so. /",statement
Tell me. /,request
Go ahead <laughter>. /,request
do you play any instruments? /,question
Yeah. /,general
"C And,  F uh,",statement
"[ that's, + that's ] real helpful,",statement
Believe me. /,request
"[ You buy it, + you buy it ] as a seasoning. /",request
"[ I, + I ] don't own a gun [ and, + and ] don't really <laughter> want one, /",statement
"F Oh  quality, okay. /",general
Right. /,general
"F Oh,  okay. /",general
"Everyone had a two way wrist watch T V -s on their wrist,",request
"D Well,  it was good talking to you, Betty. /",general
"D Well,  if our time is up we can quit. /",request
C and  she stays in the house all day while I go to work  /,statement
"What kind of driving just like commuting you'd want to [ do it, + use it ] for? /",question
"I don't need the suspense movies or  [ the, +",statement
"[Children] Well, what do you think, <noise> water running  /",question
Right <laughter>. /,general
Huh-uh.  /,general
"That, uh, uh, watching a little, little boys play soccer is, is more fun. /",statement
C but  you really need to see that movie.  /,request
Have you seen that movie? /,question
C And  you put a little bit of that over it.  /,request
"Right,  /",general
"D Now,  have you been to Yellowstone? /",question
"C But,  F uh,  why would it be illegal? /",question
"F Oh,  go ahead  /",request
"<static> I guess, F uh,  we keep it all in a safe here at the house. /",statement
"F Uh,  we went home to visit family.  /",statement
D Well  you shouldn't do that. /,request
"C And,   F uh,  we like Indian food, and Thai cuisine and, F uh,  sort of gourmet Mexican and, F uh,  things like that, as well as Tex-Mex and Italian and, F uh,  Chinese and things, [ and, + and ] things of that sort.  /",statement
"You need to put that on there, seriously. /",request
Oh. /,general
"C and  that would upset a lot of people too,",statement
C And  you let it come to a boil again  /,request
"Like [ what, + what ] kind of oldies? /",question
Uh-huh. /,general
"[ how would it, +  [ how, +  what  kind of stuff ]   [ would they, +  would you ] ]   like them to do so [ that, +  that ] you would know more about it.  /",question
"C and  you microwave it on high for seven minutes,  /",request
Go ahead. /,request
"F Um,  how about you? /",question
go ahead.   -/,request
You did.  /,general
How about you? /,question
C and  we do things together. /,statement
"Most countries require that now,  /",statement
"[ we talked, + you talked  ] [ about + before, about  ] the school funding.  /",statement
"How far out from the city, E I mean,  do you, -/",question
"C And  to me, it's like we've lost our values in this country. /",statement
<Laughter> Vegetables once in a while. /,general
"they're all real young,  /",statement
"C and,  F uh,  F oh,  that was great. /",statement
C And   the four cylinders just don't have it. /,statement
Is it David Segal.  /,question
Yeah. /,general
C and  we have a neighbor on the next block that she could always walk over there --,statement
"Are you,",question
Yeah. /,general
"C But,  to continue in that vein, I think it got a little bit warped and off the track --",statement
"<Lipsmack>  C And,  now I'll let you say something <laughter>. /",request
"C and,",statement
"D Well,  [ that's, + that's ] good, too, E I mean,  as far as entering,  /",statement
Let them simmer in the sauce itself /,request
"then, D so  D like  your  pay, what kind of a percentage do you basically keep out that you think that, D you know,   will cover all of the expenses, kind of thing? /",question
"-- now you watch,  /",request
Did they have a trial by jury for him. /,question
"it was one of the best I read,  /",statement
I really think it is. /,statement
"D Well,  they do because, what is it, carbon dioxide,",statement
<breathing>  I'll let you go ahead <laughter>. /,request
are you kidding?  /,question
"D So  how serious is the,",question
"[ C So  + C but,   ]  F uh,  D anyway,  where do you like to eat? /",question
C And  think how rich she is. /,request
"E I mean,  [ I, + I ] would recommend you look at that book --",request
"C But, F uh, F uh, we have never had a gun in the house with my children growing up.  /",statement
"What kind of, F uh,  things are you going to consider,  /",question
"F Oh,  you mean size wise they're not very big? /",question
"Okay,  /",general
"C and  they're the ones that, F uh,  D you know,  really know what's going on, have the experience and seen, D you know,  how politicians can, D you know,  screwup or what ever. /",statement
Let them go and pay their crime or their time doing something else --,request
"make them do civic duty whatever, /",request
"are you familiar with that,",question
"yeah, /",general
"C But  it's just a, - /",statement
"[ [ Is, +",question
Uh-huh. /,question
Yeah.  /,general
"I try to tell my kids  [ just, + just ] kind of be aware of what's around them, D you know   /",statement
"F Uh,  C but  then it has my name on it,  /",statement
Yeah. /,general
Yeah. /,general
"F Um,  [ then, + then ] just <laughter>, -/",request
"E I mean  look at, D you know,  the leader they had.  /",request
"F Huh,   D well  C so  does she go actually out into a different classroom [ with, + with, ] F uh,  other kids that are involved in this? /",question
"F Oh,  you should try it. /",request
"[ You buy it, + you buy it ] as a seasoning. /",request
"F Uh,   C but  [ it has been, + F um,  it's been ] interesting  [ and + ] particularly [  I, + I  ] think because the society in which we live,  families are separated.  /",statement
"we do a lot of that (( take )) ,",statement
Right <laughter>. /,general
D Well  you shouldn't do that. /,request
You look at Frito Lay.  /,request
C so  I guess they trade one for the other. /,statement
Yeah.  /,general
"C And then,  is it your quadriceps that are the worst? /",question
Uh-huh.   /,general
"C So,  F uh,  D you know,   I got my degree and got the better paying job,  /",statement
"I had a difficult time the past couple of times of getting, F uh,  answers. /",general
"F Oh,  yeah. /",general
"[ W-,  + wait. ]  /",request
Yeah. /,general
Did you see it? /,question
"D See,  you need to go there. /",request
"C And  you want to use one of your  good sauce pans that dissipate the heat because [ it, +  it ] ends up burning,  /",request
"F Uh,  however, in Colorado now, they have the emissions control law, which has really cut down, - /",statement
"C and,  F uh,  keep your mind off of negative things. /",request
"D So,  how do you feel about our policy in Latin America?  <Laughter>. /",question
"how is Texas about keeping your children out of public schools,  /",question
Start. /,request
I'm back. /,statement
"C so  [ ca-, +",question
"F Oh,  I like to think about that. /",request
Okay.  /,general
Uh-huh. /,general
"C But,  you don't have much spare time either? /",question
Uh-huh. /,general
<Laughter>  You're just going to have to imagine  what you would like as benefits <laughter>. /,request
C and  it's really impractical.  /,statement
"Since [ you're being, + you  ] can talk for hours, go ahead,  /",request
How long have you been with them? /,question
(( right )) .  /,general
"[ Y-, +",request
"C But,   F uh,  then [ the mi-, +  F uh,   the cauliflower, ] you,",request
C and  this past semester I've taken two criminal justice classes and have discussed a lot on trials. /,statement
Yeah. /,general
Okay. /,general
They bloom in the Spring. /,statement
D So  are you from Texas? /,question
"F Oh,  right. /",general
C and  how old are you? /,question
"C but,   F uh  --",statement
"[ C and,  + C and  ] stress that to your children. /",request
Uh-huh. /,general
"C But  I know you have a right to ask for a jury [ in, +",statement
Yeah. /,general
<Laughter> How about yourself? /,question
"Is that, - /",question
"that comes on right after, F uh,   the EVENING SHADE and then MURPHY BROWN,",statement
"that's [ one of, + the one ]  great  thing about it <laughter>. /",statement
Uh-huh. /,general
"I like [ to, +  to ] work out to look good and stay in shape  /",statement
we told them about the stuff  /,statement
"that's why I like some diversity the  idea that, [ I, + we ] have TIME [ which, + which ] we take from time to time  /",statement
"D See  it's about six years old now,  /",statement
D You know.  /,general
I'll let you go first. /,request
"[ [ what do you think that, +  what do you think, ] +  tell me what you think ] about this. /",request
"F Oh,  uh-huh. /",general
"F Uh,  do you want to go ahead and start? /",request
"I've been kind of, F um,  - /",statement
Uh-huh. /,general
"D Well,  try it  /",request
Okay.  /,general
C so  we'll just wait. /,request
"D well,  then have a good day. /",general
go ahead. /,request
"<breathing>  <laughter>.  D So,   tell me about your home. /",request
"--  C and  during, F uh,  certain wind directions because we get the, F uh,  Gary, Indiana --",statement
Is that better? /,question
Yeah. /,general
"F Uh,  [ what, + what, ] has been your favorite trip do you think? /",question
you go ahead. /,request
"Yeah,  /",general
Try that.  /,request
"[ I should have, + I guess I should make ] another one that says religious or  otherwise, cause I still get, -/",statement
are you on an exercise program now  /,question
D You know.  /,question
"D Well,",general
"[ C And   he gets the, + C and   you get the  ] bill and send it to him? /",question
What's the name of that again? /,question
Yeah. /,general
You know what I mean? /,question
Yeah. /,general
"if you hired me I'll be, D you know,  - /",statement
What was the reason why somebody was trying to find out all that stuff? /,question
"[ [ what, +  what would you, ] +  what [ would, +  has ] your ] experience lead you to advise, F uh,   if my child were thinking of going to the Air Force Academy,  /",question
That's right.  /,general
"been there for,  all my life.  /",statement
"go ahead,  /",request
"When you're young,",statement
"C but  it is because we, F uh,  came to this area about the same time <laughter>. /",statement
"you don't [ even, + <laughter> even ] know about it. /",statement
Uh-huh. /,general
"[ in, + D like  in ] the future, I think all women are going to work. /",statement
you want to start? /,request
"C so.   I stayed in a townhouse  for, F uh,  two years and then, F uh,  saved up enough money [ to, + to ] get a, -/",statement
"C and   [ how about, +  how about ]   D like  on the weekends.  /",question
All right. /,general
"F Uh,  what kind of things do you do? /",question
"[ what, + what ] do you do, now? /",question
"C and  it just tried to rain,  /",statement
C And  you think there are plenty of doctors? /,question
did they tell you our topic? /,question
Yeah. /,general
What have you seen? /,question
Huh-uh. /,general
"[ C and,  + C and  ] stress that to your children. /",request
"D Well  <throat_clearing>, what do you think about  Nolan Ryan being the first baseball player to earn a million dollars?  /",question
Yeah. /,general
"Uh-huh.  D Well,  /",general
"Because if you, F uh,  use drop cloths to cover everything and you use masking tape to trim out, F uh,  all the parts that you don't want to slop over onto,  you don't have to be quite as precise about how you do it  /",request
"C And  the worst part that I had with him, A [ he's, + he's ] three now  --",statement
I'm from Maryland <noise>  /,general
"F Uh,  what is it about the, F uh,  the vinegar that, F uh,  makes,",question
"That scared me to death,  /",statement
bit. /,request
"ever since I guess [ I, + I ] was growing up, my dad's always had Fords,  /",statement
C But  you need to rent the first one first. /,request
"[ you've, +  you've ] earned your interest  /",statement
"[ C But,  + C but,   ] F uh,  [ [ I, + I  ] had, + I had  ] taken this in to have it done originally. /",statement
"just go to the [ bike shock, + [ bi-, + bike ] shop ] and pick it up,  /",request
This one was only forty-five dollars.  /,statement
"Yeah,  /",general
last week we got a lot. /,statement
Yeah. /,general
C so  it was really easy for me to get quite a bit of exercise swimming  /,statement
"you've got to see it.    Especially since you have a German,  /",request
Okay.  /,general
"D So,  F uh,  do you want to start first  /",request
"Your concern on the economy was one in terms of, if it became a state would that put even more pressures [ on, + on ] Puerto Rico, or pressures on the U. S. in terms of aid /",question
F Uh.  /,general
They got the forms in personnel  /,request
Is that right?  /,question
"D Well  what kind of car, F uh,   are you thinking of buying next? /",question
-- wasn't that something of him. /,question
"C but  here [ it's, + it's ] just about right.  /",statement
"C and  in fact it used to be at Lake Brownwood,  /",statement
"[ I, + I ] read one, like maybe once a year. /",statement
"Yeah,  /",general
Huh.   /,general
"F Oh,  where do you go to college? /",question
Yes <laughter>. /,general
"D Well,  let me just start by asking what you think of this Middle East affair we've got going on? /",question
"C but  look at their war,  /",request
Yeah.  /,general
you can just light -/,request
"[ Have you, + do you ] use [ a standard, + F uh,  a standard ] spread sheet  /",question
Uh-huh. /,general
Take care.   /,general
"go ahead, - /",request
Excuse me. /,request
F Oh  <laughter>. /,general
C And  you need to go in the Spring when all the flowers are in bloom all up and down through there.  /,request
tell me about your clubs up there.  /,request
Uh-huh. /,general
How you doing? /,general
What about Utah? /,question
"D Well  [ what other, + [ [ [ we-, + we-, ] what, ] +  F uh,  what ] unique ] things you think, F uh,  that you can do about it [ [ in, + in what, ] + in Los Alamos? ] /",question
"F Oh,  okay. /",general
"D you know,  it drops, F um,  - /",statement
Uh-huh. /,general
Yeah. /,general
"Uh-huh,  /",general
"D Well,  how did you get involved in that? /",question
Where'd you move from? /,question
C So  go ahead and say <laughter>.  /,request
"D Well,  let's hope not.  /",request
"E Excuse me,  go ahead. /",request
"Do they  wind up with more red tape, and   more problems then?  /",question
Has that been the Cutlass or the Sierra? /,question
You need metal instead of plastic. /,request
You might try that.  /,request
Right. /,general
"we'll talk for five minutes,  /",request
How many kids do you have? /,question
"I'm convinced that the small V eight like [ the, + the ] Mustang's original two eighty-nine or some of the Chevy two eighty-threes,",statement
"D Well,  have you been here during the real heavy, heavy rains?  /",question
"C and  if I did not like it, I changed the channel for them.  D You know,  /",statement
C but  it just became such a pain.  /,statement
Do you listen to D like  that really heavy metal stuff  /,question
"I read the GRANT TAKES COMMAND,  /",statement
What is your situation? /,question
"[ You guys, + are you guys ] getting snow? /",question
"Go ahead,  /",request
"[ C but,  +  C but  ] since [ I, + I ] didn't want to, - /",statement
"F Uh,  PRESUMED INNOCENT? /",question
"[ C so,  + F uh,  C and  ] if you don't have the money, then use a credit card,  /",request
Does your family normally have a reunion?  /,question
Yeah. /,general
"I think [ you can use the, + you can use ] [ high, + ] D you know,  the [ ninety-two percent, + F uh,  ninety-two ] octane I don't think you'll have any trouble. /",statement
"Yeah,  /",general
"C so  if you ever go in a  restaurant, order crawfish,  /",request
At least exercise while dusting it off <laughter>. /,request
Uh-huh. /,general
"F Huh.  D Well,   you might want to get yourself, F uh,  an animal that doesn't require much attention.  Like a cat. /",request
"F Oh,  does,",general
"C and,   <clicking>  can you hold on just a second? <Laughter>. /",request
[ invite + invite ] the boss over,request
Oh. /,general
"D Well,  do you guys go camping or anything like that? /",question
Yeah. /,general
F Huh.    /,general
"D Well,  do you have separate trash cans at your desk. /",question
"Now, you can C either  use, D you know,  the kind  that comes in the little can  /",request
"Ladies,  first. /",request
C And  they're not very expensive either.  /,statement
"C And then  you,  F uh,  mix flour and  a cup of water, maybe, F uh,  one tablespoon of flour and a cup of water.  /",request
"[ C so,  + F uh,  C and  ] if you don't have the money, then use a credit card,  /",request
"Huh,  /",general
C And  keep your mind on positive things  /,request
"D Well,  you look at places like Turkey.  /",request
"[ What, + what ] if you're not doing it in order to circumvent the law though?  /",question
"C And  then I was told by somebody that works for J C Penney's  that, F uh,  [ Ross, + Ross ] is just one of those places that [ sell, + sells ] seconds. /",statement
go ahead. /,request
"C so,   we'll talk about that some. /",request
Yeah. /,general
C and  they cook meals  /,statement
Yeah. /,general
"Okay,  /",general
"F Uh,  I haven't done any of the oil or watercolor.  /",statement
Yeah. /,general
"Maybe one tablespoon or two tablespoons,   let that brown, then put all of the chicken back in there.  /",request
I just hate that that's the coach <laughter> --,statement
"D Well,  E I mean,  how,",question
probably all of the other Arab countries said that we were sort of wimpy for not forcing him out. /,statement
"you get certain circumstances where you hear about these people that have, D you know,  stolen kids and, D you know,",statement
They don't want you to tell them what to do.  /,statement
"F Oh,  okay.   /",general
"D Well  [ if you,  + if you ] can get GREEN CARD, go for it. /",request
"Course, then could, you know, at, at some point, could you ever convince someone to turn around and grow something that was productive for humankind. /",question
"Let you start <laughter>, /",request
"D well,  let's not talk about that <laughter>. /",request
"Let you start <laughter>, /",request
"[ Is it,  +",question
yet [ I -- +,statement
right [ that's -- +,statement
What --,question
Uh-huh. /,general
"Keep on watching those movies, F huh?  /",request
"and I, I know a lot of people, you know, have that  /",statement
"Have you tried [ any, + growing any, ] F um,  D like  fruits and vegetables or  anything?  /",question
C And  why would that be? /,question
Uh-huh. /,general
Uh-huh.  /,general
"F Oh,  you are?  /",question
<Baby> Yeah.  /,general
C and  he likes to do special music and stuff at church. /,statement
yeah. /,general
C And  keep smiling. /,request
Are you in an agricultural area? /,question
Uh-huh. /,general
Okay <breathing>. /,general
"Go ahead, you first <laughter>. /",request
"Yeah,  /",general
"C and  I have an older sister that loves running, too,  /",statement
"Wait, wait, wait, H, /  *[[three?]]",request
"[ are they, +  F um,   just what  you call it,  are they ] breed cats or anything  /",question
Why don't you start? /,request
go ahead. /,request
"[ it, + it's, ] F um,  eleven o'clock now here or eleven twenty-five now here in New York.  /",statement
Uh-huh. /,general
"C And so  I've put a lot more emphasis on that, on my kids --",statement
"I know when our kids were growing up, [ our, + ] we were big into water sports. /",statement
Let's see what else is on television.  /,request
C or   would that just allow everybody a chance to get out of it? /,question
"D Well,  I can go ahead and start and tell you mine  /",request
C but  every weekend a small town will sponsor a rally  /,statement
Good.  /,general
"D So,  F uh,  do you want to start first  /",request
Yes. /,general
"I started, - /",statement
Where in Arizona? /,question
Uh-huh. /,general
C but  --,question
"C and,  D you know,  when I's in graduate school working on my master's degree in math, I was, F uh,  teaching as [ part of my, + part of the ] program.   /",statement
Bye-bye. /,general
Yes.   /,general
C but  that's how we got into a problem.  /,statement
Yeah.  /,general
"C and,   D you know,  there was a few of them that obviously were doing drugs, /",statement
Call them. /,request
"Uh-huh,  /",general
"C and  then  you take ten percent of it,  /",request
What do they need cigarettes for? /,question
it depends on what your deductible is --,statement
"C and,  F uh,  what did you do about your last auto repair,  /",question
Uh-huh. /,general
"C or  do you do it to give as gifts,  /",question
"they get pretty quick,  /",statement
tell me what you think.  /,request
Uh-huh. /,general
Yeah. /,general
Huh-uh. /,general
"D well,  [ back, +  back ]  to this visiting thing,  /",request
Just let him enjoy himself <laughter>.  /,request
"C So  [ do you, + do you ] have a favorite for the series or anything? /",question
"[ I, + I, ] see a lot of things like, F uh,  scouting, F uh,",statement
C and  I tried it  /,statement
"have you [ heard of Nat, + heard of Nat ]  King Cole? /",question
"Uh-huh,  /",general
"D Well,  how about when you were in Colorado? /",question
don't you miss that with not having a television so far? /,question
"F Oh,  we never miss that,  /",statement
"C and  yet, I know of, D you know,  one teacher  who was an alcoholic --",statement
C and  then  you cook it for seven  minutes on high.  /,request
Uh-huh. /,general
C but  mostly it was just because she kind of gave up. /,statement
Do you want to tell me about your budgeting plan? /,question
"yes,  /",general
C or  do you like to plant in it? /,question
Huh.  /,general
I've heard the construction is pretty good on Fox and Jacobs. /,statement
Right. /,general
"C And,  F uh,  you look at their  society  /",request
tell me what you think.  /,request
"C and  think [ what, + what's ] it going to be like for [ [ my, + my youngest, ] + [ an + ] my oldest ] son, when he goes to school.  /",request
"Yeah,  /",general
Right <laughter>. /,general
Is it still there? /,question
"C and,  F uh,  I can't  remember one,  /",statement
He is a senior in high school  this year  /,statement
Uh-huh. /,general
"F uh,  back to the topic, /",request
"D Well,  what are you doing way in Washington? /",question
"D You know,  let's go back to our original thing with, D you know,  our experiments and all [ the, + D you know,  our ] actual exploring of space [ and, + and ] all that,  /",request
"C and  I made some, F um,  candle sconces that you hang on the ... -/",statement
Isn't that terrible?  /,question
"C and  F uh,  D you know  make my annual pilgrimage to the Lone Star Brewery,  /",request
"No,  /",general
You have health insurance? /,question
"[ It, + it ] was a really good one,  /",statement
C so  you should think about doing something like  that. /,request
"D So,  F uh,  describe your family budget. /",request
"I wish I had a boat,  /",statement
Uh-huh. /,general
"Do you have [ a, + a ] certain way that everything is placed out on the table [ every, + every ] year?  /",question
"C Because  there is just, [ i-, + impossible ] to keep up on everything else. /",statement
"You name it, I haven't been there <laughter>. /",statement
"[ C and,  +",statement
"D You know,  E I mean,  -/",question
You could be responsible for that yourself. /,request
Oh. /,general
Uh-huh. /,general
"[ that's a good, + that's a good ] topic, F huh?  <laughter>. /",question
Uh-huh.  /,general
Uh-huh.  /,general
"[ don't, + don't ] be in any hurry. /",request
"-- C and,  F uh,  F uh,  also [ that, + that, ] [ it, + ] my subconscious is working on things while  I'm working  -- /",statement
"If you want to go first, go ahead. /",request
"let's see, do you do it as a task  /",question
Uh-huh. /,general
"Yeah,  /",general
"F Uh,  go ahead,  /",request
You lost your business? /,question
"D Well,  have you been listening to   (( Iacocca's ))  arguments [ that, +  F uh,  that ] Chrysler products are the only ones <breathing>  [ that, +  that ] all have air bags? /",question
"C So  we do that [ with, + ]  because we have milk cartons, D you know,  constantly,",statement
"Uh-huh,  /",general
"-- put it to sleep, D you know.   /",request
"F Uh,  do you work for, F uh,  Texas Instruments? /",question
Uh-huh. /,general
It's not all that long ago is it <laughter>. /,question
"D Well,  F uh,  I'll let you start, I guess <sniffing>. /",request
"[ Y-, +",request
"they're [ always, + always ] happy.  /",statement
"C and,  C but  this wasn't so fun this last time for  Nathan [ to, + to ]  get out there  /",statement
A lot of testing? /,question
"[ How,  + about how ] big then? /",question
Do you know some folks who have been there? /,question
"You need to put that on there, seriously. /",request
Uh-huh. /,general
I'm from Indiana  /,statement
I'll let you start this time. /,request
"Did you,",question
who do you like?  <Laughter>. /,question
"Uh, go ahead.  /",request
"Yeah,  /",general
C and  I've seen how their school system works  /,statement
Go ahead. /,request
Uh-huh. /,general
C or   you can set up your work program and your husband's so that one of you is there all the time. /,request
Yeah. /,general
"<Breathing> C And  let them drop to the bottom  D and  maybe do a, a kind of a slow reel.  /",request
"[ That, +  that's ] a serious truck. /",statement
"D Well,  what you can do is take your car payment and put it in the bank for three or four years -- /",request
"D Well,  don't bother <laughter>. /",request
"C and  I think they're [ el-, + eligible ] for a fine.  /",statement
Is that enough during the hotter times of the year? /,question
"F Oh,  how many members were on the jury?  /",question
"Yeah,  /",general
What area do you live in? /,question
tell me about the car that you've got. /,request
"Where do you wo-, /",question
"[ You buy it, + you buy it ] as a seasoning. /",request
"Are you, F uh,  [ in-, + involved ] at all? /",question
"[ Which, + F uh,  which ] approach do you find to be, F uh,  more useful, [ the, + the ] interpretive approach or the straight reporting? /",question
"C So  what do you think [ of, + of ]  owning a home as opposed [ to, + to ] renting somebody else's? /",question
"D well  is your, - /",question
Okay.  /,general
what did you get? /,question
"Has it been, F uh,  snowing up there? /",question
Right. /,general
go ahead. /,request
"I have heard someone else, F uh,  say that, F uh,  the Canadian health insurance is absolutely excellent -- /",statement
"D You know,  you don't even think about it if it's gone. /",statement
"D Now,  you didn't hear me say that.  /",request
Including a printer? /,question
C and  they they just didn't D like  participate together with the others --,statement
Oh. /,general
"pick out where you want to live,  /",request
Could you hold on for just a moment? /,request
"is it on, F uh,  capital crimes that they have to be unanimous  /",question
Oh. /,general
"I do [ quite a, + not quite a ] lot, - /",statement
"Yeah,  /",general
C but  I don't own one of those either <laughter>. /,statement
Uh-huh. /,general
"Yeah,  /",general
"Have you ever done that,  /",question
"Then you remove it,  /",request
You really should go to Europe.  /,request
"We went up, F um,  through Oklahoma City --",statement
"D You know,  if we go out and pick up a bunch of cans from people, sure they'll save them for us, there's no problem there. /",statement
Yeah.  /,general
"Just  [ put, +  F uh,  put ] a thing on it. /",request
"[ [ [ She, + she's, ] + D yeah,    she ] can tell, +",statement
"What, F uh,  go ahead and tell me about your home <laughter>. /",request
"F Uh,  Maryland. /",statement
"C But,  [ we, + F uh,  we ] hope to get a Golden Retriever someday.   /",statement
"Does he get, - /",question
"Yeah,  /",general
"They had a regular trial by jury for him,  /",statement
Go ahead. /,request
go ahead. /,request
"Take, for instance, F um,  a large  construction company I used to work for.  Ed Swampers.  /",request
go ahead. /,request
"C But  go ahead,  /",request
"[ C So,  +  C so,  ] to make one successful,  E I mean,    E I mean  what do you all do. /",question
"I think, F uh,  there's a lot of places F uh,  F oh,  down, even in southern Utah, the [ canyons, + canyon lands ] <child_yelling> and Bryce Canyon  /",statement
Yeah. /,general
"[ Do you take her, + E or  do you go ] to a lot of comedy movies  /",question
look what we've done here at T I. /,request
"it was nice weather and stuff,  /",statement
"Yeah,  /",general
"C so,   people are either not, - /",general
"<lipsmack> D basically,  I wear pants.  /",statement
go ahead. /,request
"Uh-huh,  /",general
C and  I don't think  there's an ounce of <laughter> nutritional value in anything they have. /,statement
Uh-huh. /,general
"Take your glass, F um,  D you know,  pickle jars, [ or, +  or ] whatever, F uh,   liquid jars, D you know,   /",request
"Did you know that, -/",question
"F Uh,  [ h-, + how ]  is that going to affect the, F uh,  sports weapons?  E I mean,  rifles,",question
"[ are, +",question
Do you enjoy it? /,question
"[ that, +  that ]  whole record was pretty good.  /",statement
It took that long. /,statement
C and  I've been keeping up with the Saints a lot. /,statement
"D You know,  [ C and then,  + C and  ] Eduardo Mana's from Mexico  /",statement
"F Um,  /",general
"What about home repairs and stuff,  /",question
"Yeah,  /",general
"It's got [ [ the, + the, ] + the ] good old three fifty,",statement
C and  it's very pretty.  /,statement
Is it affordable? /,question
"Scott, let's, F uh,  talk about advice that we  can offer a parent where the child is going to go to a university -- /",request
"was there any, - /",question
"C And,  I've come to the conclusion,  A and this is a pretty scary thought to me, even,  that if a guy is convicted,  or a gal is convicted, of a crime, rather than put them in prison, because prison's  proven not to work, just let them go.  /",statement
my father was in town  /,statement
"D Well,  good to talk, /",general
Yeah.  /,general
Are they because I couldn't  read it  /,question
"right,  /",general
we have one of those in town.  /,statement
C or  are you more of a sport fisherman? /,question
"<Breathing> C And  let them drop to the bottom  D and  maybe do a, a kind of a slow reel.  /",request
"Have you seen the show, [ it's, + it's ] new this year, called HOME FRONT? /",question
right. /,general
"You mean,  really trying to plant something?  /",question
"Do you, F uh,  use a lot of credit  cards or your checking account when you go out and buy things? /",question
or do they just all have young kids. /,question
"[ it, +  it's ] hard to believe that you'd run up twenty, thirty thousand dollars of, F uh,  - /",statement
C and  surprisingly it's also an eighty-four -- /,statement
"C And  it seems to me <baby>  that [ it's, + it's ] not a totally bad idea,  /",statement
C but  go ahead. /,request
"C So  this year, he got lazy so I said, fine  /",statement
What do you read? /,question
"D anyway   back to the subject, /",request
"Yeah,  /",general
"F Oh,  there one guy brags about his piece of equipment he's using and the drop cloths and all that kind crap  /",statement
"[ Y-, +",request
C And  drain it real good. /,request
"D Well,  F uh,  what do  you think about taxes,  /",question
"if you  sentence  someone to life, life is only forty-nine  years, something like that. /",statement
C But  you go ahead now <laughter>. /,request
Uh-huh. /,general
"Hello, /",general
"[ Has, + what's ]  been your voting experience? /",question
Do you have a family? /,question
"C but  really we didn't think about the people that he was going, tr-, - /",statement
What was that? /,question
"E I mean,  you got to wonder how long they're going to keep doing that for. /",statement
Uh-huh. /,general
Uh-huh. /,general
Uh-huh. /,general
I know what you're talking about  /,statement
just a second. /,request
Is Pennsylvania kind of out of line there? /,question
"C And  [ that was really, + that was ] a good experience for me to learn a lot of discipline  /",statement
"D actually,  I think I make something, because I think, - /",statement
Uh-huh.  /,general
"go ahead, - /",request
"there have been times, though, when it gets so frigid that you <laughter>,",statement
Do they save D like  the paper [ they + they ] use at the office paper. /,question
D Now  do you ever send any of your stuff to the boutique? /,question
"Ron, have you noticed when you're driving south on thirty-five, I guess towards Waxahachie, Hillsborough on down to Austin,",question
Yes. /,general
Huh. /,general
"are you familiar with, F um,  step or  bench aerobics? /",question
Oh. /,general
"I would love to be called,  /",statement
What did you do on the farm? /,question
"wait,  /",request
"F Oh,  [ can you, + can you ] hold on for just a minute? /",request
Yeah. /,general
"[ Y-, +",request
"scratch that,  /",request
Yes. /,general
"D You know,  did we really protect them? /",question
"My daughter [ and, + and  ] I hate camping so we go shopping. /",statement
C And then  you serve it with melted butter.  /,request
Yeah. /,general
"Try to remember to respect their privacy,  /",request
C And  did you put him in daycare  /,question
Where you from?    /,question
Exempt or nonexempt. /,question
do you know what I mean? /,question
"The other thing to do if you, [ re-, +  really ] like the hyacinths,  A and I do,  is that before you plant those bulbs, stick them in the refrigerator  for five weeks or so to cool them. /",request
Uh-huh. /,general
hold on. /,request
"[ that's, + you ] need to do that.  [ [ I'll, + I'll, ] + I'll ] give you a hint.  /",request
"Yeah,  /",general
"F Uh,  one  --",statement
Yeah. /,general
<Laughter> F Oh  yeah.  /,general
"In the summer or like in the Easter time, like around now? /",question
"F Um,   [ [ [ are you, F uh,  + [ are, + are, ] ] + have you, ] + have you ]  been singing a long time  /",question
"the one I talked about the other night was good,  /",statement
Why don't you do something with those  <laughter>?  /,request
"D Well  [ if you,  + if you ] can get GREEN CARD, go for it. /",request
you need to try em  /,request
could you hold on?  /,request
Oh. /,general
"I guess it is time to close now, so  I can run go help put the kids to bed. /",request
You say you retired a year ago? /,question
Yeah.  /,general
"D like  that boutique, F um,  they take, A F oh  what was it,  twenty percent of the sell price. /",statement
"I'm a graduate student that, F uh  -- -/",statement
The Pacers don't really draw that big of a crowd <laughter>. /,statement
"Okay,  /",general
"Yeah,  /",general
"I hope it happens, because I'd be one of those that gets caught.  /",statement
What do you think about it?   /,question
"D So,  F uh,  what do you think about our involvement in the Middle East? /",question
Refresh my memory. /,request
"D Well,  got any problems on Mockingbird with crime  /",question
"[ What do you, + what  do you ] that you're, -/",question
It's what's wrong with families <laughter>. /,statement
"is that, - /",question
I was reading - /,statement
Could you hang on one minute Jim? /,request
go out and buy one now  /,request
The Bulls? /,question
and they still want kind of a sports car.  /,statement
"C So  you might, F uh,  think about that. /",request
I wonder where he gets it?  /,question
"C and  I don't need their fill-ins, D you know  <laughter>. /",statement
D Well  what other long range goals do you have besides college? /,question
"I just pushed that in, and I heard it click. /",statement
C So  she woke up with about six feet of water in her house. /,statement
"Can you hold just a second, Terry? /",request
"Are you, F uh,  shooting for a bachelor's  now, or a master's, or what? /",question
How many kids do you have? /,question
if I can  ((   ))  the other side of the coin for a moment. /,request
Yeah. F Huh  <sigh>. /,general
Uh-huh. /,general
Yeah. /,general
"how do you just, -/",question
"F Uh,  yeah,  /",general
"C And  now they want to put it in,  /",statement
"C and  how are they supposed to, D you know,  teach their kids that are coming up, D you know,  what's going on.  /",question
"If I were you, I would get  the Greatest Hits album --",request
"are they going to move to, F uh   --",question
Have you seen those? /,question
"[ it would, + it  wouldn't ] have been a  (( doubter )) . -/",statement
How about you?  /,question
"D Well  [ if you,  + if you ] can get GREEN CARD, go for it. /",request
"D Well,  let's hope not.  /",request
Have you been living there very long? /,question
"it is fun to watch some real disciplined teams play [ in, + in  ] college. /",statement
"C and  see if it, F uh,  -/",request
"D you know,  E I mean,  -/",question
What time is it there? /,question
"C but,  F um,  you have to really wash your vegetables after that  /",request
"F Huh.  D Well,   you might want to get yourself, F uh,  an animal that doesn't require much attention.  Like a cat. /",request
"C and then  there would be a whole ton of other kids, all in the same room, D you know,  /",statement
"[ what do, + what do ] you do? /",question
"C But  they didn't have anything  positive the kids could be doing, helping, D you know,  /",statement
<laughter> I don't need to see more of it.  /,statement
Uh-huh. /,general
Right. /,general
Uh-huh. /,general
"C but,  C so,  do you think that people should be required to give a couple years for the good of the country? /",question
go ahead.   -/,request
Uh-huh.   /,general
"[ C And,  +  F uh,  C so  ]  that is not as good, F uh,  D you know,   /",statement
C and  it's for them to believe that somebody else could do the things that have been done? /,question
Do you have any kids? /,question
Yep. /,general
Right. /,general
"C but,  F um,  I understand a little bit about the Texas Rangers.  /",statement
Do you know? /,question
did you use to live around here? /,question
"[ Di-, + did ] we tend to, F um,  change their [ attitu-, + attitudes ]  /",question
where are you from? /,question
Uh-huh. /,general
<Laughter>  You're just going to have to imagine  what you would like as benefits <laughter>. /,request
"like you said, you have the cold Winter  /",statement
Bye-bye. /,general
How do you feel about that?  /,question
"F Uh,  /",general
leave me in the air conditioning. /,request
Could you change that as you felt like it  /,question
You really should go to Europe.  /,request
"Are you all planning to move anytime,  /",question
Uh-huh.  /,general
"Not just there, D you know,   /",statement
Yeah. /,general
"I know that a lot of times they ask for information that they don't really need,",statement
C so  you should take my word  /,request
bit. /,request
go ahead. /,request
<Laughter>  Right. /,general
And I know that there's been battles over the states up here.  /,statement
let's talk about college basketball.  /,request
I play guitar --,statement
Hang on a minute. /,request
"yeah,  /",general
Uh-huh. /,general
okay.   /,general
can you think of another thing that you guys looked at  /,question
"F Uh,  do you want to go ahead and start? /",request
Uh-huh. /,general
Let's see what else is on television.  /,request
"C and  they work all day,  /",statement
Oh. /,general
"D So,  tell me ab-, -/",request
"do you get the, - /",question
tell me what you think.  /,request
"What we do, we have a weather station,  that we get all of this information, D you know,  temperature, wind speed,  wind direction,  /",statement
Go ahead. /,request
Uh-huh. /,general
"C And so,  [ I, + I ] guess, [ I'm, + I'm ] pretty emotional about crime, things like that now.  /",statement
make sure it's nice and brown on both sides  /,request
"If I were you, I would get  the Greatest Hits album --",request
"[ C and,  + C and  ] stress that to your children. /",request
We're going to try to make our decision by July. /,statement
I think that's about my favorite. /,statement
"D So,  F uh,  tell me about changes from say twenty years ago, since you were an adult, twenty years ago. /",request
"[ What, + F uh  --",question
Right. /,general
Uh-huh. /,general
Uh-huh. /,general
C and then  you sprinkle the cheese on top of that.  /,request
Uh-huh. /,general
"[  Where, + where ] are you from? /",question
I play about every night.  /,statement
Uh-huh. /,general
"I've [ kind of, + kind of ] gotten away from, F uh,  being a series watcher, having to keep up to date with, F uh,  -/",statement
C But  I think they've got a lot of problems. /,statement
Let's talk about the Middle East situation. /,request
Uh-huh. /,general
"C and,   F uh,  inevitably  everyone is just very interested  /",statement
It's an interesting <laughter> (( problem. ))   /,statement
Yeah. /,general
"Yeah,  /",general
"they meet with all of the parents, /",statement
On A B C? /,question
Uh-huh. /,general
"Yeah,  /",general
"C and  if you needed another pound of freon they ga-, - /",statement
Reduce the violence in the prisons.  /,request
Have you? /,question
"D Well,  yeah -- /",general
"C So  are you moti-, -/",question
"F Um,  [ do + ] the skunk, F uh,  was it kind of like a cat to have around the house? /",question
"Yeah,  /",general
Yes  ((   )) . /,general
Uh-huh. /,general
Right. /,general
"It's just starting to get me angry,  /",statement
"Put them fools in there, /",request
"Why,  have you?  /",question
"and just, it was incredible to me to see the things that they had to go through when they were really some of the best workers. /",statement
Go ahead.  /,request
"-- let them go,  /",request
"D Well,  D you know,  let's face it,  /",request
Uh-huh. /,general
Uh-huh. /,general
"C but  D you know,   you ought to get him to [ g-, +  pull ] the weeds. /",request
that's true. /,statement
Uh-huh. /,general
"C but  [ [ they, + they, ] + what if they ] never agree.  /",question
Yeah.  /,general
Uh-huh. /,general
Right. /,general
"Even when he's sad, D you know,  you great faith that he will get happy again. /",statement
Yeah. /,general
"C but  look at their war,  /",request
"E excuse me,  go ahead.  /",request
Yeah.   /,general
What is the name of this thing?  /,question
C or  did the people that had that reunion have to draw a line? /,question
"C And  so many of those kind of people, [ they got, + they  ] have a better life in prison than they have on the street anyway  /",statement
"C And   [ he, +  he ] said he didn't think it  should have gotten all those awards, he thought it was too  long  /",statement
where would you camp   ((   )) ?  /,question
[ C or  +  --,question
What did they name him? /,question
"D Now  was this his entire family, cousins, aunts, uncles --",question
"C But  look who she was running against,  D you know  <laughter>. /",request
C and  it turned out she was the assistant manager   /,statement
Uh-huh.  /,general
It's not worth my time.  /,statement
"I guess as you say, you just have to look around and decide that most of the other people that you know are paying about what --",statement
Why don't you go ahead and start. /,request
Yeah  <laughter>. /,general
C and then  for an hour and a half you hear different commentators explaining what you just heard. /,statement
"F Uh,  <ringing> I would say definitely go see that part  /",request
"Yeah,  /",general
"[ C so,  + F uh,  C and  ] if you don't have the money, then use a credit card,  /",request
"D no,  you tell me how you feel about, -/",request
"F Uh,  what, F uh,  possessed you to get the dog? /",question
"[ [ what do you think that, +  what do you think, ] +  tell me what you think ] about this. /",request
D So  what have you seen interesting on OPRAH  WINFREY lately? /,question
Tell me what you like to do. /,request
"Yeah,  /",general
"D Well,  I think that would be real  interesting for people to do,  /",statement
Okay. /,request
"[ the under-, + this is for underclassmen ] for June twenty-six -- /",statement
C But  I never used the celery seed in it. /,statement
"D Well,  do not tell that to all my friends. /",request
C but  then we can back up.  /,request
"D So,  do you use them? /",question
"What about, D you know,  D you know  how expensive new equipment and technology is.  /",question
D Well  why?  /,question
"Yeah,  /",general
that's where I was.  /,statement
"Okay,  /",general
Why do you think the apathy exists?  /,question
Uh-huh. /,general
Did you know that next week there's several T V shows coming from there in celebration of their anniversary. /,question
"[ C And,  + F uh,  C and   ]  her nose is that pink, D you know,  /",statement
C and  wouldn't I like to have her money -- /,question
What kind of a degree have you got? /,question
Tell me. /,request
"C So  you think [ if, + if ] trials were held by judges or experts, that [ they, + they ] would tend [ not to, F uh,  admit,  + not to convict ] people on circumstantial evidence? /",question
Do you have any children? /,question
Uh-huh. /,general
Uh-huh. /,general
is that what that? /,question
"[ we have, + we have ] a swimming pool,  /",statement
"D Well  [ you can, +  you can ] tell me a little bit  more about it because I don't think we did that in Utah. /",request
Yeah. /,general
"D Well,  tell me about your home. /",request
Uh-huh. /,general
"[ They're, + D you know,  they're ] wonderful.  /",statement
You know you have to have something that  kind of gets you on the right track of where you're going. /,statement
Uh-huh. /,general
"Use about half the sugar,  /",request
"[ One, + one ] guy won t-, -/",statement
Yep.  /,general
C but  something happened to the camera and the tape and -- -/,statement
Uh-huh. /,general
Right.  /,general
"C and  you ought to, D well,   as your daughters approach the college age, F uh,  start finding out about the scholarship monies because there is a lot of money out there  /",request
"D So,  what do you and your husband do? /",question
It was about a nineteen seventy.  /,statement
-- C and then  look at the weather we have down here.  /,request
Did you like it? /,question
"[ C or,  + C or  ] maybe just exercise at home.  /",request
"D Well,  since you seem to like, F uh,  Italian music, have you ever, F uh,  gotten into Gabrielli or anybody there in that era, the, F uh,  period right before, actually before Vivaldi, I guess? /",question
you've never been down to Epcot at Florida and Disney -- /,question
Yeah. /,general
"C and  you microwave it on high for seven minutes,  /",request
"--  C but   [ the, + ] F uh,  <noise>  [ what, + what ] trees [ were, + were ] there when we moved in,",statement
Yeah. /,general
D so  we've got to talk about music. /,request
"Yep,  /",general
how come you wouldn't take them to a day-care? /,question
"D Well,  let's face it,  /",request
C And  you let it come to a boil again  /,request
"C But,  on the other hand, I see my wife with, - /",statement
"Now, you can C either  use, D you know,  the kind  that comes in the little can  /",request
"Do you have to, - /",question
"F Oh,  [ [ you, + you, ] + you ] don't plan on  putting [ any, + any ] of that in? /",question
"D Well,  [ go in, + don't go in ] the winter. /",request
Why don't you tell me about your choir. /,request
"Because if you, F uh,  use drop cloths to cover everything and you use masking tape to trim out, F uh,  all the parts that you don't want to slop over onto,  you don't have to be quite as precise about how you do it  /",request
Did it work? /,question
"Yeah,  /",general
"F Um,  tell me some about your camping experiences, Carolyn. /",request
Oh. /,general
C and  he threw up again  /,statement
Uh-huh.  /,general
Oh. /,general
What? /,question
"yeah,  /",general
What do you mean fifty-five?  /,question
Uh-huh. /,general
Yeah. /,general
"D Well,  do you exercise regularly, Judy? /",question
just a moment.  <Beep>  /,request
"C and,  of course, that costs money.  /",statement
Uh-huh. /,general
Uh-huh. /,general
"How about Meryl Streep, /",question
"D Well,  what kid isn't <laughter>,",question
"Yeah,  /",general
Have you ever been to a Cowboy's game? /,question
Yeah. /,general
"[ it's got to be + D like,  it's  ] probably fifty, fifty-five, maybe. /",statement
Does it make a big difference? /,question
"F Um,  I guess if I had to rate it from one to ten, I guess,",statement
"C but,  F uh,  put all the glass in one place, and plastics, like  milk jugs, F uh,  orange juice jugs, things like that. /",request
"[ Do you go through this, + is this something that you go through ] every year <laughter>. /",question
And these are the people that make the foreign policy  /,statement
"C And  nowadays with microwaves, - /",statement
Tell me your name again. /,request
spread it out because you keep the cream cheese kind of thin. /,request
"E I mean,  we had to make the fires  and dig latrines <laughter>  and  everything. /",statement
C But  you go ahead now <laughter>. /,request
C and  --,statement
Uh-huh. /,general
"C so,  F uh,  I'm very polite [  /",statement
"F Uh,  I determine first of all what I'm going to use the vehicle for, whether it's going to be primarily as a family mover or as [ a, +  a ] personal mover.  F Uh,  where it's going to be driven, D you know,  what types of, F uh,  driving I'm going to be doing on it, primarily highway [ or, +  or ] local mileage more often.  /",statement
"C and,  F um,  F gosh  we tried, what was across the street, El Paso's --",statement
You went and planted a tree or something? /,question
"what about this situation  with [ the, +  D you know,  the, ] F uh,  continual, F uh,  harassment by Iraq right now and, F uh,   apparently failing to let the, F uh,  arms inspectors have free access. /",question
C But  on the east side of the house it runs fine. /,statement
"Yeah,  /",general
"C and  [ tha-, + they ] didn't find any problem with that, D you know,   /",statement
Okay.  /,general
Yeah.   /,general
"D So,   F uh,  have you seen any concerts lately? /",question
"[ Did you, + did you ] sustain any permanent, F uh,  injury with that? /",question
"C So  if it comes to Pittsburgh in the road shows, and  I think they have three different companies that tour the U S, F um,   you should go see it, because [ it's really, + it's really ] outstanding. /",request
Right.  /,general
Have you ever used a lathe? /,question
Yes. /,general
"Oh,   /",general
"<Laughter> <child_talking> I'm telling you, go one way or the other.  /",request
"Then you remove it,  /",request
"Your views, -/",request
"Is it cayenne pepper, you mean? /",question
Oh. /,general
"Go out to the nursing home,  help guide some craft programs, perhaps, work on some <sigh> music programs,   whatever their talents are.",request
"Is there anything else you would want to, /",question
"You might want to, - /",request
Uh-huh.  /,general
Sure. /,general
Is somebody in your family a T I -er? /,question
[ You know -- +,question
"C So,  if the economy gets better, are you going to get [ another one, + another house? ] /",question
"don't tell me what to do, D you know.  /",request
"they have all these different names for things, strategies and  all these different things.  /",statement
"C and,  F uh,  keep your mind off of negative things. /",request
"C But,   F uh,  of course I'm away from my other son those hours, too.  /",statement
"Suppose, F uh,  D well,  D you know,   they had a group who were construction oriented  /",request
"it's too nice,  /",statement
"Is, F uh,  a cruise nicer than, F uh,  if you just go, [ on a regular, + ] F uh,  D you know,  to a hotel? /",question
"F Uh,  [ I think +  ...",statement
"[ is that, + is that ] pretty common up there, F uh,  in, -/",question
<Laughter>  What did you think about that idea? /,question
Oh <pounding>.  /,general
Right. /,general
Yeah. /,general
"D Well,  [ go in, + don't go in ] the winter. /",request
Mostly for word processing type things? /,question
C and  you cover it. /,request
C So  it's just a different world. /,statement
How about you?  /,question
I don't know would you classify that as Tex-Mex? /,question
C and   that's why they were opposed to it. /,statement
she's not smart <laughter>. /,statement
"[ Y-, +",request
D Well,request
Right. /,general
fire away.  /,request
"<breathing>  <laughter>.  D So,   tell me about your home. /",request
"D so,  go ahead <laughter>. /",request
"C But  I say, D you know,  they commit crimes let them be overcrowded, <laughter> D you know  --",request
"C but  D you know,   you ought to get him to [ g-, +  pull ] the weeds. /",request
"You ought,",request
"Listen to Bruce Williams, F uh,  for financial advice. /",request
"[ I'm, + I'm ] a single mom,  /",statement
Okay. /,general
D So  tell me about where you live. /,request
Uh-huh. /,general
"-- put it to sleep, D you know.   /",request
"[ Which album, + which of his albums ]  do you think is the best? /",question
"F Um,  can you, F uh,  hang on again hon-, /",request
Go ahead <laughter>. /,request
tell me about the car that you've got. /,request
"[ [ What, + what, ] + what ] sort  [ of, + of ] regiment do you have? /",question
What year? /,question
Right. /,general
fire away.  /,request
"[ [ I, +  I, ] +  I ]  guess [ the, +  the ] best thing I like  to see from the sixties and  seventies [ is, +  of course, is ]  the mini skirt, of course <laughter>.",statement
Oh. /,general
"[ C But,  +",statement
Tell me what books you read. /,request
"Yeah,  /",general
"D Well,  try it  /",request
C and  I'm ready for it to come back. /,statement
you're probably right. /,statement
Oh <laughter>. /,general
<Laughter>  Somebody take care of me. /,request
"C So,  we don't have any long term, D you know,   in stocks, or anything like that right now,  /",statement
For the companies that already have a presence over there  /,statement
"[ C or,  + C or  ] maybe just exercise at home.  /",request
"-- [ w-, + all we ] do here is make transformers --",statement
it's the same,statement
Right. /,general
Her mother-in-law had been  in for quite some time and had different degrees of a place that she was in. /,statement
"C And,  D you know,  D like  hold on here. /",request
"Yeah,  /",general
"He was a movie  director,  /",statement
"[ How d-, + how does ] that [ work, + work ] out with, F uh,  storing your bike and showering and all that? /",question
is it along the coast [ or -- +,question
"C And  [ you need to look at, when you, + if you do decide to go with child care, you really need [ to, + to ] ] look at what your options are [ and, +  and ] look at [ the, + what they ] offer,  /",request
"Do you have just one paper,  /",question
Where? /,question
"F Oh,  you can  actually rent those? /",question
D Well  what are we going to do about it?  /,question
"I'm sure it's not till D like  twenty-five years, thirty years. /",statement
Yeah. /,general
Yeah. /,general
Yeah. /,general
You might try that.  /,request
Do you all have that? /,question
"I never had time [ for, + D you know,  to  ] sew myself a new dress or  anything like that  /",statement
C So  go ahead and say <laughter>.  /,request
Yeah. /,general
"C and  I couldn't figure what was going on  half the time,  /",statement
You understand what I am saying? /,question
Right.  /,general
"[ C and,  + <breathing> C and,  ] F uh,  he did part of the, [ in the, + ] at night because we were trying to hurry up and get it ready so we could move in,  /",statement
"go ahead,  /",request
you go ahead. /,request
Anything else you wanted to add? /,question
"Now, you can C either  use, D you know,  the kind  that comes in the little can  /",request
Uh-huh. /,general
"If you want to go first, go ahead. /",request
Uh-huh. /,general
Have you ever tried Chinese type green beans? /,question
Uh-huh. /,general
"C And  that made you even feel a little more kin [ to, + <laughter> to ] what was going on. /",statement
-- C and then  look at the weather we have down here.  /,request
Uh-huh. /,general
Okay. /,general
Have you gotten your catalog yet? /,question
"[ C So,  + C but  ] I've been at it for, D you know,  five years,  /",statement
Did you base it  on what you wanted to major in or what you would feel comfortable with  or what you could afford  /,question
don't get me to lying. /,request
"C And  that might potentially be sort of the civil right, the equivalent of the Civil Rights Act [ in, + in ] the near future, in terms of, D you know,  some real landmark bills passing and things like that.  /",statement
Oh. /,general
Yeah. /,general
"I'm not french,   (( LaRoute,",statement
"F Oh,  what? /",question
Yeah. /,general
C or  were they reabsorbed  /,question
"E I mean,  [ I, + ] not having any children, my husband was an Ohio State person,  /",statement
Uh-huh. /,general
now it's up to you  /,request
but if you have nowhere to do anything. -/,statement
"yeah,  /",general
"I really like ((   ))  a lot, - /",statement
"F Oh,  I'm glad my husband's not  like that either,  /",statement
Oh.  /,general
"C but,",statement
"D You know,  where you should try,",request
"Uh-huh,  /",general
Oh. /,general
"F Um,  I know a lot of people that have gotten them, D you know.   /",statement
"[ C so,  + C but  ] God sent us his  grace  /",statement
Can I put you on hold for one minute? /,request
C and  it's the Alsatian that's the kid's dog.  /,statement
"-- C and,  D you know,  I have lots of kids, because they know I'm there late -- /",statement
"[ You, + you ] call that number  /",request
"D Well,  you should, F uh,  run for a school board position. /",request
D well  go ahead. /,request
"Right,  /",general
"C And,  F uh,  [ [ it, + it, ] + I ] think that [ they're, + they're ] much more comfortable there. /",statement
Yeah. /,general
Uh-huh. /,general
Uh-huh. /,general
"[ C And,  + C and   ] we've got the lowest rates of the civilized countries in science and math. /",statement
"C And  the only, F uh,  branch  in the armed [ fo-, +  services ] that seems willing to do that is the Air Force.  /",statement
[ it's just the -- +,statement
"D well,  if your ever in, F uh,  D C, come look up Wayne (( Sherman )) , you'll say F oh,  yeah, talked to that guy. /",request
"F Um,  are you from this area? /",question
"[ don't, + don't ] be in any hurry. /",request
"pick out where you want to live,  /",request
Is that what you think? /,question
Okay.  /,general
"D Well,  we did go to things like aquariums and, F uh,",statement
C and  did they give you drug testing? /,question
"D Well,  don't give  too much credit to the American public for their motivational  ability  . /",request
"Was it for health, or, to look good? /",question
"I did not, F uh,  get to live through it.  /",request
"go ahead, - /",request
[ C Or  + ] is there?  /,question
Can I put you on hold for one minute? /,request
"D Well,  I was just trying to make an introduction, here <laughter>. /",request
"Yeah,  /",general
Uh-huh /,general
"F Oh,  what kind is it? /",question
"Do you, F um,  buy from dealers or from individuals? /",question
"C and  [ there's, + there's ] still quite a bit of publicity obviously,  /",statement
C And  you rotate it one time. /,request
"You know,",statement
"C but,  F uh,  in the meantime we pray over our food because I'm always looking down my plate  /",statement
"Yeah,  /",general
"Probably the most popular one but, F uh,  one that is not typically recognized as such is the Boy Scouts. /",statement
what do they get paid. /,question
What have you seen recently that you enjoyed? /,question
"[ What, + what ] do you do? /",question
Leave the shells on them so they won't just roll up. /,request
"D well,  it was nice talking to you. /",general
"Uh-huh,  /",general
I'm glad. /,statement
Why don't you do something with those  <laughter>?  /,request
Did they have Thing  /,question
"D Well,  I've enjoyed this. /",general
Uh-huh. /,general
What part of the country are you in? /,question
Is it good? /,question
C or  make everything diet. /,request
"E I mean,  [ why are they, + why are they  ] not as vocal  /",question
Were they teenagers  /,question
"D you know,  what's the trade off there,  /",question
"F Uh,  you got to have a one tenth indicator,  /",statement
Get the computers out  -- /,request
Uh-huh. /,general
"you want to go ahead and tell me your favorite team, or  who you think will be doing well this year. /",request
<Laughter>  Is he a meat and potato person? /,question
Uh-huh.  /,general
Bye <clicking> </static>.  /,general
"D Well,  I was just trying to make an introduction, here <laughter>. /",request
"C But,  F um,  I think another, <child_yelling> - /",statement
[ invite + invite ] the boss over,request
"C So  how do you know this much about, F um,  stealing cars? /",question
How about yourself? /,question
we talk about sometimes going up to Chincoteague -- /,request
We were hoping on burning a lot of the effluent up there.  /,statement
"Does he publish [ a little, + quite a bit? ] /",question
What do you think the outcome will be? /,question
"[ How far, + ] where is Clarion County in relation to, D actually,  - /",question
"they're doing a real good job of,  F uh,  separating it here.  /",statement
"D So,  tell me ab-, -/",request
"can you hold <ringing> on just a sec-, -- /",request
C And  your kids all ski? /,question
"I guess, since we've been married, we've moved a lot,  /",statement
"[ did you, +",question
"F Oh,  [ can you, + can you ] hold on for just a minute? /",request
-- put in garlic and onion powder --,request
Why not?  /,question
Remember that? <Sniffing> <dishes>. /,question
"I think it's our fault, because we as people just sue them. /",statement
there's so much going on in the world. /,statement
did you notice a big difference? /,question
It  --,statement
"Go ahead, you first <laughter>. /",request
"C and   they had never been to the United States,  /",statement
"What is your most recent, -/",question
Do you do much? /,question
"C and,  F uh,  that was about the same time I was taking piano.  /",statement
Is that how you're supposed to do?  /,question
Where do you go for steaks? /,question
"E I mean,  murder, F um,  because that one at least, you might escape  from because his victim, D you know,  his witnesses will be gone <noise>.  /",statement
Tell me your name again. /,request
"D So,  the topic is vacations? /",question
"which do I like better,  /",question
"Yeah,  /",general
Uh-huh. /,general
"D Well,  what you can do is take your car payment and put it in the bank for three or four years -- /",request
What about vacation? /,question
Uh-huh. /,general
"buy a fresh filet of fish, a nice one at [ the fish mar-, + the fish counter. ] /",request
"F Uh  <breathing> I'd be satisfied with [ a, + a ] good front wheel drive car when it comes time to replace the Sentra. /",statement
You just have to spend it if it's necessary. /,statement
Uh-huh. /,general
"Sure, go ahead. /",request
Go ahead. /,request
"my daughter has  been [ in, +  in ] Missouri for a second year,  /",statement
"</Laughter> F Oh.   D Well,  tell me, what books have you read lately? <Laughter>. /",question
"[ W-,  + wait. ]  /",request
"Go ahead,  /",request
Tobogganing. /,request
"make them do civic duty whatever, /",request
You could be responsible for that yourself. /,request
Why?  /,question
<Laughter>  Somebody take care of me. /,request
"[ C and,  + F um,  C so  ] they didn't know how it was  going to work,  /",statement
Uh-huh. /,general
"Listen,  /",general
"[ you, + you ] said you seen NO WAY OUT? /",question
"D You know,  C and so,  F um,  the thing  [ is, + is ]  that <throat_clearing>  once you've done something wrong, which is [ natio-, +",statement
"[ [ Is, + is, ] + is ] that with seafood? /",question
"C and  you add, F uh,  about a tablespoon of, what I'm using now is Jamaican curry powder. /",request
I'm working on a bachelor's degree. /,statement
"E I  mean,  what do you drive now? /",question
Yeah. /,general
You have got to drive careful. /,request
"-- C and  he was so mean to her, F um,  right after we first  got him.  /",statement
Uh-huh. /,general
"Yeah,  /",general
Ask them <laughter>. /,request
"in the winter time I usually plant some pansies in there,  /",statement
"You know, the murderers, the drug dealers, the user, put them all in   /",request
hold on. /,request
where are you? /,question
"Right,  /",general
"C So,  what kind of a house do you live in? /",question
Yeah  /,general
Do  --,question
"Uh-huh,  /",general
Uh-huh /,general
"Yeah,  /",general
Seems like it can't get much worse.   /,statement
"[ my, + my  ] parents still, F uh,  really like  country,",statement
"C And then  [ you, + you, ]  F uh,  pour [ most of the, + all of the ]  oil out of the pan  /",request
Yeah. /,general
Are you the Expressway sites? /,question
where do you live?  /,question
Right. /,general
"<Lipsmack> C So  the original question, do we think they're [ a threat to our, + D you know,  a security threat? ] /",question
"gee,   how can you draw a conclusion from it,  /",question
"we'll talk for five minutes,  /",request
C And  where they had to raise a small animal. /,statement
"D Well,  it's been good talking with you. /",general
Yeah. /,general
"I would [ very, + very ]  seriously consider buying one.  F Uh,   /",statement
"Suppose, F uh,  D well,  D you know,   they had a group who were construction oriented  /",request
D Well  let's start with you <laughter>. /,request
"Uh-huh,  /",general
"D Well,  listen  /",request
F Huh.   /,general
Yeah. /,general
"C so,   don't worry about it.  /",request
C or   you can set up your work program and your husband's so that one of you is there all the time. /,request
Uh-huh. /,general
Go ahead. /,request
Do you enjoy that one? /,question
Where do you live? /,question
go ahead. /,request
"What about, F uh,  Marino? /",question
"No,  /",general
Uh-huh. /,general
Yeah. /,general
"Was that local or, F uh,  -/",question
"I have to that, especially,  even more so, with a short iron than a long ir-, D you know,",statement
Yeah.  /,general
"F Oh,  Vietnam? /",question
Right. /,general
"[ It's just a, + it's just a ] miracle [ that + ] how fast that adds up, D you know.  /",statement
Thank you.  /,general
"C So  what you do is, you strip off, F oh,  four, five, six little rolls, coils, of line into your hand. /",statement
"F Oh,  don't tell me that <laughter>. /",request
How about yourself? /,question
"<breathing>  <laughter>.  D So,   tell me about your home. /",request
"E I mean,  it's run by a bunch of imperfect humans. /",statement
Right </music> <noise>. /,general
"D You know,  because your B M W -s, your German cars have good reputations, I think. /",statement
"[ Would, +  F uh,  would ]  you be more in favor of, F uh,  D you know,  D like  a local, F uh,  - /",question
"like you, I don't know a whole lot about it,  /",statement
"Yeah,  /",general
I wouldn't mind serving that to anybody. /,statement
Do you by any chance? /,question
"Yeah,  /",general
-- you don't have to wait for them to [ say -- +,request
"<laughter> C but,  <laughter> here we go  /",request
"Yeah,  /",general
"Doug, you want to start?  <Laughter>. /",request
"D Well,  nobody's going to forget Tom Landry. /",statement
C and  then  you cook it for seven  minutes on high.  /,request
C and  that's the thing with the jobs. /,statement
Yeah. /,general
Yes. /,general
Yeah. /,general
"That's something, D you know  <laughter>, - /",statement
were they close? /,question
D So  tell me about where you live. /,request
D Well  I think --,statement
"let's do i-, /",request
C or  have you been participating in this? /,question
Isn't that sad?,question
"Don't answer your phone, Hello.  /",request
Was it like a primer? /,question
"[  We, + we ] are kind of on the opposite where I get home  and, F uh,  while I'm cooking supper the T V is on and watching the news or trying to catch up with what is going on  /",statement
How old are your kids? /,question
"D So,  do you have any hobbies? /",question
"F Oh,  okay.  /",general
Uh-huh. /,general
Would you like four doors  /,question
Uh-huh. /,general
"C So,  [ it's like, +",statement
"My, F um,  dad had emphysema and got to the point where mother couldn't --",statement
"F Oh,  I'm all in favor of it,  /",statement
"D well,  [ maybe, + maybe ] your husband could tape it for you sometime. /",request
I guess you could consider that a hobby.  /,statement
Uh-huh. /,general
D Well  you ought to come to  North Carolina.  /,request
"I hope I don't see a lot more single moms,  /",statement
C And  we need to have more and more of them.  /,statement
It is difficult with little ones. /,statement
"in that way, at least we know that that's taken care of, D you know.   /",statement
What year is it? /,question
"Is that what this target is,  /",question
Right. /,general
"F uh,  you take a life you give yours. /",statement
Believe me. /,request
C And  you let it come to a boil again  /,request
[ C and  + --,statement
"C and,  F uh,  D well  of course, Oldsmobile has got one,  /",statement
"C so,  D you know.",question
D Well  you should of just ripped the whole thing out. /,request
"C And,   F um,  you place the shrimp [ in the, + in the ]  rice steamer,  /",request
C But  you need to rent the first one first. /,request
"[  I, + I ] don't think I'm in the, F uh,  majority [ of, + ] [ in, + in ] Texas  /",statement
"D You know   D like,   yeah,  /",general
D Well  you shouldn't do that. /,request
"I think [ it kind of, + F uh,  it ] didn't really take over the first page quite as much as it did I think during the war. /",statement
Uh-huh. /,general
"D See  [ [ the-, + the-, ] +  the ] economic situation on the whole thing. - /",statement
"F Oh,  D well,",request
"[ Do you, + do you ] kind of think it's a chore,  /",question
"C but,   F oh,  gosh, I can't even walk by Central Park  (( D yeah  ))  when summertime,  /",statement
You guys central? /,question
"C but  look at GONE WITH THE WIND, D you know.  /",request
Uh-huh. /,general
Uh-huh. /,general
You mean fifty-five dollars? /,question
Do you do Tex-Mex? /,question
"<Laughter>   Come on,  /",request
Uh-huh. /,general
"Yeah,  /",general
"C and  [ I've, + I've ] always liked that show probably the very best. /",statement
"D Well,  what kind of blue?  /",question
"[ Wh-, + what's ] the old country music like? /",question
"I remember I saw him in a huge stadium in, F uh,  Philadelphia.  /",statement
In Dallas? /,question
hold on <beep>.  /,request
"C and,  F uh,  I'd say go to, F uh,  Midland once, just for the heck of it. /",request
"C And  one of them was even a woman who was fairly old,  /",statement
go ahead. /,request
"[ How, + how ] did your daughter do it? /",question
Do you end up with very different length lines? /,question
"Do you go more for [ natural, + keeping them off naturally, ]  /",question
Did you see GHOST? /,question
Uh-huh. /,general
Yeah. /,general
Uh-huh. /,general
<<Very faint>>  Uh-huh. /,general
Oh. /,general
Yeah. /,general
"[ C But,  + C but  ] yet, D you know  we have to think about that  /",request
"-- C and,  D you know,  I'm hoping,",statement
I'll let you go first. /,request
"<Laughter>   Come on,  /",request
home study.     Is that what you  said?  /,question
"[ C so.  + C But,  ]  F uh,  D well  you ought to try that.  /",request
Yeah. /,general
"D Well,  let's face it,  /",request
"C and then,  F uh,  don't ask me what the other hair I made, - /",request
"Go out to the nursing home,  help guide some craft programs, perhaps, work on some <sigh> music programs,   whatever their talents are.",request
C But  you need to rent the first one first. /,request
Uh-huh. /,general
"and, and, and see that's another thing.  /",statement
"D Like,  F uh,  one company had proposed to me that I could come back to work after having the baby, F um,  any where between ten and forty hours a week.",statement
Uh-huh. /,general
"C But,   E I mean,  time wise, how long,  /",question
"F Oh,  don't made any excuses for him <laughter>. /",request
"Is it asphalt shingles,  /",question
"I just know that, F uh,  I saw her speak in the eighty-four Democratic convention.  /",statement
Leave the shells on them so they won't just roll up. /,request
"F Oh,  were you really,",question
that works out good. /,statement
"C So,  that is  something you might keep your eyes open for,  /",request
I don't really think anything's been broken.  /,statement
Yeah. /,general
"You've got some kids that'll pick up on it in the first three minutes you're talking about it,  /",statement
"C and  you mix it with one tablespoon onion juice and one tablespoon lemon juice, one tablespoon worcester sauce and  mix it and spread it out onto a plate.  /",request
C or  do you have to start all over every year? /,question
Go ahead. /,request
"D Now,  is he the elementary school? /",question
But what is it?  /,question
"C and  think [ what, + what's ] it going to be like for [ [ my, + my youngest, ] + [ an + ] my oldest ] son, when he goes to school.  /",request
"C And,  tell him to take you there for your anniversary, /",request
Oh. /,general
it's just we haven't found one that we've snuggled into. /,statement
C and  I don't really have all the room in the house I need  /,statement
"what do you, - /",question
Yeah.  /,general
"Yeah,  /",general
"F Oh,  yeah,  /",general
"F uh,  I think we're getting  to the point now where they're going to eventually let it be, F um,  majority vote.  /",statement
Yeah. /,general
"Are they politicians, -/",question
Right. /,general
spread it out because you keep the cream cheese kind of thin. /,request
"D Well,  try it  /",request
C but  I don't know if we'll get it or not.  /,statement
"F Oh,  uh-huh. /",general
Uh-huh. /,general
"let's say compared to Maryland <breathing>,",statement
do you like scary things? /,question
What kind of books do you like to read? /,question
they seem to be a part of life <laughter>. /,statement
C And then  you serve it with melted butter.  /,request
it's just so much better for you. /,statement
"F um,  [ now I'm, + actually [ I'm, + I'm ] ] not working anymore.  /",statement
"C and  I think with, F uh,  F um,  this, it seems like it's more the upper-class people, /",statement
Right.  /,general
C But  then heat them thoroughly in the sauce itself  /,request
Uh-huh. /,general
<laughter>  What other types of community service would they be talking about.  /,question
"C And  you only cook it until the mixture begins to boil,",request
"D Well,  I can go ahead and start and tell you mine  /",request
What do they do? /,question
You might try that.  /,request
"C but  [ it, + F uh,  it's ] tough, D you know.   /",statement
Uh-huh. /,general
D now  tell me your favorite team. /,request
Have you ever been drug tested? /,question
"F Um,  where,",question
E I mean?  -/,question
"C but,  F uh,  put all the glass in one place, and plastics, like  milk jugs, F uh,  orange juice jugs, things like that. /",request
"so you, relatively clear air. -/",statement
he did it in that?  /,question
hold on <beep>.  /,request
"You, too,  /",general
"you look at the United States,  /",request
We've lived in ours for about six years.  /,statement
"C and  I had the grades to go to college,  /",statement
Do you exercise on a regular basis? /,question
"D Well,  in the winter time, I can [ see, + see ]  another guy  /",statement
"[ I'd, + I ] never was, D you know,  [ too, + ] [ a whole lot of, + ] a big fan, D you know.  /",statement
Right.  /,general
"C but  what [ if, +  if ] that wasn't the case.  /",question
At where? /,question
Uh-huh. /,general
"Well, what kind of car would you buy?   /",question
"C So,   do you have a big family? /",question
Right. /,general
"I want to believe [ that, + that ] they really are trying to change. [ That, + that ] maybe they are headed for a more democratic society  /",statement
"my daughter does not seem to be on a real schedule yet,  /",statement
"D well,  [ back, +  back ]  to this visiting thing,  /",request
"C So  you've received a lot of, F uh,  flack? /",question
"[ h-, + ]  are you pleased with the news coverage that you're receiving? /",question
"I'm doing  some reviews of books, [ just to, + ] [ what, + ] to sort of recommend [ to + ] [ wh-, + whether ] or not a full-scale review should be done for the journal, /",statement
"Yeah,  /",general
nobody told me that it was all fake.  /,statement
if you could have the car that you wanted --,question
just a second. /,request
C Because  that was just so good.  /,statement
Right.  /,general
you go ahead. /,request
"D Well,  I guess, [ I, + ] not trying to top  you, but I grew up in Dallas county and  I can remember when they built the north part of North  Central which was built after the south part of --",statement
"F Um,  [ then, + then ] just <laughter>, -/",request
F Huh.  /,general
C and  he was the one that delivered it.  /,statement
go ahead. /,request
"if you don't like it, shoot, move on to something else.  /",request
"Yeah,  /",general
D Well  can we ask you whatever happened to Clyde? /,question
What about fast foods?  /,question
"F Uh,  C so  I let my son do it  /",statement
I guess I'll get back to my laundry <laughter>. /,request
I bought that for my husband <laughter>.  /,statement
Yeah.  /,general
Was that downtown  /,question
what do you like to cook? /,question
"[ C And,  + F um,  C and  ] another question to ask is if they're, F um,  state certified --",request
uh-huh. /,general
"[ [ [ then, + then, ] + then, ] + then ] is it worth it at all. /",question
"Yeah,  /",general
[ C so.  +,request
What's your favorite color? /,question
go on. /,request
"C And  we've taken,",statement
"If they'd been in day care the entire time and it wasn't, - /",statement
"C but,   I am opposed to, [ w-, + ] any attempts to restrict, F um,  local communities from taxing themselves above that to provide above the minimum. /",statement
"[ What about, + what about ] you? /",question
"D Actually,  it's an hour show each evening,  /",statement
C so  you should think about doing something like  that. /,request
"C and,  F uh,  I know of at least one company that specifically went over there and established a presence before nineteen ninety-two so that they would have it when it --",statement
"<Breathing> D Well,  that's all they got right now.  /",statement
Right. /,general
Uh-huh. /,general
Huh-uh.  /,general
"[ C and,   + C and  ]  he lets me, D you know,  no problem borrowing if it's,",statement
"C But,   not that I'll ever go.  /",statement
"D well,  D now  D see,  I've got two children  /",statement
yeah. /,general
C so  you should think about doing something like  that. /,request
"E I mean,  [ do you, + do you  ] find crime in Atlanta really  ((   )) - /",question
"Yeah,  /",general
"D Well,  [ we have, + we have  ] had this one for five years now.  /",statement
hold on <<Put on hold>>. /,request
"[ C and,  + C and  ] they basically, F uh,  type out abstracts which are really literally, - /",statement
you need to chop em up real fine /,request
they're not civil servant people. /,statement
"and I want,",statement
Thanks for calling. /,general
Uh-huh. /,general
"F Oh,  uh-huh. /",general
Uh-huh. /,general
"It's a little bit of a ways, /",statement
On your baseboards? /,question
"[ C and  I, +  C and  I ] use my Visa [ for, +  for ] as much as I can,  /",statement
"D yeah,  I've heard things about that.  /",statement
"[ You, + you ] call that number  /",request
C so  you should think about doing something like  that. /,request
"C And  we've done things D like  [ when, + when ] it's kind of cold.  /",statement
"They want him because he's popular, not because he can do the job. /",statement
"D Well,  let's talk about air pollution. /",request
D You know.  /,question
Yeah. /,general
"D Well,  where do you do that,  /",question
Uh-huh. /,general
What have you seen? /,question
Bye-bye.  /,general
"E I mean  this was [ four yea-, +  three years ] ago,  /",statement
"Right,  /",general
Get the computers out  -- /,request
"Yeah,  /",general
"F Oh,  don't made any excuses for him <laughter>. /",request
yeah. /,general
Go ahead. /,request
"but they'll, she'll finally accept it.  /",statement
Uh-huh.  /,general
it would be to our benefit to strengthen that country.,statement
"F Uh,   we saw, - /",statement
Is it? /,question
I would suggest seeing it at the theater.  /,request
Uh-huh.  /,general
I don't know. /,statement
C and  you cover it. /,request
Uh-huh.  /,general
"F Uh,  now here I believe that child care meets, by in large, certain standards for, F uh,  balanced food, if they provide food,  cleanliness, <<pause>> and levels of supervision --",statement
Okay. /,request
C But  it's hard to get rid of  a teacher if they're not good. /,statement
Just don't mind me if I bounce back and forth. /,request
C And  it's so complicated too.  /,statement
"Would you then go [ ha-, + ]  hiking.  /",question
Do you have children? /,question
"that's it,  /",statement
"[ C And,  + C and,  ] D you know,   our son [ and, + and ]  his wife and our daughter and her husband  and the grandkids all say, get a dog, get a dog, D you know.  /",statement
"Yeah, F uh,   /",general
C But  I really don't know  what the other solution would be --,statement
Uh-huh. /,general
"C and  are you talking about public schools being lower level, high school level or --",question
C so  I guess we lucked out when we moved here. /,statement
Yeah. /,general
Yeah. /,general
C and  you turn it one time. /,request
"what do you feel the changes in the future, D like  with the abortions and that type of thing, women in politics and --",question
"scratch that,  /",request
Yeah. /,general
Yeah. /,general
"D well,  [ wha-, + what's ] your next, - /",question
Uh-huh. /,general
"if you don't like it, shoot, move on to something else.  /",request
"C And,  F uh,  what about Astonia,  /",question
"C and  you microwave it on high for seven minutes,  /",request
"I liked it, /",statement
I was hoping you could tell me what you thought. /,request
"It's just  [ there's, + there's  ] no motivation. /",statement
"<Laughter> D Well,  put them in a salad, though,  /",request
"F Huh.  D Well,   you might want to get yourself, F uh,  an animal that doesn't require much attention.  Like a cat. /",request
go ahead. /,request
Yeah. /,general
"F Um,  do you have a lot of large  families out there in Texas,  /",question
C or  do they use prisoners? /,question
"F Oh,  okay -- /",general
<Laughter>  Huh-uh. /,general
"D Well,  let's hope not.  /",request
"What's your [ out of the, + out of the ] state type, - /",question
"Uh-huh,  /",general
C but  --,statement
[ Is that -- +,question
Right. /,general
Uh-huh. /,general
Is he fenced in? /,question
"go ahead,   /",request
C and  he never did finish it. /,statement
What does he charge me?  /,question
Do you work? /,question
C and  I look at them  /,statement
Uh-huh. /,general
"C and,   <clicking>  can you hold on just a second? <Laughter>. /",request
"Chapel Hill is kind of [ a, +  a ] ritzy city or whatever.  /",statement
Are you finding it tough trying  to find what you want  /,question
"[ C And,  + C and,  ] F uh,  D you know,  F um,  did we make the right choices?  /",question
bit. /,request
"Yes,  /",general
I'll let you go first. /,request
"[ If you were, + if you were ] closer [ [ I'd, + I'd, ] + I'd ] tell you you could come over and supervise <laughter>. /",request
That's the way we solve problems. /,statement
"Hey,  you should make yourself a promise that [ you'll, + you'll ] read one novel in the next  six months, just for you. /",request
Have you guys tackled your ceilings yet? /,question
Uh-huh. /,general
you can buy whatever you want. /,request
"Yeah,  /",general
Oh. /,general
Uh-huh. /,general
Uh-huh. /,general
do you watch soap operas? /,question
C And  you've got to admit that Congress does kind of look at things that way. /,request
"C And  my intent was that whenever something went on sale that I really had to have, I would have the cash to buy it right then and there.",statement
Uh-huh. /,general
"F Oh,  D well,  D well,  encourage her to try other things,  /",request
<Laughter>  C And so  are you an airline pilot? /,question
"D Well,  I myself wouldn't  want to be on the jury like that.  /",statement
"let's hope it,  /",request
C And  how about SILENCE OF THE LAMB? /,question
Yeah. /,general
Do you know what I mean? /,question
Yeah. /,general
Uh-huh. /,general
Uh-huh. /,general
why don't you go first. /,request
my sister drives one.  /,statement
"Right,  /",general
"Yeah,  /",general
"D well,  I found that after a couple of years of having a PARENTS magazine it was getting repetitious,  /",statement
D Well  you shouldn't do that. /,request
"C and  they had took root  right where they were, on top of each other.  /",statement
"D You know,  where you should try,",request
C So  do you have a family too? /,question
"Go ahead, you first. /",request
"Then you remove it,  /",request
"D Well,  do you have any,  F uh,  opinion on the subject? /",question
Oh is that North Carolina? /,question
Yeah. /,general
E I  mean  it's like don't worry about it  /,request
"C so,  F uh,   D you know,  [ let's, +  let's ] stick with that original trust, I guess. /",request
"D You know,  [ [ what, + what, ] + F uh,  what ] do you think is important?  /",question
our deductible's five hundred  /,statement
"Right.  F Uh,  /",general
"and who ever does is going to make, uh, a mint.  /",statement
"Yeah,  /",general
"Think about, F uh,  taxes. /",request
"we'll talk to you later,  /",general
where do you like  to go? /,question
I see. /,general
"they don't understand that because they have fifty  dollars,",statement
C and  you just need to take the little one.,request
"C because,  D you know,  that's not really fair, either.  /",statement
"[ hasn't, + has ] the N F L draft even gone yet? /",question
"I guess it is time to close now, so  I can run go help put the kids to bed. /",request
Uh-huh. /,general
Do you have children? /,question
don't get me to lying. /,request
"Yeah,  /",general
hold on one second. /,request
what kind of track is that? /,question
"[ i-, + if ] that.  /",statement
Is that right? /,question
Uh-huh.  /,general
Do you work full time? /,question
Did you have damage this year with hurricanes? /,question
"F Um,  what kind of hobbies do you have?  /",question
Oh. /,general
"D Well,  I guess then, I will go,  /",request
"[ What, + what ] do you think [ is, + F uh,  is ] an appropriate, F uh,  punishment for [ some of the various, + ] D you know,  [ such as, + things such as ] rape [ or, + or, ] F uh,  murder --",question
we talk about sometimes going up to Chincoteague -- /,request
"mix up a little, F uh,  mayonnaise with some dijon mustard,",request
Yeah. /,general
Yeah.  /,general
"C and  I would imagine that they don't  have many more than one to start with, either. /",statement
Call them. /,request
In what way? /,question
"C And  E I mean,  somebody could walk in the door,  /",statement
Yeah. /,general
"[ we, + we ] got this painter,  /",statement
"D Now,  translations, what do you mean, translations [ of, + of, ] -/",question
D Well  thank you. /,general
go ahead. /,request
"What are your thinkings on what they can do, what they'll be able to do? /",question
Yeah. /,general
C but  I can't remember who it was about.  /,statement
Right. /,general
"Why don't you go ahead and say what you feel,  /",request
What color are they? /,question
Do you know anything about  that?  /,question
C and  they smoke their dope and  drink their booze and shoot their drugs  /,statement
"Did you see that one,  /",question
Did they switch? /,question
"C So,  in that sense, [ it, + at least, philosophically, it's ] really borderline legal. /",statement
I really didn't care for the ending of it.  /,statement
Cats can deal with being inside all the time just fine.  /,statement
Uh-huh. /,general
"F Oh,  yeah,  /",general
"D Well,  let's hope not.  /",request
C and then  drain off all the grease  /,request
I didn't realize that. /,statement
Where are you from originally? /,question
Did you go on the cable cars and everything? /,question
C And  you? /,question
most of the guys were all in one class  /,statement
I wouldn't let them go to a public school system there.  /,statement
Okay. /,general
and I hope that that's the case this time. /,statement
"I really like water sports like swimming and skiing,  /",statement
"listen,  /",request
it really was.  /,statement
"F Oh,  I see.  /",general
I'm just a little bit too.  /,statement
Yeah. /,general
Are you going to go to East Texas for that? /,question
"D Well,  we just had the tour championship here in Pine Hurst. /",statement
now it's up to you  /,request
She'll let something slip  /,statement
Yeah.  /,general
"C So  it's got a lot of [ o-, + openness ] and light, also? /",question
D like  for special stuff --,statement
"C And,  F uh,  [ even if they're, + even if they're ]  discouraged, tell them that that's just a passing moment --",request
I didn't realize that there were groups that go in like that.  /,statement
Will a shot be an ounce? /,question
how many times have you heard of judges being bought over. /,question
"I think they did a pretty good job,  /",statement
Wake up. /,request
Uh-huh.  /,general
I've never been much of a runner  /,statement
Do you smoke? /,question
"wait,  /",request
"I used to have,",statement
just a second. /,request
"<Breathing> D Well  Charles, good luck to you on your, -/",general
"[ Wh-, +  when ] did you retire? /",question
"F Oh,  I see. /",general
"[ C And,  + F um,  C and  ] another question to ask is if they're, F um,  state certified --",request
"C but,  do you [ tr-, + ] keep trying anyway? /",question
I see. /,general
is insurance bad there? /,question
"Wait,  /",request
"If we could, F uh,  F uh,  - /",statement
"D Well  did you ever see, F um,  FLATLINERS. /",question
"Are you think of doing any, D like,  centuries, or ... -/",question
Yeah. /,general
"C but  that's, [ gon-, + ] to be expected. /",statement
"it took so long for someone to answer,  /",statement
"[ do you, + [ ha-, + can ] you ] recall. /",question
C or  is it pretty much isolated. /,question
"[ Where, + where ] did you go? /",question
Yeah. /,general
"Since [ you're being, + you  ] can talk for hours, go ahead,  /",request
Maury Povich? /,question
C But  barbecue is it like steaks  /,question
"-- C and,  F uh,  it's just getting going.  /",statement
"I come up there I'll have to stop by and [ have, + ] try some of your baking. /",request
C and  apparently  channel eight was way down  /,statement
"getting back to your son's football practice because it really sort of astonished me that police aren't doing, - /",statement
"-- don't go out there and start digging holes, F uh,  /",request
"C But  I believe [ [ that, + that, ] + that ] [ [ you, + one of the, ] + one of the ] best things to do, at least for me in school [ was, + was, ] I was sort of forced to take lots of different kinds of courses.  /",statement
F Oh  they do? /,question
"D Well,  D you know,   there's this old, F uh,  Jewish, A is it,  saying about an eye for an eye and a tooth for a tooth. /",statement
"D Now  do you have little kids, or what? /",question
"Every time I've ever tried one,  [ it's, + ] F uh,   I've just got wrapped in my inertia.  /",statement
"C And,  F uh,  D well,  tell your dad that now he owes you five bucks. /",request
C and then  the rest will be without rain. /,statement
"D well,  I'll talk to you later.  /",general
C and  it's pretty flat there? /,question
C And  it started raining  /,statement
"-- throw the lids and everything out,  /",request
go ahead. /,request
That would be a really good thing to do. /,statement
"You mean [ in the, + in the ] most recent conflict? /",question
spread it out because you keep the cream cheese kind of thin. /,request
All right.  /,general
Yeah  /,general
"C and  let's face it,  /",request
"What is that [ tracing, + tracking ] the flights and things? /",question
"We keep a large plastic, F uh,  [ [ just a, + D you know,  a ] + ] garbage bag in the garage. /",statement
"C and  that person is going to have a lot of, F uh,  - /",statement
Uh-huh. /,general
F Um.  /,general
How long have you had him? /,question
-- C and  she has eaten everything I have put out there.  /,statement
"C and,   F uh,   you ought to get it.  /",request
"let's hope it,  /",request
C And  I'd like to tell you first of all what's happening in our community --,statement
They're both females? /,question
<Inhaling> I am more into rock and roll myself. /,statement
Yeah. /,general
Uh-huh.  /,general
"Go ahead, you first <laughter>. /",request
"E Excuse me,  go ahead <laughter>. /",request
"F Um,  do you like living in an older home and restoring it like that? /",question
C but  go ahead. /,request
"but it's in pretty good sh-, in really good shape. /",statement
"you get hardware,  /",statement
"F Oh,  yeah. /",general
Right. /,general
Just let him enjoy himself <laughter>.  /,request
you have to --,statement
Choirs and that kind of stuff? /,question
Okay. /,general
"I think that's getting to be kind of important now that, F uh,  the price is becoming the driving factor, /",statement
Uh-huh.  /,general
"F Uh,  go ahead,  /",request
C or  did you folks do that? /,question
Are you a hacker? /,question
"[ Do you, + F uh,  do you ] ride or do you pull a cart when you play golf? /",question
"C And,   F uh,  I'm not sure that people in the education establishment really know what their purpose  is.  /",statement
"F Uh,  what are your feelings? /",question
"C and  I don't feel like I [ ha-, +  have ] enough knowledge on it [ to   even, + D you know,",statement
C or  does it come mostly from industry up there? /,question
I --,statement
"Yeah,  /",general
How does he treat the <inhaling> other people? /,question
what state are you in? /,question
what would be the first thing you'd cut?  /,question
Uh-huh. /,general
"C So  [ that was, +  that was ] a horrible experience --",statement
do you have a lot of Kosher foods there at your house? /,question
"Do you ever read, -/",question
Uh-huh. /,general
"Yeah,  /",general
"F Uh,  [ you, + if you ] sit at a table with a lot of people for your meals, you meet different people. /",statement
Uh-huh. /,general
"C o u s, c o u s.  /",statement
Uh-huh. /,general
"[ My, + my ] wife is taxed on her bonus as  well,  /",statement
"The question becomes what do you do about somebody [ who tests, + <<mispronounced>> who tests ] positive. /",question
Are you looking in the paper? /,question
"<noise>.  [ Were you in a, + were you ] the Girl Scouts, too  /",question
You mean the diesel availability? /,question
"-- I don't think it's as common as, F uh,  the newspapers would make you believe <throat_clearing>. /",statement
"do you, F uh,  think we should go metric? /",question
C And  they just brought food with them? /,question
C Or  where are you from? /,question
"[ C but  the, + C but  the ] question is, D you know,  if somebody offered D [ you, + you ] know,   a thousand dollars a day [ to, + to ] grow something in your backyard, would you do it. /",question
C and  it's very screwed up. /,statement
C or   did you do that yourself?  /,question
C and  then  you cook it for seven  minutes on high.  /,request
Uh-huh. /,general
D Well  I'd say tackle one project first and see how it goes  /,request
"D Well,  what you can do is take your car payment and put it in the bank for three or four years -- /",request
Uh-huh.  /,general
they get out their little uzis  /,statement
"F Oh,  you should try it. /",request
"Are you, F uh,  one who feels like you  [ have, +  have ] benefited from the change [ in, +  in ] roles in women?  /",question
I guess in my spare time I'll be making T shirts <inhaling>.  /,statement
"Yeah,  /",general
"listen,  /",request
"Uh-huh,  /",general
D Well  I'd say tackle one project first and see how it goes  /,request
"you ought to rent the,  F uh,  F X part one.  /",request
"whatever subject you pick, do it the knowledgeable way -- /",request
"Is it a bug,",question
Uh-huh. /,general
Does your son work for T I? /,question
"If they could just eliminate the cans and use glass,  /",statement
Did you let the can cool off? /,question
look at the Cowboys now </noise>.  /,request
"[ What kind of, + what kind of ] work do you do? /",question
"F Oh,  [ I would, +  I really would ] love to go take a class in woodworking and learn how to.  /",statement
D Like  a week at a time or just weekends? /,question
"C so,  F uh,  I remember we were first married  /",statement
Go ahead. /,request
Right. /,general
Put them in jail <laughter>. /,request
"Are they reformatories, where we're trying to take people who can't survive [ or, + or ] [ that, + that ] aren't conforming enough to society so [ that, + that ] we work well together.  /",question
"I started out with, D you know,  an I B M P C [ back in the, + D you know,  about a year ] after they came out -- /",statement
why don't you go first. /,request
"[ What, +  what ] kind of heavy metal  are we talking about?  /",question
"C but  a dog found it the other day, D you know  --",statement
Uh-huh. /,general
Get some books of whether it be Pennsylvania or Virginia --,request
Uh-huh. /,general
"it's going to be tough,  /",statement
Uh-huh. /,general
C and  you can leave a message. /,request
Uh-huh. /,general
Right.  /,general
Right. /,general
"D Well,  what do you think can be done to reduce that sort of crime? /",question
"[ I don't w-, + I don't want ] to be equal  /",statement
"D So,  F um,  [ do you think that you, + do you think that your ] family is pretty rare in that you do a lot of things or just the relationship between you and your daughter? /",question
Uh-huh. /,general
Uh-huh. /,general
"I wasn't aware that Austin was one of them,  /",statement
Okay. /,general
"do trust God because, I don't know, kids are a  blessing  /",request
did you ever play much basketball? /,question
"I've never been to other parts of South America,  /",statement
now it's up to you  /,request
why not.  /,question
"Yeah, /",general
Uh-huh. /,general
go ahead. /,request
"F Oh,  [ we always -- +",statement
have you ever had to plan a family reunion? /,question
Bye-bye.  /,general
"I come up there I'll have to stop by and [ have, + ] try some of your baking. /",request
I'm pretty bad.  /,statement
"Yeah,  /",general
"D like,  give me some examples. /",request
"Uh-huh,  /",general
<Lipsmack> Can I pick your brain  about how  you got rid of those trees?  /,request
"F um,  D so,  F um,  do you have any favorite teams? /",question
"C And  without even bothering to try to match up any other information at all, they just report everything under that name. /",statement
"E I mean,  the wives during the day,  D you know,  get, I guess, so burned out on cooking whatever they have to cook every day. /",statement
"[ What kind of, + what make ] is the mini van? /",question
"E I mean,  it's no longer [ [ the, + the,  ] + F uh,  the  ] accomplishment [ that it, + that it  ] once was  /",statement
do you have Lowe's up there? /,question
it's almost as though it puts you on different sides of a fence.  /,statement
"C And  [ I'm not, + I'm not ] opposed to any testing.  /",statement
Uh-huh. /,general
"Let's see, how about, F uh,  MAN FROM UNCLE? /",question
"You might try, F uh,   /",request
"D So,  then, were they successful? /",question
"<throat_clearing>.  F Um,  it was really funny, D you know,  that he would tell me where to stand and how to hold my arm [ and, + and ] how to, F uh,  follow through with my, F uh,  - /",statement
Do you use them frequently  /,question
"C but  I notice things on T V being [ more, +  F um,  open, more ] I believe, F uh,   /",statement
"C because  that's one thing that's  hard, with young people, [ you, + you ] can't tell them how things are -- /",statement
"hold it down a little longer,  /",request
Uh-huh.  /,general
"F Oh,  okay.  /",general
I got a Lexus L S four hundred.,statement
Have you had any lately go out? /,question
C And  I'm glad that she gets to stay home so that she can then participate with what's going on in their life. /,statement
I like to work on cars too. /,statement
"Sure,  /",general
D So.    How's your products been? /,question
go ahead. /,request
"Did you find you wore, F uh,  slacks when you were working full time  /",question
<<Very faint>>  Yeah. /,general
yeah. /,general
"D Well,  F uh,  guess it's logical to ask,  do you exercise any? /",question
"I saw tapes of her <laughter>,  /",statement
"C And then  you,  F uh,  mix flour and  a cup of water, maybe, F uh,  one tablespoon of flour and a cup of water.  /",request
bye. /,general
C But  then heat them thoroughly in the sauce itself  /,request
Right. /,general
"don't say that too loud though because, F uh,  every city and town will have a meter on your <laughter> tail pipe [ generating +  generating ] revenue,  /",request
"C And  that book, have you ever read that book?",question
Uh-huh. /,general
"all I know is some of my credit  cards, - /",statement
"Kind of scattering the vacation [ out, + throughout  ] the year. /",statement
We had this terrible rain  /,statement
"they are,  /",statement
"Yeah,  /",general
"What age, F uh,  if you don't mind me asking. /",question
"D now,  do you work? /",question
"Go in the early hours,  /",request
"[  We had, + the kids had ] rabbits for pets, /",statement
"D Well,  when you buy D like,   F uh,  canned  drinks and stuff like that, do they charge you for the deposit? /",question
Right.  /,general
Uh-huh. /,general
go ahead. /,request
"Use about half the sugar,  /",request
Yeah. /,general
C and then  you get some real sharp cheddar cheese --,request
-- have not been to Spain. /,statement
"[ What, + what ] are you looking at? /",question
"F Um,  [ if you were, + if you were ]  going to, F uh,  buy a new car would you buy [ another, + F uh,  another ] Accord? /",question
okay. /,general
we talk about sometimes going up to Chincoteague -- /,request
Yeah.   /,general
"Yeah,  /",general
"C and then  it, -/",statement
that's helped bunches -- /,statement
"E I mean,  my husband was aghast because I ate turnip greens and  liked it. /",statement
"D You know,  let the world train  them what to do <laughter>.  /",request
"It was  a,  F um,  last name's  ((   )) , - /",statement
"-- C and,   F uh,  [ it's, + it's ] a little piece of land over there <laughter>. /",statement
"F Uh,  you want to start off? /",request
it really is. /,statement
"D Like,  for instance, say, F uh,  - /",request
go ahead. /,request
"F Uh,  C and  that's just sort of inexcusable  /",statement
Uh-huh. /,general
Uh-huh. /,general
"E I mean,  [ you look, +  you look ]  at the number of marriages that are occurring right [ ou-, + ] E I mean,  even in high school,  /",request
C and  you core it.,request
"C but  I think, F uh,  if I had to personally put one of my parents in a nursing home, they would have to be pretty bad off to where I couldn't take care of them at all.  /",statement
Start. /,request
"C So,  F uh,  yeah,  /",general
"D you know,  it's just  ((   ))  there they are  /",statement
"F oh,  of course, going to school, too, it's different from the home environment, /",statement
"[ [ Is it, + is it, ] + is it ] flooding anywhere? /",question
"[ [ it's, +  it's, ] +  as far as the ban goes and everything, I don't think it's ]  possible, F uh,  to completely ban guns.  /",statement
"Yes,  /",general
"[ Do, + do ] you build on slabs down there or did you build it up off the ground? /",question
"-- you know, give them a fine, whatever,  /",request
"you want to go ahead and tell me your favorite team, or  who you think will be doing well this year. /",request
Yeah.  /,general
"C And,  F uh,  you look at their  society  /",request
"F Oh,  how was that? /",question
"What do you feel that your kids are getting in the parochial  schools that they wouldn't get in [ a, + the ] public school system? /",question
"We went  to sixty-five per cent state funding to sixty-five per cent local funding in a matter of four years.  C And,  F uh,  E I mean,  -/",statement
"F Oh,  they do? /",general
"E I mean,   [ there are tra-, +  [ there are, +  there are, ] ] - /",statement
"and two, that he not be put into a home. /",statement
Yeah  /,general
Get some books of whether it be Pennsylvania or Virginia --,request
it's a good place to go. /,statement
Got to wait a couple years. /,request
"I'm a lot like him in a way,  /",statement
Call them. /,request
"[  Did he, + did he ]  actually play in the Pro Bowl.  /",question
"[ Have, + have ] you had dogs before? /",question
Very good <laughter>. /,general
"I wish they could go on  and pay for all of our coverage, at some point.  /",statement
"You need to put that on there, seriously. /",request
Yeah. /,general
Right. /,general
Do you think the political scene? -/,question
do you think we should adopt it? /,question
"D Well,  I enjoyed talking to you,  Cathy. /",general
Yeah. /,general
"F Um.  I really wanted to do, - /",statement
C and  I wish it would stay like this all the time <laughter>. /,statement
"they're all three social issues and could be addressed by the government in any ways <sniffing>. And clearly, to me, is a kind of government thing [ to, + to ] fix  /",statement
"F Oh,  you will have to go on one. /",request
"C And,  F uh,  you look at their  society  /",request
Uh-huh. /,general
Where did you go to school? /,question
"D You know,   E I mean,  [ there's, +  what's ] to evaluate about him, D you know,   /",question
Do you have those up there? /,question
"Yeah,  /",general
"buy a fresh filet of fish, a nice one at [ the fish mar-, + the fish counter. ] /",request
C but  he's quite a character. /,statement
"F Oh,  I think [ that's a, +",statement
"C And  you, F uh,  put about two tablespoons  of, F uh,  water into this bowl, and  about an eighth a teaspoon of salt. /",request
"C and  this thing says [ that, + that, ] D you know,  [ it-, + ] people think, D well,  cow manure is good for fertilizer  /",statement
Yeah. /,general
where  does Detroit fit in? /,question
"F um,  is there anything you can do about that like --",question
Are you ready? /,question
What do you mean by world music? /,question
Yeah  /,general
C Because  isn't it pretty much  everywhere in the world?  /,question
That would be fair. /,statement
"[ we're, + we think ] books are important around here. /",general
"C and,  F uh,  anyhow, F uh,   you take, F uh,  a couple of, F uh,  cups of Bisquick --",request
I don't know.  /,general
"just go to the [ bike shock, + [ bi-, + bike ] shop ] and pick it up,  /",request
"[ C or,  + C or  ] maybe just exercise at home.  /",request
C so  you should think about doing something like  that. /,request
Yeah. /,general
Who has spare time <laughter>? /,question
"go ahead,   /",request
"Listen to Bruce Williams, F uh,  for financial advice. /",request
"D Well,  you go ahead. /",request
Oh. /,general
<Laughter>    You just go hunting?  /,question
C And  what exactly are they going to do? /,question
"C and   you knew this,  /",question
"F Uh,  watch out. /",request
"D Well,  if you ever get one, be sure the walls  are good and thick because if they're not you can hear.  /",request
All right. /,general
Yeah. /,general
D So  --,request
-- C and then  look at the weather we have down here.  /,request
Right. /,general
"D So  [ that's, + it's ] really interesting. /",statement
"F Um,  <<pause>> <lipsmack> did you have your children, did you say [ in home, + [ in, + in, ] private ] care,  /",question
"D Well,  did you see the one.  -/",question
Uh-huh. /,general
why don't you go ahead first and tell what kind of car you'd look for in your next. /,request
Uh-huh. /,general
"F Um,  you should always have three months of your salary in a savings account in case  there's a major need for that. /",request
C or  doesn't really matter. /,question
"C And  you cook it for another three minutes on high, D you know,",request
Uh-huh.  /,general
"Again we were running up against Cubans quite a bit, plus Soviet advisors.  /",statement
D So  what do the Miatas run? /,question
Uh-huh. /,general
"D well,  [ maybe, + maybe ] your husband could tape it for you sometime. /",request
Uh-huh. /,general
"And then, uh, when we got to Okinawa, well, we bought a second hand,  /",statement
You know what I did.  /,question
"Then you, F uh,  pour that in there, D you know,   to make the gravy.   /",request
we talk about sometimes going up to Chincoteague -- /,request
"D Well,  don't give  too much credit to the American public for their motivational  ability  . /",request
I would not recommend that method. /,request
E I  mean  it's like don't worry about it  /,request
look at the Cowboys now </noise>.  /,request
Should we have been there? /,question
Why don't you go ahead and start. /,request
"you want to go ahead and tell me your favorite team, or  who you think will be doing well this year. /",request
"C and,  F uh,  [ i-, + ]  it's nice,  /",statement
"get them out there, /",statement
"Pass or no fail, what is it? /",question
"C or  is it better the other way with a lot of different, -/",question
C But  why not hit the points the kid's really  interested in?  /,question
you leave a message  /,request
"I think, F uh,  what I would like to see is, number one, completely getting rid of these victimless crimes.  F Uh,  A there's no reason to enforce those and spend time and money doing it --",statement
"D Well,  you go ahead. /",request
"D Well,  you haven't told me, F uh,  what sports that you are active in. /",request
D well  I got married last summer  /,statement
C or  is it? -/,question
Uh-huh. /,general
Yeah. /,general
"What if we totally [ took money out of the camp-,  F eh,   ma-, + ] just severely limited the campaigns so money wasn't so much of an issue?  /",question
it's a suburb of Orlando -- /,statement
Uh-huh. /,general
C And  where did you go? /,question
"C but  [ in, + F uh,  in ] the paper one you have to separate.  /",statement
Go ahead. /,request
"C So,  it's a little bit more humane,  /",statement
What have you seen lately? /,question
Yeah.  /,general
Okay. /,general
Uh-huh. /,general
do you want to start out? /,request
"[ I + <laughter>, I ]  have, - /",statement
"Right,  /",general
"Try to remember to respect their privacy,  /",request
where does she live? /,question
Uh-huh. /,general
"F Uh,  what's your feeling about that? /",question
What kind of a dog is he? /,question
"C and,  F uh,   what kind of music do you like  to sing?  /",question
C and then  you pour two bottles of beer over it. /,request
Yes. /,general
Do they budget at all?  /,question
"C and,  F uh,  I'd say go to, F uh,  Midland once, just for the heck of it. /",request
Don't overcook it though. /,request
"do you have children in, -/",question
C and  D now   the young boy wants to know  /,statement
Uh-huh. /,general
if I can  ((   ))  the other side of the coin for a moment. /,request
How long did you live there? /,question
"C because  [ I guess, + I guess  ] I feel like if they're on a diet like that, I'm going to,  D you know,  honor that,  /",statement
"go ahead,  /",request
F Huh.  /,general
do you want to start out? /,request
"[ You buy it, + you buy it ] as a seasoning. /",request
"C and  I did keep statistics  for his team,  /",statement
It's a research type project on --,statement
yeah.  /,general
Tell me your name again. /,request
I haven't done much since I was a kid -- /,statement
"do you feel like you have any time,",question
"Yeah,  /",general
Go ahead. /,request
"[ Send, + send  ] them to Wisconsin, /",request
Yeah. /,general
how long have  you lived in North Carolina? /,question
"D Well,  I heard it on the news today,  /",statement
Bye-bye. /,general
C But  that's another subject  /,statement
"C And,  F uh,  you put that in  /",request
"F Oh,  D well,  you need to come out <laughter>. /",request
"Yeah,  /",general
Yeah.  /,general
"D So,  F uh,  describe your family budget. /",request
Yeah.  /,general
"[ C So,  + C or,  ] I guess, do you have  things like presentations to do or anything like that? /",question
Right. /,general
Uh-huh. /,general
"C and  you happen to take an extra penicillin, - /",statement
Tell me how yours works. /,request
"F Um,  can you, F uh,  hang on again hon-, /",request
"D like  F um,  my oldest loved SESAME STREET,",statement
"C and,  F uh,  we like to go miniature golfing and to movies. /",statement
Um-hum /,general
Uh-huh.  /,general
"Little rock stars, put all them in there. /",request
C And  that's one thing I don't like about PEOPLE.  /,statement
"C but  as I look back now I realize it was very formative for me,  /",statement
"D Well,  that's exactly what I was going to say.  /",statement
"Here, hang on just a second,  /",request
"If I wanted their products, I would have either gone to the store to bought it,  /",statement
Right. /,general
"you want to go ahead and tell me your favorite team, or  who you think will be doing well this year. /",request
Uh-huh. /,general
"D Well,  you can wait till you graduate  /",request
C or  at  least we thought they were.  /,statement
don't get me to lying. /,request
Right. /,general
How long have you been doing this? /,question
"C and  [ altog-, + all total, ] it was just under two hundred dollars, believe it or  not, to get all that done <laughter>. /",statement
"Yeah,  /",general
Uh-huh. /,general
"F Oh,  how was that? /",question
it's that sweet Chinese sauce? /,question
I'm also wondering why our taxes are still so high considering D like  the world's probably in better shape now than it has been in the last fifty years <snorting>. /,question
How old are your children? /,question
What floor? /,question
are you old enough to remember the war? /,question
D so  we've got to talk about music. /,request
"D Well,  picking up Darrell Strawberry didn't hurt. /",statement
Go ahead. /,request
"D Well,  that didn't go [ s-, + ] over,",statement
"Do they have any kind of program D like  at T I or wherever your wife works, F um,",question
"C So  if you were to improve it, what would you do to improve it? /",question
I'll tell you that <laughter>. /,statement
<laughter> That's the kind I like. <laughter> /,statement
"D Well,  [ if they, + if they  ] go up - /",statement
"F Oh,  really.   /",general
"D so  I've been, - /",statement
Did you see the end of it? /,question
"C but  we still felt the thick blame for,",statement
Right. /,general
"D Well,  did you get good results? /",question
"what else about housing except it's, F uh,  D well,  - /",question
Uh-huh. /,general
"C but  she told me about the Utah Jazz,  /",statement
"<Laughter>   Come on,  /",request
"E I mean,  [ [ [ when I, + when, ] + when, ] + when ] we came to San Antonio it was [ [ just like, + F uh,  D you know,  it just, ] + just ] swelter  /",statement
"I, I, give me cyanide.  /",request
Have a vacation in Iraq for a year <laughter>. /,request
"<Noise>  F Uh,  [ how much, + F uh,  how much ] pork do you buy --",question
Do you know what I mean? /,question
Did you know that? /,question
"D Now  Richland College [ is out, + ] it serves Richardson and, F uh,  Garland. /",statement
"I would just take her the actual paperwork once, F uh,  every week or two,  /",statement
"do you want, - /",question
never have worried about money since then. /,statement
have you ever been there? /,question
<Laughter>  Yeah.  /,general
You look at Frito Lay.  /,request
you can just light -/,request
"can you hold <ringing> on just a sec-, -- /",request
Uh-huh. /,general
"C and  think [ what, + what's ] it going to be like for [ [ my, + my youngest, ] + [ an + ] my oldest ] son, when he goes to school.  /",request
Uh-huh. /,general
you know what day lilies are? /,question
Have you?  /,question
Go ahead. /,request
"C and  I'll be honest with you,  /",statement
"they probably have a limit now,  /",statement
I would suggest seeing it at the theater.  /,request
It will come up a lot easier if you don't wait too long.   /,statement
"make them do civic duty whatever, /",request
C and  I never saw him. /,statement
"about six months later we realized we could use them,  /",statement
"Yes,  /",general
"F Um,  uh-huh. /",general
Where you from? /,question
"C But,  F uh,  I don't have luck with that tomato plant,  /",statement
"Yes,  /",general
Right. /,general
Don't let them watch it. /,request
"C because  [ it's kind of a, + it can be a ] rather controversial subject depend on who you're talking to. /",statement
"their attire is always the same, D you know.   Suits or  slacks,",statement
"I lost one, one time, F uh,  /",statement
"-- C but,  expert,  /",question
"C But,  F uh,  E I mean,  [ there's, + there's  ] a sense of priorities here, too. /",statement
What about yourself? /,question
C and  you turn it one time. /,request
Uh-huh. /,general
"F Oh,  [ can you, + can you ] hold on for just a minute? /",request
"can you tell much difference between the local radio, T V stations? /",question
"C so  he had to, -/",statement
Uh-huh. /,general
C But  hasn't it changed a lot over the years? /,question
Could you hold on for just a moment? /,request
"D Well,  last year, when he was in high school, they drew a crowd of D like  forty-one thousand for the state finals, when he played. /",statement
Oh. /,general
"D Well,  did you have has name all over them? /",question
Oh.   /,general
"D like,  F uh,  Ivan Rodriguez wasn't even born [ when, + when, ] F uh,  Nolan Ryan started pitching. /",statement
"D no,  you tell me how you feel about, -/",request
"C so  [ if I don't do that, + if I decide to stay in nursing ] I'll probably come and go to T W U. /",statement
"C But  [ you do have to have it, +  D you know,  you do have to have it ] hot when you cook it.  E I mean,",request
Uh-huh. /,general
"you want to go ahead and tell me your favorite team, or  who you think will be doing well this year. /",request
"[ How f-, + how far ] are you from Houston? /",question
"F Uh,  are there many lakes up there? /",question
"do you, F uh,  F uh,  work with a computers [ a + ] at T I? /",question
"Yeah,  /",general
What school you going to? /,question
"C And  with the kids getting older, now on the weekends they get to the bed like at ten --",statement
"D Well,  where do you take those things? /",question
tell me what you think about the Vietnam war. /,request
"Was it, - /",question
"F Oh,  don't say that. /",request
"C And,   one of his, - /",statement
"F Oh,  okay. /",general
"[ Nei-, + neither ] have I <laughter>. /",statement
"sometimes  ((   ))  I'll  (( put ))  my  (( after I )) pour that [ into my, +  back into my ] saucepan.  /",statement
"Yeah,  /",general
"<Breathing> C And  let them drop to the bottom  D and  maybe do a, a kind of a slow reel.  /",request
Uh-huh. /,general
Uh-huh. /,general
"he's [ in, + in ] Florida jail now,  /",statement
"Are you going up toward, F uh,  F uh,  - /",question
You can tell if they've gone to long because they'll turn a little bit gray  /,statement
Why don't you do something with those  <laughter>?  /,request
"Right,  /",general
what else?  /,question
"C so  they said we could either  cancel, reschedule, or take whatever was  available.  /",statement
C and  then  you cook it for seven  minutes on high.  /,request
"C and  [ I, + I ] [ did, + used ] to be all in favor of it,  /",statement
D Like  they were in their eighties. That type of thing <lipsmack>.  /,statement
Did you send one? /,question
"[ C and,  + C and  ] stress that to your children. /",request
"is it Sammy Smith,  /",question
"C and  we decided D well,  for the first year [ we, + we ] won't get a T V  /",statement
"F Ha,   how about we end this? /",question
C And  we had five. /,statement
Yeah. /,general
"F Oh,  uh-huh. /",general
<Lipsmack> Yeah. /,general
C but  <breathing> this weekend I cleaned out some closets  /,statement
Do they have a Mastercard or VISA card? /,question
"C And,  F uh,  [ even if they're, + even if they're ]  discouraged, tell them that that's just a passing moment --",request
"not only [ of, + <breathing> indirectly of ] the crime, but also indirectly by that,",statement
"It has been untypically wet for this time of year, /",statement
yeah. /,general
"mine had been [ [ a, + a, ] + a ] - /",statement
Uh-huh.  /,general
"Anyway,",question
"[ W-,  + wait. ]  /",request
Is it? /,question
D So  have you done any painting projects lately? /,question
"D You know,  everybody's not FATHER KNOWS BEST. /",statement
"D like  their immediate boundaries.  D Like  [ you're not going to go, +  D you know,  it's like the Army's not going to ]  go straight into Russia because there [ you're, +  you're ] invading their border,  /",statement
C and  you put it in. /,request
"Yeah,  /",general
"(( Go ahead )) , /",request
"I don't understand, too, why we have to have Democrats and  Republicans,  /",statement
Uh-huh. /,general
<Sniffing> Yeah. /,general
<Laughter>  Somebody take care of me. /,request
"Yeah,  /",general
It never really has.  /,statement
C or  are you using a bobber? /,question
Uh-huh. /,general
"[ Anything, + anything ] can go. /",statement
C and  you just keep beating it in.  /,request
Do you have any children? /,question
"C but,  F uh,  it's pretty typical for the area, as well.  /",statement
"C But  [ th- +   , it ] would be very  difficult to administer because I am sure that any time money and votes are involved, <laughter>  /",statement
it used to be Service Merchandise was the place to go.  /,statement
Yeah. /,general
"Scott, let's, F uh,  talk about advice that we  can offer a parent where the child is going to go to a university -- /",request
"<Laughter> D Well,  tell me,  /",request
Oh. /,general
"C So,  you will have to do that once.  /",request
"You ought,",request
<Laughter> Which one? /,question
Uh-huh. /,general
Oh. /,general
"C and  they want some quiet, /",statement
"he also has a new book out that I purchased right before I moved and  haven't had a chance to crack it open yet.  F Um,   /",statement
Yeah.  /,general
Uh-huh.  /,general
"D You know,  let the world train  them what to do <laughter>.  /",request
"C so,   D yeah,   do it as long you can <sniffing>. /",request
"Yeah,  /",general
"[ I, + E I mean  I ] think their big problem up there is, D you know,  unfortunately, - /",statement
"-- C and  in the state, F uh,  they had the  best pre med F uh,  curriculum for the,  F uh,  state institutions. /",statement
"C but  look at GONE WITH THE WIND, D you know.  /",request
Uh-huh. /,general
"D well,  I'll let you go.  /",request
"if you don't like it, shoot, move on to something else.  /",request
Uh-huh. /,general
Do you know where that is? /,question
C So  what is it now? /,question
"D Well,  do you have any pets? /",question
was it small enough that you could just hold it? /,question
I'm actually in a mall calling  /,statement
"We would watch C N N until six thirty, then we would watch, F uh,  a rotating network news of C either,  F uh,  A B C, C B S, C or  N B C  /",statement
How about you? /,question
Yeah. /,general
Ask them <laughter>. /,request
C or  are we going to keep having to try to juggle all of this? /,question
Uh-huh. /,general
"[ C and,  + C and  ] those horrible collars that they put on them with [ invinc-, + invisible ] fencing,  /",statement
the length isn't too long? /,question
Yeah  /,general
"just go to the [ bike shock, + [ bi-, + bike ] shop ] and pick it up,  /",request
"What  would you start cutting f-,  /",question
How  do you blow yours up? /,question
"Doug, you want to start?  <Laughter>. /",request
"C But,   F um,  <sniffing> F oh,  he just left for the doctor again  /",statement
"F Oh,  I see. /",general
Yeah. /,general
Yeah. /,general
"Doug, you want to start?  <Laughter>. /",request
"[ Send, + send  ] them to Wisconsin, /",request
Does he bring a little one home with him  /,question
"F Uh,   do you, F uh,  find it useable?  /",question
C but  go ahead. /,request
"Yeah,  /",general
"go ahead, - /",request
do you live in Dallas -- /,question
"D well,  if your ever in, F uh,  D C, come look up Wayne (( Sherman )) , you'll say F oh,  yeah, talked to that guy. /",request
"C and  that puts you behind too, D you know.   /",statement
"Everyone had a two way wrist watch T V -s on their wrist,",request
"Put some [ fresh, +  little fresh ]  shrimp  /",request
"Right,  /",general
"Yeah,  /",general
"D So,  tell me ab-, -/",request
Get the computers out  -- /,request
"Yeah,  /",general
C but  my dad's the type he wouldn't want to spend the money on anything. /,statement
Okay.  /,general
"My grandson got me to one day,  /",statement
Right. /,general
Right. /,general
Uh-huh. /,general
"F Oh,  wow. /",general
Uh-huh. /,general
"I guess [ my, + my ] best would be probably sixty-eight when you wake up or sixty-six, and then probably seventy-five during the day. /",statement
"C So,  F uh,  if you're near that  age <laughter> or you know somebody who is --",request
Right. /,general
"There is a place in Hewett, called, - /",statement
Give me some wonderful advice Catherine.  /,request
"just a crummy, D well,  D actually  - /",statement
explain it.  /,request
let them winter --,statement
Uh-huh. /,general
how do you manage both of those? /,question
"C and then  let it sit on the bottom,  /",statement
"and I think,",statement
"I'll stay up until two or three o'clock in the morning, D you know,  because I'm so engrossed in it  /",statement
"Right,  /",general
she started working  /,statement
Yeah. /,general
Let's see what else is on television.  /,request
"F Oh,  really -- /",general
Yeah. /,general
C But  you actually hand quilted it yourself? /,question
"D Well,  [ did, +  F um,  were ]  you able to get one while you're in college? /",question
"D well,  [ back, +  back ]  to this visiting thing,  /",request
"[ it's for, + I think,  at the same it's for ] some people to, D you know,  help them  grow in other areas, /",statement
"Do you think the jury should have a dollar figure for losing an arm, a dollar figure for losing different body parts? /",question
One moment please. /,request
Have you seen that one yet? /,question
"F Uh,  I went to a seminar,  /",statement
"I think probably just, F uh,  a lot of factories, F um,  D you know,  they have the smoke stacks, I guess you call them --",statement
Could you hold on for just a moment? /,request
"F Oh,  D well  I'll let you go if you want  to go ahead and take that, /",request
C and  --,statement
C And  I just was not ready for kids.  /,statement
Uh-huh. /,general
Uh-huh. /,general
Oh. /,general
"C but,   boy  if someone did break in, [ I don't, + I don't ] know that I could  or would even grab it <sniffing>. /",statement
hold on one second. /,request
"D So,   tell me the last time you went for a boat ride. /",request
"C but,",statement
Uh-huh.  /,general
Yeah.  /,general
What's your second favorite? /,question
"do trust God because, I don't know, kids are a  blessing  /",request
Uh-huh. /,general
Uh-huh. /,general
"go ahead, - /",request
"C because,  F um,  I know people [ at, + that ] are in all three, and people that work, D you know,   /",statement
Get the yellow ones. /,request
"F Oh,  right.  /",general
"F Oh,  yeah <laughter>. /",general
physically I wasn't able to  /,statement
Did you ever see the movie BEETLEJUICE? /,question
Right. /,general
"Take, for instance, F um,  a large  construction company I used to work for.  Ed Swampers.  /",request
How about you guys? /,question
"what does that mean for people that you work with and shake hands with and <breathing>,  -/",question
Right. /,general
"Yeah, /",general
Uh-huh. /,general
how much is it a month? /,question
Any handicrafts? /,question
"D Well,  D you know,  who is getting rich?  /",question
"C and,",statement
"D Well,  F uh,  what is your favorite kind of music? /",question
Right. /,general
Yeah.  /,general
"F Oh,  I haven't ever talked that long. /",statement
"How many ounces of gold, D you know.  /",question
Maybe we can send you some <laughter>. /,statement
Do you want to go ahead? /,question
"F Um,  what did you all do? /",question
"[ [  Have you ever, + have, ] + have ] you been downtown recent-, -/",question
"D Well,  how do you feel about it? /",question
okay? /,question
have you ever lived in a country where they use metric. /,question
Yeah. /,general
"D Well,  [ in the norman-, + in a normal ]  route of way we do things, how about the ladies go first? /",request
"take it to a logical extreme,  /",request
WUTHERING HEIGHTS? /,question
I'll let you go first. /,request
Go ahead. /,request
go ahead. /,request
"The other thing to do if you, [ re-, +  really ] like the hyacinths,  A and I do,  is that before you plant those bulbs, stick them in the refrigerator  for five weeks or so to cool them. /",request
Yeah. /,general
C and  in that respect I have to agree that I think we're taking the right stance --,statement
"<sniffing>. F Uh,  yeah.  /",general
Ask them about it.  /,request
"C and,  of course, when you talk about Mexican cuisine [ you, + ] that's kind  of like talking about American food or Chinese food, <noise>  <<dishes in background>>  because <<pause>> its regional, too. /",statement
"like that's an invasion of my privacy, I feel like. /",statement
"What do you see, F uh,  changing in the future? /",question
"C but  <laughter>. D Well,  tell me,  /",request
"C And,  F uh,  you put that in  /",request
"[ C and,  +  C and  ] [ what, + what ] do you do with the people that are over there in the mean time. /",question
"F Uh,  what do you think individuals could do, or society could do to alleviate this problem. /",question
"Do you remember, - /",question
"and you get some, like thirty minute summaries of, of news events.  /",statement
They thought that was funny.  /,statement
"C But  they're so good about clearing the roads, that, D you know,  it doesn't usually bother you very much. /",statement
"[ get a, + get a ] few  /",request
"C So,  what kind of cooking do you do up there? /",question
<Laughter>  Okay.  /,general
"We have a biographer [ who, + who ] continues every year to save clippings on any family member,  /",statement
Go ahead. /,request
"[ What other, +  what other ] type of benefits do they have that, E I mean,  Canadian based companies  ((   )) .  /",question
"Okay,  /",general
"D Well,  I was just trying to make an introduction, here <laughter>. /",request
"C or  did you have a  budget to, F uh,  get your down payment going to get a house? /",question
just a moment.  <Beep>  /,request
Yeah.   /,general
"look at this slick guy,  /",request
I don't know all of them  /,statement
"<Laughter>  C And  we've also had  extremely strong winds, fifteen to twenty miles an hour,",statement
"are you talking about cutting equipment or tools [ for tha-, + for set up? ] /",question
"D Well,  of course, [ it's, + D you know,  it's ]  one of the last few things in the world you'd ever want to do, D you know.    Unless it's just, D you know,  really, D you know,   and, F uh,  [ for their, + F uh,  D you know,   for their ] own good. /",statement
C Or  you want salary too plus what?  /,question
C And  the neighborhoods are stable --,statement
"I'm a, F uh,  F uh,  talk show person.  /",statement
Right. /,general
"E I mean,   have you ever checked, D like,  F uh,  the most money-makers [ in, +  F uh,  in ] nineteen, F uh,   ninety.  /",question
"F Um,  [ C so,  + C but,  ] I just think about [ the + all the ] different ways that we have to protect ourselves from, -/",statement
Have a vacation in Iraq for a year <laughter>. /,request
C and  you just need to take the little one.,request
"do you know any people that run up [ big, +  big ] bills? /",question
"I, F uh,  have been at my computer all day  /",statement
"C And,  F uh,  you put that in  /",request
"[ Is she  pretty spry, + is she, D you know,  pretty. ] /",question
"E I mean  C but  [ where are they, +  where are they, ]  /",question
Go ahead <laughter>. /,request
Uh-huh. /,general
I would suggest seeing it at the theater.  /,request
Yeah <<pause>> <breathing>.  /,general
"which fortunately they replaced under warranty, because it was about a three hundred or three hundred and fifty dollar part -- /",statement
"[ How do yo-, + [ wh-, +  what ] do you ] think about it. /",question
Yeah.  /,general
How many stories?  /,question
"E I mean,  just because you feel  like he was being kicked on, which he certainly was, D you know.   /",statement
What's the season?  /,question
"C and  he said he was probably weaned too young, which he was, because his mom was killed,  /",statement
"F uh,  [ who, + who ] was that with? /",question
"Can you hold just a second, Terry? /",request
Right. /,general
"D Well,  if our time is up we can quit. /",request
Huh-uh. /,general
you can buy whatever you want. /,request
Uh-huh. /,general
Now if you  use the dried kind?,request
Right. /,general
"[ how, + how ] would you spend time with kids? /",question
Uh-huh  /,general
"let's example, F uh,  - /",request
"I call on Oshman's sporting goods, again, it may be casual or it may be coat and tie.  /",statement
"Last year [ the, +  the, ] F uh,  boy twin started doing real well. /",statement
"Go ahead,  /",request
"[ C so,  + F uh,  C and  ] if you don't have the money, then use a credit card,  /",request
that's right.  /,statement
"Try to remember to respect their privacy,  /",request
hold on <beep>.  /,request
I'll just wait. /,statement
"it actually, - /",statement
spread it out because you keep the cream cheese kind of thin. /,request
How much time did she spend with them? /,question
"C So  [ you're, +",statement
What's her name by the way? /,question
C So  how much room do you have? /,question
I'll let you go first. /,request
"E I mean,  C and  that's just maybe because of the little more, [ th-, + they ] said celebrated that, F uh,   /",statement
"do you, -/",question
"C But  if you build computer systems, D like,  D well,  D you know,   what does that computer program really do, D you know.  Or, especially if  you write D like  papers,  D you know.",question
Okay. /,general
"C So  why don't you explain to me some good tips about what you've done,  which you've found useful and workable. /",request
"C So  if it comes to Pittsburgh in the road shows, and  I think they have three different companies that tour the U S, F um,   you should go see it, because [ it's really, + it's really ] outstanding. /",request
"Yeah,  /",general
Uh-huh. /,general
D so  what kind of car are you thinking about getting? /,question
C and  they have a game  /,statement
"We used a flat, latex paint -- /",statement
Did you ever see the original one? /,question
You mean that you put on a truck or what? /,question
"Which ones are you watching, the new ones? /",question
Uh-huh. /,general
"C And  you only cook it until the mixture begins to boil,",request
"Just get it out, D you know,   /",request
"You may not have to prove any  type of qualification for it I don't, -/",statement
Uh-huh.  /,general
good-bye.  /,general
Is that what you ended up going into? /,question
"nowadays, with the way the income tax, I think housing is strictly to itemize. /",statement
Is your business in Dallas then? /,question
C And  that's what I think we ought to do with the metric system. /,statement
-- you don't have to wait for them to [ say -- +,request
"Yeah,  /",general
"D well,  if your ever in, F uh,  D C, come look up Wayne (( Sherman )) , you'll say F oh,  yeah, talked to that guy. /",request
what do you think of our space budget  /,question
do they allow it? /,question
You might try that.  /,request
"F Uh,  yeah. /",general
Yeah  /,general
"you might put [ some, + D like  some  ] yellow catfish in there.  /",request
"C but  I knew people,  /",statement
"[ that's, + you ] need to do that.  [ [ I'll, + I'll, ] + I'll ] give you a hint.  /",request
Uh-huh. /,general
go ahead. /,request
Yeah. /,general
"[ Where do, + where do ] you  live? /",question
Yeah. /,general
You know what causes that? /,question
why don't you go first. /,request
"C And,   [ [ it's, +  it's  ] been, + F uh,  it's been ] something else, to say the least.  /",statement
"You need to put that on there, seriously. /",request
C And  the money didn't go with the positions. /,statement
"D Well,  that is not really true, either, F uh,   /",request
"C or  do you have some, -/",question
Have you seen the rest? /,question
Yeah. /,general
where are you? /,question
Oh. /,general
"[ what, + what ] do they win,  /",question
Uh-huh.  /,general
"C and,   <clicking>  can you hold on just a second? <Laughter>. /",request
"I think she was, /",statement
"[ [ What, +   what ] do you, +  where are you ] from? /",question
"I, I, give me cyanide.  /",request
Uh-huh.  /,general
"F Uh,  Kate, [ what kind of, + ] F uh,  where do you like to eat out? /",question
"D Well,  yeah,  /",general
"Yeah,  /",general
C but  everyone has basically their own room. /,statement
"D Well,  do you have anything planned for this summer? /",question
You can go back to work now. /,request
Go ahead. /,request
Right. /,general
<Throat_clearing>  What is your handicap? /,question
Really.  /,general
Yeah. /,general
"What, F uh,  go ahead and tell me about your home <laughter>. /",request
"C and  F oh,  it's really good. /",statement
I  don't follow actors.  <laughter>  /,statement
Yeah. /,general
Yeah. /,general
C and then  you'll  have to give me a call on gardening <laughter>. /,request
C but  go ahead  <laughter>.  /,request
Uh-huh. /,general
<Laughter> Are you eating? /,question
"Yeah,  /",general
Uh-huh.  /,general
Thank you.  /,general
"C So  [ how's the build-, + how's the weather in building  ] two? /",question
"C So  when they came up with [ these, +   this ] nationwide system of public schools, F uh,  they gave some figures out  /",statement
"D Well,  what would you, F uh,  like to cook?  /",question
Uh-huh. /,general
C so  let's make it a good one. /,request
C but  still you want them to go out and do other things.  /,statement
"<Laughter> Yes,  /",general
"do trust God because, I don't know, kids are a  blessing  /",request
Is that the stuff that koala bears  eat in Australia or something? /,question
"F Uh,   go ahead.  /",request
"C And  it was sort of like, F oh,  the hell,  /",statement
"[ Did t-, + F uh,  did it ] go up and down? /",question
"Listen to Bruce Williams, F uh,  for financial advice. /",request
it's just a war. /,statement
if I can  ((   ))  the other side of the coin for a moment. /,request
Uh-huh. /,general
"F Oh  [ he looks like little, +  I don't know, he looks like a little ] boy next door, /",statement
yeah. /,general
Are you going to trade it in on this new one  /,question
"I [ think so, + hope so, ]  /",statement
did you go to Baylor? /,question
C And  what's your job now? /,question
"D Well,  there is a woman in our choir, who is nearly famous for her apple pies, /",statement
"How abou-, -/",question
"D Well,  I take the DALLAS MORNING NEWS  /",statement
keep going. /,request
"C And  you only cook it until the mixture begins to boil,",request
"Go ahead,  /",request
Go ahead <laughter>. /,request
"[ I, + I, ] F um,  would like to start running.  /",statement
"the question [ [ of, + of, ] + D you know,  of ] how far should you take a kid in the motivation, - /",question
"North, south, east, or west? /",question
"C But  [ isn't that  , + isn't that ]  kind of   a blanket racist kind of  thing to say the blacks and Hispanics and other minorities just don't vote?  /",question
Uh-huh.  /,general
And so the drain on the family. -/,statement
Did they marry? /,question
"[ C And,  +  C and,  ]  F uh,  that's pretty much all the houses in the area, <laughter> for probably a square mile,  I'd say, at least, <breathing> maybe even a little bit more than that. /",statement
"Go ahead, you first. /",request
Yeah. /,general
"For major things like premeditated murder.  Mass murders. F Uh,  D you know,  that type of thing.  /",statement
How about you? /,question
C So  you work in  (( back grind )) ? /,question
"C but,  the only problem was that when they took that one out,  the small computer was the I B M P C <laughter>. /",statement
D Well  did they have a T V movie about him? /,question
You don't want the gum on the back of the masking tape to get dried to hard.  /,request
he was a good golfer. /,statement
Uh-huh <<very faint>>. /,general
"course, for a dinner party, you fancy things up a little bit more. /",statement
you remember when Archie Manning was a quarterback? /,question
Have you ever had a car with an air bag? /,question
"C And  [ it's also, + it's causing ] of lot of the real terrible suffering like cancer,",statement
"What's your, F uh,  feeling? /",question
Go ahead <laughter>. /,request
"make them do civic duty whatever, /",request
"C and  that they've shown, that [ it, + F uh,  to begin with, apparently it ] does cost more, /",statement
C but  they have always been a really strong team. /,statement
"D now  D see,  [ I'd, + I'd ] a never put those two together. /",statement
"Here, hang on just a second,  /",request
"if they don't vote, they don't have to be on a jury. /",statement
go ahead. /,request
Can I put you on hold for one minute? /,request
"D Now,  you didn't hear me say that.  /",request
"C and  then  you take ten percent of it,  /",request
"C And  there were so many different shadings and colors,  /",statement
C but  I could see getting one from birth and everything. /,statement
Are they things you already owned   or you pick them up  just to do that refinishing? /,question
you have a bonus? /,question
"Yes,  /",general
"Yeah, F uh,   /",general
Right. /,general
Yeah.  /,general
Whereabouts? /,question
"C and  you mix it with one tablespoon onion juice and one tablespoon lemon juice, one tablespoon worcester sauce and  mix it and spread it out onto a plate.  /",request
Right </breathing> </talking>. /,general
It sounds like your kids are doing stuff <laughter>.  /,general
just a moment.  <Beep>  /,request
Tell me how yours works. /,request
"C And  [[ her, + her ] husband's name is, + his last name is ] Weight. /",statement
you need to try em  /,request
explain it.  /,request
"C And,  tell him to take you there for your anniversary, /",request
"C and  you put a bay leaf and put some, F uh,  red pepper over it. /",request
"C but,  F uh,  put all the glass in one place, and plastics, like  milk jugs, F uh,  orange juice jugs, things like that. /",request
Uh-huh.  /,general
"E excuse me,   it sounds like we both have colds. /",statement
Yeah. /,general
A two eighty-six.  /,statement
"you might put [ some, + D like  some  ] yellow catfish in there.  /",request
Did you like it? /,question
Is that locally? /,question
"C But  [ the book is, + the magazine is ] full of these [ mail order, + computer mail-order ] houses  /",statement
the property tax that we pay is so much higher than my parents pay in Missouri.  /,statement
Yeah.  /,general
F Huh.  /,general
Now if you  use the dried kind?,request
Uh-huh. /,general
"It's [ so, +  so ] alluring, and -- +",statement
Uh-huh.  /,general
"You ought,",request
"F Uh,  I don't like to go to the drive-thrus because sometimes they get your order wrong -- /",statement
"D Well,  let's talk about air pollution. /",request
I think the last thing I did of any significance was change the water pump on an Oldsmobile. /,statement
"Uh-huh,  /",general
"Yeah,  /",general
Uh-huh. /,general
Uh-huh. /,general
why don't you go ahead first and tell what kind of car you'd look for in your next. /,request
"[ It's like, +  it's like ] [ have you, + [ have  -- +",question
Do you have all kinds of different fish  /,question
D now  tell me your favorite team. /,request
Do you like your job? /,question
"I did not, F uh,  get to live through it.  /",request
"C but  hopefully, they have. /",statement
C but  it runs good. /,statement
F Huh.  /,general
"and, uh, and then the people that have it, - /",statement
Go to work for U T.  /,request
keep going. /,request
<<Very faint>>  Uh-huh. /,general
D see  I never even heard that there was  a book tied in with that movie.  /,statement
"C And  you can go [ out, +  outside ] in the daytime, all right,  /",statement
C And  what religious faith? /,question
"Do you, F uh,  do any woodworking? /",question
"C or  how much money they're putting into it, F uh,   /",statement
Uh-huh.  /,general
"Why not go to adults, too? /",question
"Where is tha-,  -/",question
"Do you have any personal feelings [ on, + on ] F uh,  the subject? /",question
"C and  I am  just in awe to see this, /",statement
Right.   /,general
They can't take your land unless you don't pay your land taxes. Period. /,statement
Think about what you can buy for sixty dollars. /,request
"F Uh,  what age group [ i-, + ] [ are, +  are   ] they looking at? /",question
"He doesn't get, F um,  vacation benefits  /",statement
"[ [ I don't, + D you know,  you don't, ] + I don't ] know enough about it because I just listen, - /",statement
"make them do civic duty whatever, /",request
"Yep,  /",general
What do you do?  /,question
"E I mean,  [ they, + you ]  can love them all you want  /",statement
F Um.  /,general
"a lot time is spent doing things as far as the yard work or housework or,",statement
"Yeah,  /",general
"[ Did, +  did ] you go to college? /",question
"I start to rebel,  /",statement
<Breathing> Wouldn't that be nice?  <Laughter>. /,question
have you ever been to the Olive Garden? /,question
"Now give them,",statement
they hold it on the weekends? /,question
How old is he? /,question
You might try that.  /,request
"F Oh,  <laughter>. /",general
Right. /,general
Yeah. /,general
"Yeah,  /",general
"<Laughter>  D Well,  [ do-, + don't ] ever get one for a pet. /",request
Have a good day. /,general
"I guess when I think of social changes, I [ think, + think ] more of, F uh  <lipsmack>, F uh,  visiting habits of families --",statement
"C So  will, you, F uh,  breed one of the litter, then next year? /",question
D Actually  did you see DIRTY ROTTEN SCOUNDRELS? /,question
Right. /,general
why don't you go ahead first and tell what kind of car you'd look for in your next. /,request
"D well,  any other comments. /",question
"Yes,  /",general
Yeah. /,general
"Most of the okra  that is growing around higher [ is, + is, ] F uh,  later okra. /",statement
-- C and then  you're stuck  /,statement
Yeah.   /,general
We have this dream. /,statement
Uh-huh. /,general
"would you, F uh,  like to begin or would you like me to start? /",question
and because of the war  /,statement
Just a minute.  /,request
that's where practically everybody I talked to is from. /,general
"buy a fresh filet of fish, a nice one at [ the fish mar-, + the fish counter. ] /",request
"Cindy, have you seen DANCES WITH WOLVES? /",question
Oh. /,general
"C and  you microwave it on high for seven minutes,  /",request
Yes. /,general
"C but  if you have to, D you know,  how do you make sure,  /",question
"I guess the minute marks,  /",statement
Go ahead. /,request
"I think we've got a neighborhood watch program here in Minneapolis,  /",statement
Uh-huh. /,general
"C and then  he tells you how to invest that money in order to, F uh,  D you know,  be wealthier. F Uh,   /",statement
"Yeah,  /",general
Yeah. /,general
yeah. /,general
F Um.  /,general
Let's hear about your hobbies. /,request
"yeah,  /",general
Yeah. /,general
"C and  you really didn't have anywhere to go,  /",statement
"how about the injection, /",question
Uh-huh. /,general
You're a student? /,question
"C So  you would trust the decision making [ dec-, + ] economists? /",question
"[ You, + you ] ever been to Vincent's? /",question
"D You know,  he was one of the few who come through in history that can really perform,  /",statement
"D So,  [ the, + the ] end scenes [ are, + are ] kind of suspenseful, D you know,  when she realizes he's in the house, D you know,   after her,  /",statement
Thanks so much.   /,general
Uh-huh. /,general
Okay.  /,general
You know what I mean?  /,question
"E I mean,  recycling [ was a, + was a ] wartime thing. /",statement
We're talking --,statement
"D Well,  we enjoy having pets.  /",statement
"-- C and  the other part of her family was up in, F uh,  New York state. /",statement
Yeah. /,general
"I was brought up with tuna fish, D you know,  where you put in, F uh,  F oh,  chopped hard boiled eggs which [ is -- +",statement
Uh-huh. /,general
Uh-huh. /,general
How about yourself? /,question
"Overseas, where would you be going? /",question
"mix up a little, F uh,  mayonnaise with some dijon mustard,",request
You have got to drive careful. /,request
Huh. /,general
"take it to a logical extreme,  /",request
Yeah.  /,general
Uh-huh. /,general
"C And  still my little boy, he watches videotapes.  /",statement
C and then  you let it  simmer  /,request
"I'm from New England,  /",statement
"D Well,  I can go ahead and start and tell you mine  /",request
C and  you core it.,request
"C So,  tell me about your home. /",request
"C so,",question
Are you a teacher? /,question
"D Well,  isn't it very hard to teach young children and then come home and  deal --",question
"let's hope it,  /",request
Uh-huh. /,general
"D Well,  F um,  do a lot of people take advantage of it? /",question
"that it's, it's really a sad commentary on, uh, you know, a life in general, /",statement
where do you go? /,question
"[ What, + what ] do you feel is [ the, + the ] major change that's been going on? /",question
All right. /,general
"Like that girl in New York that got beat up by, D you know,  - /",statement
"-- C or  do I look for a used car that's maybe [ two, + three ] years old [ that  -- +",question
Yeah. /,general
Right. /,general
Uh-huh. /,general
"D Well,  if you ever get one, be sure the walls  are good and thick because if they're not you can hear.  /",request
"What about, F uh,  white collar crimes  like, F uh,  theft of trade secrets. /",question
"D Well,  I guess then, I will go,  /",request
"F Uh,  I'm not sure where Georgia ranks in the nation  /",statement
C so  you should think about doing something like  that. /,request
Right. /,general
<Clanging> Uh-huh. /,general
Huh-uh.  /,general
"C And  I was losing jobs just from doing a poor job, D you  know.   /",statement
Yeah.  /,general
Uh-huh. /,general
C And  you've got to admit that Congress does kind of look at things that way. /,request
Uh-huh. /,general
Both my husband and I work  /,statement
Uh-huh. /,general
"C And,   is your mother still living? /",question
"E I mean,  first of all, F uh,  her children were sick all the time.  /",statement
"[  We are, + we were ] really quite pleased with it.  /",statement
Uh-huh. /,general
"Are  [ you  on, + you on ] any leagues now? /",question
"C and,   <clicking>  can you hold on just a second? <Laughter>. /",request
C but  she gets paid for forty. /,statement
"C and,  hold on a second.  /",request
Yeah.   /,general
You have got to drive careful. /,request
"D anyway   back to the subject, /",request
go ahead. /,request
It's eighty-five for the Optima.  /,statement
"[ You buy it, + you buy it ] as a seasoning. /",request
"[ the only school bus, + the only buses ]  you  see are school buses,  /",statement
"C and,  F uh,  keep your mind off of negative things. /",request
good luck in your car hunting. /,general
Yes.   /,general
have you had problems getting colors to match? /,question
"D Well,  listen,  /",request
"C and,  the first year we were there it was kind of like, eight hundred dollars, /",statement
how were you decorating the baskets? /,question
"some of the places now, F um,  like I B M don't allow them smoking, D you know  --",statement
"F Oh,  okay.  /",general
"D Well,  you can wait till you graduate  /",request
"You should always have an  umbrella permit that bridges your life insurance and your medical and your, F uh,   F uh,  car insurance in case you run into a lawyer and you break his arm.  /",request
"C But  [ use, + use ] good, F uh,  stuff and buy it at a paint store where they have the right brands,",request
Uh-huh. /,general
Yeah.  /,general
Hi. /,general
<Sniffing> These people that are  carriers and  [ don't  + --,question
"you might put [ some, + D like  some  ] yellow catfish in there.  /",request
"C And  he'd never been outside, D like,   D you know,  by himself outside. /",statement
Bye. /,general
"[ I, + it's ] like they see that word  /",statement
"Uh-huh,  /",general
-- C and  I went  /,statement
Uh-huh. /,general
What  part of California  are you from?  /,question
"[ Up, + upstate  ] New York somewhere,",statement
"C so,  what's your next purchase supposed to be? /",question
"Is it,  -/",question
"C and  you mix it with one tablespoon onion juice and one tablespoon lemon juice, one tablespoon worcester sauce and  mix it and spread it out onto a plate.  /",request
Yeah.  /,general
start prosecuting they  /,request
Uh-huh.  /,general
"C So  where do you live at, - /",question
Do you? /,question
K O A -s are wonderful.  /,statement
Uh-huh.  /,general
"Yeah,  /",general
Like what? /,question
C And  you make sure that you keep up with them for the next time. /,request
"Even though my, F um,  mother's people are from Georgia. /",statement
C and  I thought that was very important for kids.  /,statement
"[ [ Does, +  does he, ] +  does it ]  have a happy ending,  /",question
Yeah. /,general
"D Well,  sometimes, even with that. [  I, + I ] think you have to have some, -/",statement
Yeah. /,general
"F Um,  F oh,  I like to listen to all different  kinds of music. /",statement
Are you in San Antonio? /,question
"D Well,  I alternate between Danielle Steele  <laughter> is one of my very favorites  /",statement
"C and  you'd be helping people, I'm sure.  /",statement
F Oh  do you?  /,question
Uh-huh <noise>. /,general
Yeah. /,general
Uh-huh. /,general
"C but  she  also talks a lot,  /",statement
"F Uh,  did you like it? /",question
C But  what do you do with them in the meantime? /,question
Yeah.  /,general
He doesn't work out very often.  /,statement
<Throat_clearing>  Uh-huh.   /,general
How did you find out about it? /,question
"D Well,  you weren't charging gold and silver were you?  /",question
Oh. /,general
That I guess it's the sports version --,statement
be sure to watch it tomorrow night --,request
"I don't remember a year in a long time that the humidity has stayed up this high [ for, +  F uh,  this late into, ] F uh,  - /",statement
"back to your movie you saw that ten thousand, - /",request
Yeah. /,general
C And  you put a little bit of that over it.  /,request
You probably don't want to take them to see  SILENCE OF THE LAMBS.  /,request
you want to start? /,request
Did I say channel nine to begin with? /,question
Are you for it? /,question
"How about you,  /",question
"we're going to talk about the public school system,",statement
Yeah. /,general
the  (( Himie ))  is probably the sweetest one.  /,statement
what kind of onions do you grow?  /,question
Uh-huh. /,general
Yeah.  /,general
Go ahead.  /,request
Did you see GOODFELLAS? /,question
C and then  you pour two bottles of beer over it. /,request
"do you think we are,",question
-- C and  he speaks very broken English.  /,statement
F Um.,general
Uh-huh. /,general
Was it a Pell grant? /,question
"D like,  would you go over and  spend a lot of time in one place, or travel to whole bunch of different places in one week? /",question
"[ C and,  +  C and  ]  they do group things.  /",statement
"I thought Carter was good too,  /",statement
"D Well,  [ what, + what ] changes [ would you, + ] have you considered, F uh,  in doing it, [ to, + to ] your company, that might benefit the employees or perhaps the company itself better? /",question
C Or  rather than have a warped mind  it was just the only way to get whatever they wanted. /,statement
"C And  we are just getting interested [ in, + in  ] Mexican food  /",statement
Hm. /,general
"D Well,  what other movies have you seen then lately? /",question
do you have any pets? /,question
"Impart me some wisdom, Catherine <laughter>. /",request
Uh-huh <<very faint>>. /,general
Uh-huh.  /,general
"You should always have an  umbrella permit that bridges your life insurance and your medical and your, F uh,   F uh,  car insurance in case you run into a lawyer and you break his arm.  /",request
"<clicking> The only experience I have, - /",statement
C and then  throw them in with the rest of your salad sometimes. /,request
"I haven't had a chance to,",general
"F Um,  D you know,  [ what, + what ] kind of a structure is it going to be.  /",question
"C and,   F uh,   you ought to get it.  /",request
"C but  my wife is from New York,  /",statement
Right. /,general
C so   we'll have to talk about the future --,request
"-- throw the lids and everything out,  /",request
"Supposed to be good, F uh,  recommended person from the church - /",statement
C And  medical bill. -/,statement
"C Or   like in New York, the barges [ that -- +",statement
"F uh,  back to the topic, /",request
Yeah. /,general
Don't overcook it though. /,request
how many years have  we tried to find a cure for cancer. /,question
Right.  /,general
"D Well,  D well,  how was he killing the women. /",question
Yeah. /,general
"[ C but,  + C and then  ] after that [ it was, + it  ] got better,  /",statement
"C and just like you say,  /",statement
With the worms? /,question
"E I mean  other than Dallas, would you say that you have, F uh,  a favorite quarterback.  /",question
you can buy whatever you want. /,request
"On the other hand, F um,  I do agree that [ [ it's, +  it's    a, ] + it's an ] invasion of privacy as far as a person's involvement outside of work. /",statement
why don't you tell me about yours. /,request
"You're not seeing, D you know,  - /",statement
What if we would have lost thousands of young men.  /,question
"C and  she'll just sit there and listen <laughter> like  I'm doing something wrong,  /",statement
"F Uh,  do you have any experience in, F uh,  finding child care? /",question
what do you call those things? /,question
"he just brings stuff alive, D you know.  /",statement
C and then  I don't know about chemical pollution.  /,statement
"At last, someone wants us to vote.  /",statement
"F Oh,  I think the longest was less than a year,  /",statement
Uh-huh. /,general
"Have you  taken anything back lately, F uh,  that you've bought? /",question
Uh-huh. /,general
Uh-huh. /,general
"F Oh,  yeah. /",general
C and  has a bald head  /,statement
you wouldn't want to be a criminal <laughter> either --,statement
This is something that ought to be in the schools --,statement
those kind of things age you more. /,statement
Right. /,general
"don't say that too loud though because, F uh,  every city and town will have a meter on your <laughter> tail pipe [ generating +  generating ] revenue,  /",request
"C and then  the price of oil [ had, + had ] gone south resulting in those loans being very risky,  /",statement
Uh-huh. /,general
"<Lipsmack>  C And,  now I'll let you say something <laughter>. /",request
C and   I was going through here  /,statement
"Did you, F uh,  - /",question
Better than Europe? /,question
Yeah. /,general
"F Uh,  even, F uh,  I think New Zealand is [ one of, + one of ] the places, F uh,  that, -/",statement
"Two weeks later I get another letter, even nastier,  /",statement
"C And,  D you know,  D like  hold on here. /",request
"C and then  the HERALD EXAMINER collapsed about two years ago because of, F oh,  I don't know, just nobody was buying it really. /",statement
"[ [ what do you think that, +  what do you think, ] +  tell me what you think ] about this. /",request
((   ))  How far is Houston? /,question
"or you settled,  /",question
Yeah. /,general
Yeah  /,general
"they were great men,  /",statement
"D Well,  you can come over to my  house and spend it <laughter>. /",request
Yeah. /,general
I came from California -- /,statement
Who knows. /,question
C so  we'll just wait. /,request
"C and  you put back maybe two  tablespoons full of the oil and saute some, F um,  bell peppers and  onions [ in, + in ] that little bit of oil.  /",request
"C So,  he considered himself to be,  D you know,   [ a, + a ] true Vietnam soldier. /",statement
"D So,  how do you feel about the metric system? /",question
You too.  /,general
Uh-huh. /,general
You know what?  /,question
Yeah.  /,general
"C and  I'd give anything to have that right now [ in my, + in my ] regular li-, - /",statement
"D Well,  how do you handle, - /",question
One moment please. /,request
"C Or  was she from,  -/",question
Shoot them. /,request
"Do you seem to get it straighter,  /",question
How about you? /,question
"<Laughter> Can you,",question
That type of show is [ what we -- +,statement
D Well  you shouldn't do that. /,request
"How many, - /",question
Do you have a pet now? /,question
Did you take kids along? /,question
Right. /,general
"I think, that God sees I'm praying, D you know,   /",statement
C and  you put everything in it. /,statement
"Yeah,  /",general
"You know they have, F uh,  women there [ going to S M U, + going to, F uh,  Southern Methodist University ]   [ and, + and ] graduating in opera or something like that  /",statement
Uh-huh. /,general
Yeah.  /,general
"Yeah,  /",general
"C but  usually I, I will try to pay everything off the next month  /",statement
the last development I know of was the military and financial assistance Columbia --,statement
"[ we can't, + we can't ] put in anything too big, F um,  as far as, F uh,  shrubs and things  like that because (( they've ))  got to get a chance to [ find the, + find the ]  cracks in the rock. /",statement
"there's nothing between you and us but our barb wire, and half of that's down.  /",statement
What is the Woodward book you are referring to? /,question
Uh-huh. /,general
"Yeah,  /",general
My husband was saying that up north they have such nice restaurants where you can go after a theater or  after the movie. /,statement
How about yourself? /,question
Bye.  /,general
"go back to that one to ten scale where one,",request
"[ Did, +  did ] you do that  in, F uh,  Texas, or somewhere else? /",question
"D Well,  do you really like Italian food? /",question
You first. /,request
"Yeah,  /",general
"You ought,",request
C And  little boys are around the house --,statement
"C or  do you,",question
you work then? /,question
Uh-huh. /,general
You want to get a start? /,request
"I live alone in an apartment,  [ and, + ] F uh,   --",statement
"F Uh,  D you know,  they claim a back injury  /",statement
"F Uh,  D you know,  the character that, F uh,  James Earle Jones played? /",statement
"E that is,  D you know,  with Chinese you always have several dishes <talking>. /",statement
"Uh-huh,  /",general
Right.  /,general
"Did you notice that when they passed the new simplified tax act, it seemed like it made everything harder? /",question
Yeah. /,general
"F Oh,  don't made any excuses for him <laughter>. /",request
So what do you think? /,question
Do they feel that way? /,question
spread it out because you keep the cream cheese kind of thin. /,request
"C So  do you find it difficult to find time,  /",question
"D you know,  real Met fans don't like the Yankees /",statement
-- C and  they just aren't able to do it. /,statement
F Oh.  You ought to try some crawfish.  /,request
"Right,  /",general
I see <cough>. /,general
C and  it does begin with the families at home -- /,statement
"E I mean,  you can tell him from me  /",request
"[ It's, + it's ] ridiculous. /",statement
Okay. /,general
you go first. /,request
Or they're older.  /,statement
Right. /,general
"F Uh,  do you ever, D you know,  just vacation someplace where you strictly backpack? /",question
I was amazed. /,statement
C but  we do have the people that work for the convention center were falsifying records.  /,statement
"C But,  F uh,",question
go ahead. /,request
Uh-huh. /,general
C And  they dry fast  /,statement
"Yeah,  /",general
Uh-huh. /,general
"D All right,  I guess we might as well end our conversation at this point. /",request
"F Um,  C so,   have you had any [ adventures on your camping trips, with, + encounters with  ] wild animals or anything like that? /",question
Right.  /,general
C And  that's not going to be good. /,statement
Uh-huh. /,general
"If I have the opportunity, I watch it.  /",statement
How old is she? /,question
"Yeah,  /",general
"F Um,  in San Antonio I don't know what the answer is.  /",statement
"C and,  F uh,  I'd say go to, F uh,  Midland once, just for the heck of it. /",request
"[ What, +  what ] deterrent does he really have? /",question
now it's up to you  /,request
"D So,   what are your favorite shows? /",question
"D Well,  what do you put in it? /",question
What have you got growing right now? /,question
"C and  I felt like  when they were young, that was the time to instill it.",statement
"Once you start them, they enjoy it all their lives. /",statement
They got the forms in personnel  /,request
"D well,  [ back, +  back ]  to this visiting thing,  /",request
"Okay,  /",general
Yeah.  /,general
Uh-huh. /,general
F Oh.  You ought to try some crawfish.  /,request
Stick on the subject. /,request
"D Well  [ if you,  + if you ] can get GREEN CARD, go for it. /",request
Yeah. /,general
I see. /,general
Uh-huh.   /,general
"F Oh,  F oh.  /",general
Yeah. /,general
if she acts like she wants to or says she wants to maybe you could have her take some for a while and see how she likes it. /,request
"C and  you microwave it on high for seven minutes,  /",request
"[ If I had kids, + D well  if you had kids, ] what kind of  things do you hope to do? <Noise> <<sounds like paper rustling>>. /",question
"back to your movie you saw that ten thousand, - /",request
"C and then,  F uh,   I think, [ he, + he ] became discouraged -- /",statement
What child's going to say something --,statement
Uh-huh. /,general
"Keep on watching those movies, F huh?  /",request
let's say your spouse is on a particular drug  /,request
God knows why we hold it on Tuesdays.  /,question
"C But,   F uh,  then [ the mi-, +  F uh,   the cauliflower, ] you,",request
let's say your spouse is on a particular drug  /,request
I personally took a year and a half and went as a missionary and taught Christianity in Japan. /,statement
explain it.  /,request
C and  it's kind of like we're the first to do it.  /,statement
"C and  you have to make sure [ that you, + F um,  that you ] apply pretty early, because [ they do have, + a lot of places have ] very long waiting lists. /",request
"Yeah,  /",general
Okay.   /,general
Yeah. /,general
"-- C and  he owns a lot of acreage that's been farmed properly, D you know  -- /",statement
"which means the Rangers are going to have a terrible year,  /",statement
"F Oh,  I see.  /",general
do you have D like  a household? /,question
Uh-huh. /,general
"C so,  F uh,   D you know,  [ let's, +  let's ] stick with that original trust, I guess. /",request
"F Oh,  D well,",request
Yeah.  /,general
"<sigh> C But,  it's a Sharif Myneer Homes, if that means anything,  /",statement
"Right,  /",general
"D Well,  you'll just have to plan a vacation some time --",request
"C and then  there were several other businesses,  /",statement
C And then  you serve it with melted butter.  /,request
"[ you're giving, + are you giving ] these products to the handicapped group  /",question
What about the speed?  /,question
"D Like,  for instance, say, F uh,  - /",request
"F Uh,  I guess my personal opinion, [ I, + I ] don't mind  paying taxes necessarily.  /",statement
have you done much camping? /,question
<Laughter> Yeah.  /,general
"[ How do, + how do ] you feel about people like Jesse Jackson getting involved? /",question
"Just motorboat's all we, -/",statement
"C And  you only cook it until the mixture begins to boil,",request
Anything else? /,question
"D Well,  down in the cafeteria do they have any place where you can put your, D you know,  pop cans, and things like that? /",question
"Been, F uh,  good talking to you. /",general
"now this was, F uh,    in it [ was + ] downtown in the, F uh,  Convention Center  /",statement
It's not on a main road. /,statement
"<laughter> D Well,  D you know,  speaking of public TV, have you caught any of this series on the Bible? /",question
Uh-huh. /,general
We like channel eight. /,statement
"F Huh.     Do they have a policy where they counsel people if they come back positive,  /",question
"You might try, F uh,   /",request
"D Well,  why was C N N the only, - /",question
"Take your glass, F um,  D you know,  pickle jars, [ or, +  or ] whatever, F uh,   liquid jars, D you know,   /",request
I just tear them off -- /,statement
Uh-huh. /,general
"Go in the early hours,  /",request
"C so,  F uh,  why keep on doing something that didn't work,  /",question
How about you? /,question
"F Oh,  don't made any excuses for him <laughter>. /",request
"-- C and  [ it's, + it's ] supposed to be really [ a, + a, ] - /",statement
That is probably [ as + about as ] much as we both know <laughter>.  /,general
"C But  I say, D you know,  they commit crimes let them be overcrowded, <laughter> D you know  --",request
"[ C so,  + F uh,  C and  ] if you don't have the money, then use a credit card,  /",request
Yeah. /,general
Uh-huh. /,general
"[ H-, + how ] about yourself,  /",question
"C and  that was twenty-five hundred when I went there,  /",statement
Right.   /,general
Uh-huh. /,general
Yeah. /,general
"C And,   with just a curtain, of course,  between us [ and, + and, ] F uh,  -/",statement
"My view is look, what did you ever do to me. /",question
Yeah. /,general
"or, or what would you like to see?  </children>. /",question
C But  for how many years? /,question
What kind? /,question
"-- C and  they really have a good campaign for the young people, D you know.  /",statement
I appreciate it.   /,general
"F Uh,  do you live in a home? /",question
Is that true? </Noise>. /,question
"[ How, + do you know how  ] wrong they are?  /",question
Yeah. /,general
C and  how do you hold to yours?  <Laughter>. /,question
"you shouldn't be talking about this [ right before, + ] while you're fixing dinner. /",request
go ahead.  /,request
Uh-huh.  /,general
"E Excuse me,  go ahead. /",request
C So  it's got to be something she can do fairly easily --,statement
Uh-huh. /,general
C But  they find that  they are also being asked to do a bunch of other stuff which they think is only tangentially related -- /,statement
"F Oh,  you will have to go on one. /",request
"Yeah,  /",general
I'm going to school right now. /,statement
"If you want to go first, go ahead. /",request
Yeah.  /,general
"F Uh,  <ringing> I would say definitely go see that part  /",request
"D you know.  [ [ What's, + F uh,",question
"F Um,  D well,  what do you think is, F uh,  [ the pollutants, + the main pollutants ] in the air? /",question
"Yeah,  /",general
"C And then  [ you, + you, ]  F uh,  pour [ most of the, + all of the ]  oil out of the pan  /",request
how do you feel about them? /,question
"C but  that's not D like,  D you know,",statement
Yeah  /,general
Yeah. /,general
"E I mean,  on the other hand, E I mean,  you take a garbage man in New York City starts out at twenty-six thousand dollars. /",request
Probably. /,general
Good self help. /,general
"that's maybe the majority of the importance, I guess.  /",statement
"F Oh,  the Wilson course? /",question
"D Well,  it might be a good time for you [ [ to be-, + to, ] + to start ] a tradition. /",request
"tell me about your computer, Laurie,  /",request
"C And,  F uh,  you look at their  society  /",request
"C and,  -/",statement
"Are those the only two things that we, F uh  -- -/",question
E I mean  I follow them  /,statement
It's funny.  /,statement
Uh-huh. /,general
or who killed who. /,statement
<Laughter> Don't ask me. /,request
"C and he said that if you pull a gun on a robber, he's going to assume that you know how to use it well,  /",statement
"F Oh,  he still drives? /",question
"D Well  <noise> they keep you hopping, I'm sure. /",statement
who knows. /,question
Try that.  /,request
C And  you're recycling <laughter>. /,statement
"D So,  F uh,  [ [ what, + what, ] + F uh,  what ] languages do you speak besides English, of course? /",question
spread it out because you keep the cream cheese kind of thin. /,request
"D Well,  Julie, F uh,  are you in a situation where you'd soon need to deal with, F uh,  special care for elderly? /",question
"if you're going to go out to eat, why not have the whole service,",question
"C and  in the meantime, she and  her husband, F uh,  [  were + [ [ ex-, +  ex-, ] + were  expecting ] ] [ a child, + their own child. ]  /",statement
Uh-huh.  /,general
Uh-huh. /,general
"C but  look at their war,  /",request
Uh-huh. /,general
Uh-huh.  /,general
Uh-huh. /,general
"C But  [ you do have to have it, +  D you know,  you do have to have it ] hot when you cook it.  E I mean,",request
Tell me what books you read. /,request
"[ Did, +  did ] you need a loom,  /",question
"C And  I took it back home,  /",statement
this is just something on the side  /,statement
Do you have brothers? /,question
"Yeah,  /",general
right. /,general
You've played it then?  /,question
"yeah,  /",general
"D Well,  I'm all for it. /",statement
"[ What, + how ] crazy? /",question
"[ I haven't, + I haven't ] heard that. /",statement
Ask them about it.  /,request
"I just, F uh,  spent whatever came in  [ and, +  and, ] F uh,  [ didn-, +  never knew ] what came in and what went out.",statement
How long was that? /,question
C But  it's just kind of like get on the  telephone  /,request
"F Uh,  did you get to watch it? /",question
"-- C and  there, more and more things like schizophrenia - /",statement
D Well  --,statement
"Is that, - /",question
"Are the, F uh,  Oldsmobiles that you're looking at, are they the demos  /",question
"C and  [ they, + like I said, they ] remodeled the place. /",statement
"D Well  that's okay,  /",general
"C and  you mix it with one tablespoon onion juice and one tablespoon lemon juice, one tablespoon worcester sauce and  mix it and spread it out onto a plate.  /",request
they're more like just huge boulders with very little vegetation. /,statement
C so  --,question
movies are very expensive.  /,statement
Yeah. /,general
Yeah. /,general
"C and  I needed to get that continent  (( since ))  I <laughter>,",statement
"C but,",statement
What part of the country are you in? /,question
Do you have kids? /,question
Oh. /,general
"[ sh-, + ] let's say  /",request
C and  I like it more.  /,statement
How are you?  /,question
Bye-bye. /,general
"C and  it had a built  in, F uh,  grill  /",statement
hold on <<Put on hold>>. /,request
The break ups? /,question
Is it?  Very faint. /,question
name one <laughter>. /,request
C So  they ask you to declare  beforehand what prescription drugs you are taking? /,question
We absolutely need that oil.  /,statement
"Okay,  /",general
Do you have kids? /,question
"uh-huh,  /",general
"E I mean,  is that like [ a, + a ] sport fish,  /",question
C So  tell me your feelings on recycling.  /,request
All right.  /,general
"D Well,  have you called?  /",question
"C And  [ it, + it's  ] just too bad  that we couldn't see that. /",statement
Oh.   /,general
Oh. /,general
"[ [ I, + I, ] + I ] like it.  /",statement
"Do you know anyone that, F uh,  [ is, + is ] in a nursing home or has ever been in one? /",question
"C and  there's some interesting problems [ [ of, + of, ] + of ] [ how d-, you, + how do you ] challenge the kids today.  /",question
"-- C and,   F um,  <throat_clearing> Texas is just so hot  in the summer and so  dry,  /",statement
"D You know,  will you be penalized if you don't.  /",question
How about you?  /,question
"[ As, + as ] you know, anything that involves the  government [ is, +  works ] half as well as it's supposed to  costs three times as much.  Right?  /",statement
"D Well,  what's your views on it? /",question
"[ I've al-, + I've always, ] F uh,  [ w-, + wanted ]  very much, F uh,  to, F uh,  be somehow involved in all that.",statement
Uh-huh.   /,general
"If you're, stay at home and you're a mother, it's D like  what a waste.",statement
"F Uh,   go ahead.  /",request
obviously not very fast. /,statement
"C But,   F um,  yeah,  /",general
"did you ever studied [ the, + the ] political makeup there, [ [ in, + in, ] + in ] Nicaragua. /",question
That looks awful tiring <laughter>. /,statement
it would be -- /,statement
Do they require you to presort it? /,question
"C so,  I'm going to wait on those. /",statement
Okay.  /,general
Right.  /,general
F Oh  yeah. /,general
go ahead. /,request
Would you ever want a dog in the family? /,question
Yeah. /,general
"maybe this is a fantasy we can to talk about any kind of car,",request
"Right,  /",general
"C or  have you, -/",question
"F Um,  can you, F uh,  hang on again hon-, /",request
Uh-huh. /,general
Yeah. /,general
"[ C But,  + C but  ] regard to benefits. D You know,  [ most companies have, + most big organizations have ] decent, D you know,  benefits like retirement and that sort of thing.  /",statement
Oh. /,general
Uh-huh.  /,general
"Wait, wait, wait, H, /  *[[three?]]",request
"Yeah,  /",general
"[ do, + do ] you change much through the season  /",question
"C and  I think,  -/",statement
"Is that the only, F uh,  musical, - /",question
Hm. /,general
"D Well,  you should, F uh,  run for a school board position. /",request
"In the last few years, I think,  /",statement
"F Oh,  I like to think about that. /",request
Uh-huh. /,general
"I think other than health insurance, I think, F uh,  D you know,  an extra week of, F uh,  <lipsmack> time off would be nice.  /",statement
"C so  this town hall that you meet in, is that like a, F um,  -/",question
It's kind of funny. /,statement
Do you like spicy foods  /,question
"-- C so  that's really not, - /",statement
"C and,  F um,  maybe we'll talk again. /",general
Uh-huh. /,general
How do you cook your green beans? /,question
Oh. /,general
Right. /,general
Do you have any children? /,question
"-- throw the lids and everything out,  /",request
"D Well,  anything else good to say about credit cards? /",question
"I've done some [ cross, + F um,  cross ] stitch,  /",statement
"[ C and,  + C and  ] stress that to your children. /",request
hold on. /,request
Uh-huh. /,general
"D well,  Myrna, how do you get your [ news, + news? ] /",question
"look at the news tonight,  /",request
Is that right? /,question
"C But  I say, D you know,  they commit crimes let them be overcrowded, <laughter> D you know  --",request
Uh-huh. /,general
"C and  [ you, + you ] let the chicken you fried kind of drain, so that a lot of the oil comes out of it <cough>. /",request
of course hindsight is all too clear. /,statement
Uh-huh. /,general
Start. /,request
"Go ahead,  /",request
"C And  we've been down in Texas eighteen years,  /",statement
Did you crack the block or what? /,question
L A LAW is one of them. /,statement
Yeah. /,general
Go ahead. /,request
"Do you have problems with [ them, + F uh,  the fish  ] eating each other? /",question
"I come up there I'll have to stop by and [ have, + ] try some of your baking. /",request
"C but  [ there wer-, + there ] comparable pay for the responsibility. /",statement
"are you on any kind of, F uh,  regular exercise plan? /",question
"D Well,  it might be a good time for you [ [ to be-, + to, ] + to start ] a tradition. /",request
Uh-huh. /,general
Is that a nice vacation spot? /,question
"Yes,  /",general
"D Well,  we were there when they had a </noise>, -/",statement
What about your home? /,question
C And  I think one thing about pets is they're a lot of company. /,statement
"I have enjoyed aerobics in the past,  /",statement
Do you? /,question
"Then you, F uh,  pour that in there, D you know,   to make the gravy.   /",request
are you there? /,question
Uh-huh -- /,general
C So  what are you getting your degree in? /,question
"D well,  let's not talk about that <laughter>. /",request
"whatever subject you pick, do it the knowledgeable way -- /",request
D now  tell me your favorite team. /,request
"Yeah,  /",general
"Christmas, birthdays, F uh,  car maintenance, dental, medical,  /",statement
"F Um,  [ they're, + they're ] registered  /",statement
do you have <static>. -/,question
"C because  even though it's far out there, it's just that Lake  (( Greenbelt )) , D you know,  [ they have to, + [ they, + they ] try to ] do it just from [ the, + ] selling the water. /",statement
Could I ask you to hold one minute? /,request
Yeah.  /,general
"D Anyway,  back on planting.  /",request
"C And  we just didn't want to dump him somewhere,",statement
"F Uh,  go ahead,  /",request
"don't tell me what to do, D you know.  /",request
C and  that's south or <thumping> north of there or something? /,question
"F Um,  [ do you think, + E I mean,  do you think, ] [ our invest-, + the investment ] in lives and money was worth it? /",question
Middlekauff wouldn't?  /,question
C and  you can leave a message. /,request
Uh-huh. /,general
Yeah. /,general
C And  you rotate it one time. /,request
"D So,  how do we fix the national budget? /",question
"F Uh,  do you like angel food cake? /",question
C and then  you sprinkle the cheese on top of that.  /,request
"F Uh,  you want to start off? /",request
"D Well,  there's injuries in a lot of sport. /",statement
"C but  I don't understand with racialism and the way religion is and  everything else how you can get people that are [ total, + totally ] impartial to it. /",question
C So  you can guess the rest of the plot.  /,request
"C and  I think it's mostly for [ the, + the ] field people that, D you know,  drive trucks and heavy machinery, that kind of stuff. /",statement
"C or  do you  think that [ we're, + we're, ] F uh,  all trying to keep up with a  certain standard of living? /",question
C and  you can leave a message. /,request
"D Well,  do you like to camp, those kind of trips? /",question
"D Well,  you can wait till you graduate  /",request
Uh-huh. /,general
"C But  our neighborhood has [ a, + just a ]  wide variety [ of, + of, ] F um,  people,  /",statement
"E Excuse me,  go ahead. /",request
"Yeah,  /",general
Uh-huh. /,general
"D Like  at hotels, or restaurants there? /",question
"D So  how do you, F uh,  - /",question
"How many studies have to be done to show that there is a link between,",question
there's three of us to cover in Dallas facilities  /,statement
"F Oh   ((   ))  yeah,  /",general
"[ have you  seen, + have you ] had any of those? /",question
-- that's frightening -- /,statement
"E I mean  look at, D you know,  the leader they had.  /",request
Hang on just a second. /,request
"D Well,  tell me about your van.  /",request
"D Well,  [ we're, + we're ] <baby_crying> expecting our first in about three months,  /",statement
Is this going to be fun <laughter>? /,question
I would suggest seeing it at the theater.  /,request
"D Well,  you keep up with current events? /",question
"<Laughter> D So,  F uh,  [ were, + were ] the, F uh,  sentences that the judge handed out what you thought to be fair,  /",question
Uh-huh. /,general
"C And  you put  that in there,  /",request
"There are certain circumstances,  /",statement
Uh-huh. /,general
Oh. /,general
"C So,  what's the temperature up today over there? /",question
C And  that was a major ordeal to  get him to buy it.  /,statement
I was hoping you could tell me what you thought. /,request
"C But,  F uh,  really it's part of this compliance thing. /",statement
"[ How, + how ] old are they? /",question
"Yeah,  /",general
don't get me to lying. /,request
Uh-huh. /,general
Bye-bye. /,general
Yeah. /,general
Do you work for a big or a little place? /,question
Yes. /,general
Isn't that a practical van.  /,question
Yeah. /,general
How much chili sauce did you say? /,question
"[ Do you, + have you ] used, F um,  student loans and things like that that were guaranteed by the government? /",question
Uh-huh.  /,general
Yeah. /,general
"D Well,  F uh,  do you believe only  fifty percent of the people actually vote? /",question
Uh-huh. /,general
I've never quite understood the purpose of that.  /,statement
yeah.  /,general
"like I say, [ lot of, + lot of ] cases is usually just apartments [ and, + and ] break ins and things like that  /",statement
Don't let that stop you <laughter>. /,request
"enjoy it, but not for profession, no. /",statement
"C And  after that's cooked, you  take it out and pour this on top of it,  /",request
"right,  /",question
"[ C and,  + C and  ] stress that to your children. /",request
"D Well,  [ does [ your, + ]  the company D say,  + for instance, does the company ] you worked for [ bef-, + before ] have the right or do they have the ability to say, hey, we've already drug tested her  /",question
Call them. /,request
"I've never had,",statement
"-- I don't know if you can, /",statement
Yeah. /,general
"You ought,",request
"As a matter of fact, D you know  when I was a kid, <throat_clearing> E excuse me,  my parents used to have, - /",statement
C and  is that how your parents feel  /,question
"C So  [ h-, +  he ] hasn't really gotten  into, F um,  that yet.  /",statement
"Okay,  /",general
"C and  I just love [ the, +  the ] community of food.  /",statement
"Let you start <laughter>, /",request
Uh-huh. /,general
"Yeah,  /",general
"D Well,  you haven't told me, F uh,  what sports that you are active in. /",request
Uh-huh. /,general
You don't? /,question
Uh-huh. /,general
C And  you put a little bit of that over it.  /,request
C But  I know they have a lot of drug problems  /,statement
"C but  if you want a nicer home, D you know,  beyond the suburbs, D you know,  - /",statement
"F Oh,  D well,  you need to come out <laughter>. /",request
what's that mean? <noise>. /,question
"Yeah,  /",general
Have you taken it? /,question
"[ we,  + C so  we ]  kept very much abreast of what was going on. /",statement
Yeah. /,general
Yeah. /,general
C and  we're trying to debate because our  children are grown  /,statement
"Put some [ fresh, +  little fresh ]  shrimp  /",request
Got to see Pike's Peak. /,request
"I don't know how long that takes, or --",statement
"you can take those, F uh,  - /",request
"Is that what I-, -/",question
"F Uh,  what about long lasting effects on him?  /",question
is that right <laughter> up there in Frederick? /,question
"C And,  F uh,  you put that in  /",request
"[ did you, +  have you ] seen that one? /",question
C and  you get the tools you don't --,statement
"D Well,  do you use your computer for, F um,  just things around the house, or in the  ((   )) . -/",question
What if they used law students   and had that be credit hours to sit in trials? /,question
"there's so much  more, then that  /",statement
"Is she [ ol-, + ] your oldest  [ grandd-, + ] child? /",question
"[ C But  +  F um,   C so  ]  you haven't had a problem with that, since? /",question
Excuse me one second. /,request
Haven't you? /,question
"C but  [ his, +  what he ]  does is, when he gets home, he separates his work from his house. /",statement
Yeah. /,general
"D Well,  you'll just have to plan a vacation some time --",request
D Now  how do you mean that?  /,question
"[ Do you, +  do you ]  hope to have children,  /",question
Yeah. /,general
C So  do you have a car? /,question
"[ Is it, + is it ] this year they don't have a draft pick because of the Walker trade  /",question
"Put some [ fresh, +  little fresh ]  shrimp  /",request
Oh.   /,general
Do you work at T I? /,question
Uh-huh. /,general
Uh-huh. /,general
D So  tell me about CHINA CRY. /,request
"C And  <talking> especially men who teach school, they don't make that much money,  /",statement
Right or wrong? /,question
D well  that was good that you had the opportunity to do that. /,statement
Uh-huh. /,general
Where is it going to be? /,question
"F Oh,  you've got to see that one,  /",request
"[ C And  th-, + C and  most ] live within ten --",statement
"C But,  F uh,  F uh,  how do you  feel [ about the, + F uh,  about the ] jury system itself?  /",question
Do you? /,question
Yeah. /,general
"D Well,  you go ahead. /",request
"D Well,  F uh,  I used to a long time ago  /",statement
Go ahead. /,request
"[ Talk, + talk ] your husband into taking you there some night. /",request
"F Uh,   C and  I guess I like to take care of it, F uh,   /",statement
"C or,  -/",question
"Plus, you teach middle school,  /",statement
"If I were you, I would get  the Greatest Hits album --",request
C and  you just need to take the little one.,request
"F Oh,  don't made any excuses for him <laughter>. /",request
"C and,  hold on a second.  /",request
"From some list, D you know,  that knows that I have [ a, + say a ] charge account [ at, + at ] Neiman's or something  /",statement
"<Laughter>  D Well,  [ do-, + don't ] ever get one for a pet. /",request
Write that one down.  /,request
"Hey,  you should make yourself a promise that [ you'll, + you'll ] read one novel in the next  six months, just for you. /",request
"F Oh  god, you go to the mall  /",request
"C so,  I've heard some stuff about them.  /",statement
"I know what I like,  /",statement
"I have never wanted to,  /",statement
"D Well  D now,  are you living alone now,  /",question
I can't even really remember.   /,statement
C And then  I have a sister that lives in Austin. /,statement
"C And,  F um,  C so  it's been real fun here  to see, - /",statement
Bye-bye.  /,general
where have you all been on vacation recently? /,question
Where are you? /,question
"Listen to Bruce Williams, F uh,  for financial advice. /",request
go ahead. /,request
"Now [ l-, + let ] me ask you this.  /",request
I don't remember doing all these things. /,statement
"Wait, wait, wait, H, /  *[[three?]]",request
"[ C but,  +",statement
Huh-uh.  /,general
Bye-bye. /,general
Yeah. /,general
"don't ever let age, - /",statement
Uh-huh. /,general
those problems used to be  when I used a credit card --,statement
You know it was nippy -- /,statement
D Well  --,question
"I don't have [ a, + a ] field for whether or not this is the equivalent  of what was called the teapot dome.",statement
"C and  they did a good job,",statement
Is that the only pet that you have? /,question
"Because if you, F uh,  use drop cloths to cover everything and you use masking tape to trim out, F uh,  all the parts that you don't want to slop over onto,  you don't have to be quite as precise about how you do it  /",request
"C and  it's the western half of an island,  /",statement
"E I mean,  you can tell him from me  /",request
"Have, - /",question
There's a little more craziness down there <laughter>.  /,statement
hold on. /,request
"what do you think are the most important benefits for those working for you, [ other than, + other than ] their present salary? /",question
Excuse me one second. /,request
"<laughter> Once you get done, you can always start over  /",statement
"F Oh,  okay. /",general
Just so that my kids would have me at home. /,statement
"D Well,  you can come over to my  house and spend it <laughter>. /",request
Yeah  /,general
Okay.  /,general
C and  some just come in for Saturday -- /,statement
Uh-huh. /,general
Give me some wonderful advice Catherine.  /,request
just rinse them out a little bit  /,request
"F Uh,  go ahead,  /",request
"go ahead,  /",request
"C So  [ I, + I ] really hate that for them.  /",statement
"[ What did you, + what kind of things did you  ] do? /",question
That's not a formula for a better society. /,statement
"Let's just, - /",request
"who's going,  /",question
go ahead. /,request
"Take your glass, F um,  D you know,  pickle jars, [ or, +  or ] whatever, F uh,   liquid jars, D you know,   /",request
"I don't know whether that's because they, D you know,  sort of give up hope once they get in there or what [ the, + the ] reason is.  /",statement
"Yeah,  /",general
F Um.  /,general
Uh-huh. /,general
Uh-huh /,general
Uh-huh. /,general
"C and,  F uh,  D you know,  there's no way I would put in a lot of money [ to, + to  ] repair it --",statement
"Let you start <laughter>, /",request
would you use that for city driving and racing? /,question
"-- C and  Coppell's not really big enough to support [ fo-, +  four ] grocery stores -- /",statement
C so  that's still got a couple years to run -- /,statement
C so  I'm really in kind of the beginning stages right now. /,statement
"Uh-huh,  /",general
C But  you need to rent the first one first. /,request
are the two boys first? /,question
"go ahead,   /",request
Yeah. /,general
"C but  [ did you, +  do you ]  know about the smoking premiums? /",question
"Go ahead, you first. /",request
do you enjoy doing it?  /,question
"D Well,  [ what about the, + what about the ] issue of air conditioning.  /",question
if she acts like she wants to or says she wants to maybe you could have her take some for a while and see how she likes it. /,request
"C or  you hear somebody all ready starting, reading off a list of stuff that  they've read probably a thousand times that day already. /",statement
I have one son who's gone  /,statement
Go ahead. /,request
"C and,   F uh,  if we have children who are not getting their education,  for one reason or another, then what are we going to do with  them?  /",question
"What's that, the I Thirty and Central --",question
"D So, we change our rights with our social status. /",statement
"C and  you put back maybe two  tablespoons full of the oil and saute some, F um,  bell peppers and  onions [ in, + in ] that little bit of oil.  /",request
"What do you have, at home? /",question
"E I mean,  did a couple of people sort of gradually, sort of assume, F uh,  sort of a moderator role in the trial  /",question
"C Because  they feel like so many of the politicians  are D like  crooked, D you know?  /",statement
You really should go to Europe.  /,request
C so  [ I -- +,statement
Tobogganing. /,request
"D now,  do you work outside of the home? /",question
"[ your, + your ] turn. /",request
do  /,request
C So  I don't have any children.,statement
F Uh.  /,general
Yeah.   /,general
"<Laughter> I don't know,  /",statement
"[ Y-, +",request
What was that? /,question
Yeah. /,general
now it's up to you  /,request
"one, F uh,  big thing that, the advise that I would give to a parent to give to his or her child is to [ let  their, + let their ] child experience college in a kind of general sense.  /",statement
Did you have shrimp?  /,question
Right. /,general
Uh-huh. /,general
"C so  you're going to see [ a lot, + a lot ] more of that in leadership I believe. /",statement
"-- now you watch,  /",request
Have you ever had crawfish? /,question
"I did not, F uh,  get to live through it.  /",request
"Then you, F uh,  pour that in there, D you know,   to make the gravy.   /",request
Yeah. /,general
Are you satisfied with the quality of coverage? /,question
Yeah. /,general
Hi. /,general
Yeah. /,general
Got to wait a couple years. /,request
What type of vacation? /,question
now it's up to you  /,request
"D Well,  what kind of garden do you have? /",question
C So  now we have two parakeets. /,statement
Uh-huh. /,general
Okay. /,general
"(( Go ahead )) , /",request
I guess I'll get back to my laundry <laughter>. /,request
What's a good apple to bake pies with? /,question
"C and,  F uh,  anyhow, F uh,   you take, F uh,  a couple of, F uh,  cups of Bisquick --",request
Are you serious? /,question
"C And,  F uh,  what are majoring in? /",question
"C And  when you walked into their room, they had brought all their furniture from their house  -- /",statement
"[ They, + they ] probably know everything from, half the time [ [ wh-, + ho-, ] + what ] time you go to the bathroom. /",statement
"E I mean,  do you think things are going to change,  /",question
"[  I, + F uh,  I ] saw it [ and, + ] F uh,  because my wife wanted to see it. /",statement
"if you have a chance to rent it, at least, - /",request
it's a real small  (( rapalla )) .  /,statement
Uh-huh. /,general
"Isn't that [ a s-, + ] an area of concern in the cost of air conditioning? /",question
"C So  [ I had, +  I went ]  and bought just some cloth glue and glued it all back  /",statement
"F Oh,  D well,  D well,  encourage her to try other things,  /",request
Uh-huh. /,general
"D Like,  for instance, say, F uh,  - /",request
"What are you hoping for, a boy or a girl? /",question
"the problem is they call up and make this deal, D you know,   /",statement
"Do you, - /",question
"does he get some royalties from that,  hopefully?  /",question
"F Oh,  yeah.  /",general
"D Well,  let's talk about air pollution. /",request
Yeah. /,general
Uh-huh.  /,general
C But  you definitely need to go to Hawaii.  /,request
"excuse me just a minute,",request
C and  the only school you could go to was the Baptist school or the Catholic school  /,statement
"F Oh,  C so  how about the Soviet Union.  /",question
"C or  it was w-, -/",question
"C So,  if you don't want to burn coal for power,",question
"D well,  the one I was just on,  I don't, - /",statement
C But  you definitely need to go to Hawaii.  /,request
"C And then  [ you, + you, ]  F uh,  pour [ most of the, + all of the ]  oil out of the pan  /",request
Leave the shells on them so they won't just roll up. /,request
Yeah. /,general
"D Well,  what about in New York.  /",question
Right. /,general
"[ C and,  + C and,  ]",statement
"You go right ahead because I,",request
"Yeah,  /",general
Uh-huh. /,general
Right. /,general
"<Laughter>  D Well,  how's California today?  <laughter>. /",question
"D Well,  F uh,   I bought a motor home here [ f-, + four ] years ago -- /",statement
"D Well,  thank you. /",general
"My wife and I, D you know,  as mentioned, - /",statement
Yeah.  /,general
What would you have these people do if they were brought in? /,question
"Well, I don't think it's possible because, even though, you know, we're against them, I don't think we can go into another country and do something about the other country's problem. /",statement
Uh-huh. /,general
F Oh  <laughter>.  Yeah.  /,general
Right.  /,general
"<Laughter> E I mean,  D you know,  the people would just sort of look at me like, you must be crazy when I,",statement
What ages are they?  /,question
D well  she goes all the time  /,statement
"I think one of the other things that [ concern, + ] has concerned me a little bit, - /",statement
Yeah. /,general
Do you go with friends  /,question
why don't you go ahead first and tell what kind of car you'd look for in your next. /,request
it is a new company called Prime Air.  /,statement
Uh-huh. /,general
C But  it's just kind of like get on the  telephone  /,request
"E I mean,  it doesn't work, E I mean.  /",statement
"D Well,  from where are you calling? /",question
Oh.  /,general
"they have some, but not, not so much. /",statement
in fact did you happen to see TWENTY TWENTY the other night? /,question
Uh-huh. /,general
You look at another kind of society like the Japanese.  /,request
"F C and   wasn't it pretty  last week with the  Bluebonnets and everything,  /",question
"C but  I just don't get a chance for those, F uh,  newsy magazines, the ones that are full of ads,  /",statement
"We just, F oh,  just do various things, nothing really.  /",statement
"[ Is, + is ] the Kmart there?  <laughter>. /",question
"C But,  F uh,  the thing is is that's not enough of that kind of stuff going on, F uh  -- /",statement
Uh-huh. /,general
Right. /,general
"<Lipsmack>  C And,  now I'll let you say something <laughter>. /",request
"I would just encourage you to do a little traveling, though, before you get married.  /",request
"Probably the same time [  the, + the ] other squash is though. /",statement
Uh-huh. /,general
Can you hang on just a minute? /,request
"C and  [ I can't, +  it's not ] flexible. /",statement
D Well,request
Yeah. /,general
Wait.  /,request
Uh-huh. /,general
Right.  /,general
"D well,  if your ever in, F uh,  D C, come look up Wayne (( Sherman )) , you'll say F oh,  yeah, talked to that guy. /",request
Have you heard of it? /,question
"It's called, A oh, what was it called <laughter>.  City Sports, downtown Washington. /",statement
"Yes,  /",general
-- C and  Phoenix never gets that  kind of weather <throat_clearing>  /,statement
Uh-huh. /,general
"D So,  F uh,  F uh,  what are the laws like in Texas? /",question
Go to work for U T.  /,request
"D So,  D anyway.  Do you have children? /",question
"It's been pretty good.  Some,",statement
"F Oh,  uh-huh. /",general
F Um.  /,general
how old is she? /,question
Shoot them. /,request
What's there to see in Austin? /,question
C So  do you like football? /,question
Can you hold on one second? /,request
Yeah. /,general
"C But  that's the one that your call center manager sees every month, /",statement
"Do you get spooked, you feel,  /",question
How many do you have? /,question
Uh-huh. /,general
"Uh-huh,  /",general
"C and  [ even if the, + even ] at the local level, when somebody's assaulted --",question
"E I mean,  not all the time. /",statement
Yeah. /,general
"F Oh,  I see.  /",general
You have got to see at least once. /,request
"F Uh,  go ahead,  /",request
C and so  there was a lesser care.  /,statement
Uh-huh. /,general
Don't let that stop you <laughter>. /,request
"[ [ I, + I ] saw, + I see ]  that a lot too, there. /",statement
You think my daughter would like it? /,question
"C And  you want to use one of your  good sauce pans that dissipate the heat because [ it, +  it ] ends up burning,  /",request
Do you all just start planning real far ahead of time? /,question
"C And  it's just sort of [ a, + ] D you know,  four or five pages that covers what's going on in Plano.  /",statement
C Because  I think D like  the bank people in any kind  of people like that are going to be worry enough not to let it happen again in  the near future.  /,statement
Huh-uh. /,general
"D You know,  let the world train  them what to do <laughter>.  /",request
"all my aunts and  uncles are in their eighties now,  /",statement
"[ It's, + it's ]  not a kid who's, D you know,  precocious. /",statement
"C and,   F uh,  [ I, +  I ] enjoy orchestral classical music  /",statement
"C and,  F uh,  D you know,  who would have cared about earth?  /",question
"[ Did, + did ] they separate them by age group? /",question
Who are you with? /,question
"[ Do you, + have you ] noticed any new, F uh,  trends in politics? /",question
"The  first really [ popular, + D you know  wide spread ] one was, F uh,  Proposition Thirteen which was a, F uh,  tax revolt,",statement
Uh-huh. /,general
"what did they watch in college when you where in, - /",question
"Our major crimes in our immediate town, F uh,  is probably [ robberies, + house robberies -- ]",statement
"F Um,  tell me some about your camping experiences, Carolyn. /",request
C And then  you serve it with melted butter.  /,request
"Again the relationship, F uh,  between the two, F uh,  that, F uh,  never would have occurred, F uh,  by accident. /",statement
"I just thought they had some, -/",statement
There has been so much work done already? /,question
D So  did it burn coal? /,question
That's  the way I am.  /,statement
"that takes an awful lot of money and commitment,  /",statement
"C But,  F uh,  D you know,  find out when they are holding <<pause>> the petroleum fair, F uh,  /",request
--  did you see that?  /,question
"let them,",request
"E excuse me,  go ahead.  /",request
Yeah. /,general
"[ I, + when my kids were real little, I  ] was at home for a couple of different periods of time. /",statement
"C and,  D you know,  he strikes out a lot,  /",statement
"D Well,  D basically,  F uh,   did you want to go first, then? /",request
Let's just hope we don't get to that point <laughter>. /,request
"C and,   <clicking>  can you hold on just a second? <Laughter>. /",request
"C So  I feel like D you know,  [ that's is, + there is ] occasions  where [ there are, +  they do ]  spare lives  /",statement
"D Well,  have you camped all over the  United States? /",question
"D Well,  how old are you? /",question
"((   ))  C and  I've got some tomatoes still growing,",statement
"-- Yeah,  /",general
Does he help out much  /,question
"Are you  talking about [ a, +  a ] real river, creek? /",question
"D You know,  E I mean,  [ C and,  + C and  ] that seems really weird. /",statement
Really.  /,general
Yeah.  /,general
"it's probably not as accurate,  /",statement
"C And then  you take and, F uh,  <lipsmack> cover that with drained crab meat mixed with one of the small bottles of chili sauce and spread it over the top and spread it on Triscuits crackers. /",request
Yeah.  /,general
"Right,  /",general
Huh? /,question
"Go out to the nursing home,  help guide some craft programs, perhaps, work on some <sigh> music programs,   whatever their talents are.",request
I don't do a lot of it. /,statement
"D You know,  let's go back to our original thing with, D you know,  our experiments and all [ the, + D you know,  our ] actual exploring of space [ and, + and ] all that,  /",request
Is that what you're referring to? /,question
Right. /,general
I guess we shouldn't get into that  /,request
"D Well,  that's something about what Germany's supposed to be doing. Something similar to that right now.  /",statement
"C or  are you, -/",question
Can I put you on hold for one minute? /,request
"sounds like you, -/",statement
I have lived other places  /,statement
"C And  we sort of, D you know,  figure out, - /",statement
C and  their friends are driving Mercedes  /,statement
shall we say? /,question
Wouldn't it be nice if you could  get a credit back at the end of the year <laughter>. /,question
<Laughter>  Somebody take care of me. /,request
Uh-huh. /,general
"F Um,  tell me some about your camping experiences, Carolyn. /",request
"C and,  F uh,  C so  I didn't have that much to do,  /",statement
"-- don't go out there and start digging holes, F uh,  /",request
"The only complication [ [ is, + is, ] + is ] how do you fund something like this? /",question
"F Oh,  yeah. /",general
"You might want to, - /",request
Yeah.  /,general
"Go in the early hours,  /",request
Uh-huh. /,general
"Ah, okay.  /",general
D Well  do you keep up with the statistical stuff? /,question
"[ [ you, + you,  ] + if you  ] like  sports go right ahead with this one. /",request
Oh.  /,general
Uh-huh. /,general
"C And  what do those kids do,  /",statement
I think so. /,general
"C because,  F um,  I was helping my neighbor out  /",statement
"did you ever read the, F uh,  F uh,  F oh,  - /",question
"Yeah,  /",general
"[ that's, + you ] need to do that.  [ [ I'll, + I'll, ] + I'll ] give you a hint.  /",request
Go ahead. /,request
Tell me how yours works. /,request
"sometimes dental costs can be,  F um,  just about as expensive, if not more,  /",statement
Yeah. /,general
"[ [ we just, +  F uh,  we ]  did D like,  +  F uh,  we drove ] down to Houston to visit friends,  /",statement
Yeah. /,general
Right. /,general
"C So,  F uh,  D you know   --",statement
C and so  pretty fast turnaround.  /,statement
"[ I, + I  ] really hear that, D you know,   /",statement
"You might try, F uh,   /",request
Why not get the work out of the people. /,question
Good night. /,general
"did you go do the board games and stuff,  /",question
they have fifty thousand students there.  /,statement
do you think that the Soviet Union represents a threat to us? /,question
Do you enjoy working with your car? /,question
"[ I, + F uh,  I ] own part of a roofing company. /",statement
Uh-huh. /,general
"Yeah,  /",general
C and  you just need to take the little one.,request
Yeah.  /,general
((   ))  How big is Provo? /,question
"C and,   F uh,   you ought to get it.  /",request
Oh. /,general
"[ is it, + is it ] the one that [ needs, + needs ] more supervision that has a bad influence on the older or more mature one? /",question
Uh-huh.  /,general
"F Uh,  F uh,   on foreign films [ [ did, + F uh,  did ] you, +  did you ] watch, - /",question
"E I mean,  [ I, + I ] would recommend you look at that book --",request
"C So,   <<pause>> D well,  I guess I'll let you get back to feeding your little one there. /",request
"Yeah,  /",general
"D Well,  we also in this area seem to have a lot of retirees --",statement
What kind of dining out do you like? /,question
What's most important to you?  /,question
"When everyone was in Samna I was still in P F M,  /",statement
"I'm going to let you kind of lead the pack,",request
"Are they paroling,  F uh,  like murderers  /",question
D Well  let's start with you <laughter>. /,request
"F Oh,  sure. /",general
Uh-huh. /,general
Yeah. /,general
"C and  F um,  that's really what makes the most sense,  /",statement
How about yourself. /,question
Uh-huh. /,general
"C So,  do you --",question
do you watch STAR TREK? /,question
"-- C and  so often [ [ they, + they tr-, ] + the newspapers are ] trying to compete with a lot of other sources of [ newspape-, + F uh,  news. ] /",statement
do you have any children? /,question
"D Well,  it might be a good time for you [ [ to be-, + to, ] + to start ] a tradition. /",request
"D Well,  what movies are you looking forward to seeing now? /",question
"D Well,  you should, F uh,  run for a school board position. /",request
"C and  [ you, + you ] let the chicken you fried kind of drain, so that a lot of the oil comes out of it <cough>. /",request
Go ahead. /,request
Uh-huh. /,general
"D Well,  are you going to buy a car soon? /",question
"Have you ever, F uh,  read or subscribe to CONSUMER REPORTS for any length of time? /",question
"All the other areas which [ would, +   I think at that time would ] have included West Virginia and, F oh,   may have been Kentucky, a few states, D you know,   that were not part of the South but still had slaves. /",statement
"F Oh,  which one do you like? /",question
"D You know,  [ [ you just, + you did not see, ] + I did not see ] anybody in my classrooms, when I was going to school, act up the way that kids do --",statement
"C And  you only cook it until the mixture begins to boil,",request
"Well, that was certainly a media event.   /",statement
"C but,  F uh,  I enjoy also working on things like the brakes  /",statement
-- C and  these kids were more  foulmouthed than I've ever been.  /,statement
"C And,",statement
they don't take any stands on anything.  /,statement
Yeah.  /,general
Uh-huh. /,general
"C But  if you were going to a restaurant, D say,  F um,   where would you go? /",question
"Yeah,  /",general
"F Uh,  do you, F uh,  have anyone that you're seriously needing to, F uh,  feed information to?  /",question
Uh-huh. /,general
"There's not many half hour shows,  /",statement
"What do you think is the key [ to, + to ] just bringing the American family back together?  /",question
"[ Is + the one in Tyler, has ] it been pretty commercialized, I suppose? /",question
"C Or,  it's also a good environment,  /",statement
"they are as far as their D like  pension plans  ((   )) , /",statement
"They're unfinished wooden book ends and stuff for a little girl for Christmas,  /",statement
"D Well,  what you can do is take your car payment and put it in the bank for three or four years -- /",request
[ Is + is ] just aerobics  /,question
"C and,   F uh,  essentially, [ I h-, + I don't ]  see much of a trend.  /",statement
"-- yeah,  /",general
"Let you start <laughter>, /",request
"-- [ is it, +",question
"C So  we got [ lots, + quite a bit  ] of information as well as indoctrination on Soviet tactics and weapons. /",statement
C And  you let it come to a boil again  /,request
"C but  [ not at, + not at ] the human factors level <throat_clearing>.  /",statement
"D Well,  you can wait till you graduate  /",request
Can you hold on one second? /,request
C So  do you have to get a shade tolerant grass?  /,question
"Yeah,  /",general
"just your child, [ and, + or ] do they just put any child in any crib --",question
go ahead. /,request
"C so  you're going do I want [ a di-, + a ] green lawn or a muddy feet <laughter>,",question
Is that right? /,question
You really should go at least once.  /,request
Yeah.  /,general
Yeah. /,general
Huh-uh. /,general
"((   ))  I know that there's certain issues that can really motivate people because we live in a [ [ pr-, + pr-, ] + predominately ] Catholic type area, /",statement
"F Oh.   Is that what Dallas is,  /",question
C And  you make sure that you keep up with them for the next time. /,request
What do you presently drive? /,question
"[ I, + I ] like Steve Bushel,  /",statement
Why don't you tell me about your choir. /,request
Yeah. /,general
Have you all been able to do much as a family these days? /,question
Go ahead. /,request
"Yeah,  /",general
"[ it's, + it's ] hard for me to do a lot of, F uh,",statement
"C but  do you think there's accounting on an ordered  of magnitude [ or, + or ] [ that, + that ] they really do understand how much money it is,  /",question
Tell me about your home. /,request
Yeah. /,general
Uh-huh.  /,general
"Put them fools in there, /",request
Go ahead. /,request
Uh-huh. /,general
Right. /,general
aren't they pretty hardy? /,question
Right <laughter>. /,general
"C and  I played [ in the, + in the  ] jazz combo all four years.  /",statement
Do you have to give those? /,question
Are you at home now? /,question
"The only painting job that was really <children_talking> <smack> painless for us was in this condominium that the, F um,  association that manages it, <children_talking> they have to take care of like the structural <breathing> damage.  /",statement
C but  it's been that way for the last probably ten years. /,statement
Uh-huh. /,general
Yeah. /,general
"C and   [ they, + everybody ] decided to come over and talk to me right now.  /",statement
Uh-huh. /,general
What kind of things do you like to do with wood? /,question
Uh-huh. /,general
What kind of dog do you have? /,question
"C and  D now  [ we're, + we're ] in this dilemma over, F uh,  United States [ is, + believes ] in democracy [ and, + and ] self determination, where [ a-, + ] /",statement
((   ))   Are you there? /,question
How did you get rid of them? /,question
Yeah.  /,general
"F Uh,  go ahead,  /",request
Yeah. /,general
Uh-huh. /,general
"Just put your paper in the same place every day,  /",request
"C and  it's, F uh,  kind of a process.  /",statement
"C But  I say, D you know,  they commit crimes let them be overcrowded, <laughter> D you know  --",request
"C and,  F uh,  whatever is left, F uh,  after that [ we, +",statement
"C And,   F uh,  their insurance plan that they're under encourages you to shorten your stay in the hospital. /",statement
and let all the normal people go -- /,request
Get you a little  ((   ))  plaque. /,statement
"C But,   then, what do I know, <laughter> -- /",question
"We don't have facilities for swimming in winter,  /",statement
"Let's just, - /",request
"D well,  we can get a nickel apiece  for any paper bags that we bring back to be reused. /",statement
"Was it, - /",question
Put it on the lease. /,request
meat turnovers. /,statement
"Yeah,  /",general
"[ Have you ever, + have you ever  ] tried a one iron? /",question
D So  how many children do you have at home? /,question
Hello <laughter>.  /,general
Uh-huh. /,general
<Laughter> <breathing>  F Um.  /,general
we talk about sometimes going up to Chincoteague -- /,request
"[ I, + I ] would love to,  /",statement
Uh-huh. /,general
"pick out where you want to live,  /",request
[ C so.  +  C But  ] I think we're getting better at it -- /,statement
Yeah. /,general
"C and  sometimes  [ the, +  the ] local ones aren't as publicized it seems that, F uh,  they should be. /",statement
"Yeah,  /",general
Yeah. /,general
"Don't ever drink Scotch,  /",request
"it'd be nice if we sort of, as one, band together  /",statement
"C or  you hear [ these, + these ] phenomenal amounts of dollars spent for this, that or the other  /",statement
Yeah. /,general
C but  I'm like you.  /,statement
"D Well,  you'll just have to plan a vacation some time --",request
"go back to that one to ten scale where one,",request
"<<Very faint>> [ Are you a, + you're a ] Mormon then? /",question
What have you got up there? /,question
"C So,  how does she feel about  going out and doing stuff with you all. /",question
"didn't he have a woman,  /",question
"what should they get in return, I wonder.  /",question
"C and  now I don't let my kids out of the front yard, that I can't see them.  /",statement
however the question is is that making the difference. /,question
"[ C but,  + C but  ] how much money did that cost Dallas [ [ to, + to, ] + to ] fight that in court. /",question
"C And,  D you know,  who's to put  the limit on it?  /",question
"Go ahead,  /",request
C so  it can't be a fish. /,statement
Yeah. /,general
"[ [ I, + I, ] + I ] worked on some of it at T I --",statement
"F Uh,  my job, - /",statement
"excuse me just a minute,",request
C and  you just need to take the little one.,request
"What, F uh,  go ahead and tell me about your home <laughter>. /",request
Uh-huh. /,general
"C but  I don't have that stuff now, /",statement
C Because  I always think the  mail never comes on these days  /,statement
"Uh-huh,  /",general
"D Well  you sure do know [ a l-, + a lot ] <laughter>. /",statement
C and  I think if he'd been around one of my family members probably would have killed him  /,statement
C And  what are you doing? /,question
D Well   --,question
C and then  you'll  have to give me a call on gardening <laughter>. /,request
"C but,  F uh,  I'd rather, D you know,  like southern California, D you know,  have it kind of sunny and temperate all the time. /",statement
"F Oh,  okay. /",general
Do you?  /,question
Let them simmer in the sauce itself /,request
Uh-huh. /,general
Make sure you smack him around then <laughter>. /,request
Yeah. /,general
"C and then  there's one,",statement
"C and,  F uh,  [ the, + F uh,  F uh,  the  ] one with Jody Foster, did you see it? /",question
"Do you plan on D like  adding any rooms or, - /",question
"C but,  there's just something about that Cadillac that, whether it's a G M C  product or whatever.",statement
"F Oh,  don't be concerned.  /",request
"I grew up in San Antonio,  /",statement
"C and,    D you know,  [ what, +  that ] was one of the things  I really thought I'd like to do with my children,",statement
<Laughter>  Let's see.  What else is an invasion? /,question
"C but,",statement
"Really, D you know.   /",general
"Right,  /",general
"F Oh  yeah,  /",general
"Of course the ones I always  remember are [ the, +  the ] older ones -- /",statement
Is he a hunter and a fisher and all that. /,question
"Listen to Bruce Williams, F uh,  for financial advice. /",request
"C and,  D you know,  I'm glad she's staying home,  /",statement
"C and,  F uh,  gosh it was about nine o'clock at night, too.  /",statement
Yeah. /,general
"D Now  did you see, F uh,  DRIVING MISS DAISY? /",question
Right. /,general
Why don't you start? /,request
D you know.   C And  they just raised the minimum wage today  /,statement
"C But  I'm sure it's still terribly traumatizing, D you know,  for people to report it. /",statement
Huh-uh. /,general
What did you have before you bought that. /,question
"[ that's, + you ] need to do that.  [ [ I'll, + I'll, ] + I'll ] give you a hint.  /",request
Okay.  /,general
I see.  /,general
<Laughter> Yeah.  /,general
"It's a very sweet dark, sort of a purplish plum sauce, purplish brown.  /",statement
I'll let you start this time. /,request
hold on <<Put on hold>>. /,request
"C so  [ you go, + [ if you're, if you're ] not doing any kind of sport thing you go ] to one of your sisters' or brothers' --",question
"[ Who, + who ] did they play? /",question
Is it still pretty cool up there? /,question
F Huh.   They have some good management principals in  this NEW GENERATION. /,statement
Uh-huh. /,general
"F Oh,  really. /",general
"[ C and,  + C and,  ] F uh,  every time, F uh,  my mother had, F uh,  F uh,  - /",statement
"C And  [ I'm, + I'm ] down in [ the, + the ] central,  /",statement
Right. /,general
Hang on a minute. /,request
"D Now  come on,  let's be realistic, /",request
<breathing> The meatballs [ you just + ] F um   after you form them fry them in a pan until,request
Uh-huh. /,general
Uh-huh.  /,general
I see.  /,general
"D Well,  what would be the difference between that and  social security? /",question
Excuse me one second. /,request
"D Well,  have you had any good ideas --",question
Uh-huh.   /,general
"Okay, /",general
"[ Do you, +  F um,  do you ] have any hobbies [ that, +  that ] you do things with your hands --",question
Why don't you go ahead and start. /,request
"C but,  F uh,  put all the glass in one place, and plastics, like  milk jugs, F uh,  orange juice jugs, things like that. /",request
Yeah. /,general
D well   she'll be four in  September and then a little boy that's just turned two. /,statement
Yeah.  /,general
"C and  put them  all in a place,  /",request
"E Excuse me,  go ahead <laughter>. /",request
"C but  anyway.  [ It's, + it's ] remarkable.  /",statement
Yeah. /,general
"C But,   F uh,  then [ the mi-, +  F uh,   the cauliflower, ] you,",request
Reduce the violence in the prisons.  /,request
"C and  you microwave it on high for seven minutes,  /",request
"C And,  F uh,  my sister's real interested in that [ and, + and ] getting into [ [ the, + to ] + that ] side of nursing. /",statement
"[ Are, + are ] you married, or ... -/",question
"C but  we had a common thread,",statement
"I think,  if [ we, + ] a generation went without debt, then the next generation, - /",statement
Uh-huh. /,general
Uh-huh. /,general
What kind of movies have you been seeing lately? /,question
"F Um,   [ there's, + there's ] different value placed on human life,",statement
"he started out with  one called THE FAMILY, which does the family systems and people's roles in the family.  /",statement
"Yeah,  /",general
"D well  I know both of my kids didn't want to live anywhere around [ the, + the ] downtown areas, /",statement
"C But  [ you do have to have it, +  D you know,  you do have to have it ] hot when you cook it.  E I mean,",request
Uh-huh. /,general
"Go in the early hours,  /",request
"Okay,  /",general
"[ C and,  + C and  ] I guess they do the sorting.  /",statement
Uh-huh. /,general
"E I mean  if you ever walked into  E D S -s health, corner court health clubs on site --",statement
-- <Laughter> What kind of rock music do you listen to?  /,question
"<<Sound fading>> [ You, + F uh,  you ] take clams, /",request
"D So,  tell me ab-, -/",request
You mean in cable? /,question
Okay. /,general
"C and  [ if, + if ] you should have one, F uh,  that also has hip dysplasia you cannot breed it, F uh.  /",statement
Yeah.  /,general
At least exercise while dusting it off <laughter>. /,request
"F Oh,",general
Uh-huh. /,general
Yeah. /,general
"D So,  are you happy with what you are doing now? /",question
How big is the family you cook for? /,question
Do we pay too much? /,question
C or  are they going to be the thieves and the people --,question
"F uh,  look at them,  /",request
"<Laughter>  D Well,  [ do-, + don't ] ever get one for a pet. /",request
"E I mean,  are you in school? /",question
was  that in your home or in someone else's home?  /,question
Oh. /,general
C So  tell me your feelings on recycling.  /,request
"C but,  what you serve or what would you  <laughter>, -/",question
"C But  go ahead,  /",request
"F Uh,  /",general
Yeah. /,general
was that before they actually did that  /,question
Go ahead. /,request
"F Oh,  okay. /",general
-- <Breathing>  C and  to some level even Russia was behind. /,statement
My daughter that's seventeen now --,statement
Don't let them watch it. /,request
"I used to love those [ old, + [ good, + good ] old ] books. /",statement
"It's like D well  ((   ))  [ you, + ] how do you really rate, D you know,   Michelangelo, D you know  <clicking>.  /",question
Yeah.  /,general
what did you buy? /,question
C but  they lost a whole lot of the life they might have had. /,statement
"Yeah,  /",general
Uh-huh. /,general
"C but  if, [ it + you ] do not  have to put them in child care, [ that's, + that's ] an ideal situation for you, is to stay with them  /",statement
"[ I have been, + I was ] out on a party boat a few years ago,  /",statement
Uh-huh.  /,general
"it's just like you say,  /",statement
Right. /,general
C so  we'll just wait. /,request
"D Well,  listen, [ they've, + F uh,  they've ]  had this one,  /",request
"F Uh,  oh. /",general
"the first two cars I ever bought, D well,  F uh,  F uh,  - /",statement
Yeah. /,general
C and  [ talk a + ] --,request
"Yes,  /",general
go ahead. /,request
Uh-huh. /,general
"Uh, go ahead.  /",request
"D Well,  it just means if you don't pollute, D right,  or you pollute very little  you don't have to pay any tax  /",statement
Where at? /,question
Right. /,general
Do you have any children? /,question
"D like,  what about, D like,  F uh,  - /",question
"C so.   Does T I have a pretty good retirement package, do you think? /",question
"[ C and  they, +  C and  they ] drink cokes  and eat popcorn [ for, +  for ] lunch  /",statement
"You might want to, - /",request
go ahead.  /,request
"[ I don-, + I don't  ] know how they handle it  /",statement
"D So,  what's the latest one you've read? /",question
you go ahead. /,request
"Now [ when, + when ] was this,  /",question
"C and  you microwave it on high for seven minutes,  /",request
"D You know,  where you should try,",request
"D well,  [ maybe, + maybe ] your husband could tape it for you sometime. /",request
do you read the WALL STREET JOURNAL? /,question
Right. /,general
You go somewhere else.  /,statement
Yes. /,general
"Yeah,  /",general
"C and  they [ had her teaching, + E or  were starting to have her teach ] history for the soldiers.",statement
"F Oh,  D well,",request
why don't you tell me about yours. /,request
Uh-huh. /,general
You think you're getting your money's worth? /,question
"Why don't you go ahead and say what you feel,  /",request
"Yeah,  /",general
"Doesn't Wisconsin have a, F uh,  state, F uh,  Medicare program or  health program?  /",question
"Let you start <laughter>, /",request
C or  is  it all funded out of local taxes? /,question
Uh-huh. /,general
"[ when I, + when I ]  went away to school, I'm trying to think my criteria.  /",statement
"F Oh,  you should try it. /",request
It's funny.  /,statement
"D you know,  I can  see [ tha-, + ] that when you make that point. /",statement
Where are you at? /,question
and let all the normal people go -- /,request
C or  make everything diet. /,request
"[ C and,  + F uh,  C so  ] [ we just, + D you know,  we ] had our bedding.  /",statement
I'm not sure.  /,statement
You most likely will. /,statement
Right. /,general
"E I mean,  on the other hand, E I mean,  you take a garbage man in New York City starts out at twenty-six thousand dollars. /",request
"um, did you do through a public school system or private? /",question
"C But,  F uh,  have you ever been to California? /",question
Do you have friends that play with you  /,question
C but  you really need to see that movie.  /,request
"make them do civic duty whatever, /",request
"C But  [ use, + use ] good, F uh,  stuff and buy it at a paint store where they have the right brands,",request
Uh-huh. /,general
"D Well,  D you know,  [ [ you, + you ] got, + you got ] that point well, [ h-, + ] D you know,  [ what, + what ] if a mistake is made and you put someone, D you know,  to death that really didn't do it. /",question
Yeah.  /,general
Yeah. /,general
"D Well,  let's hope not.  /",request
Oh. /,general
"[ what, + what ] do you think, F uh,   /",question
(( Oh )) .  /,general
What do you mean? /,question
"D Well,  D you know,  let's face it,  /",request
"[ It's, +  it's ] awfully easy.  /",statement
-- it's definitely new frontier stuff. /,statement
Yeah.  /,general
<Laughter>  Go ahead.  /,request
"the organize [ the, + ] D you know,  who is going to see to it that the coffee pot gets there, who's going to rent the tables, who's going to see to it that the silverware gets turned back to the caterer.  /",statement
"if you don't like it, shoot, move on to something else.  /",request
"C And  how does your salary deal,",question
have you ever served as a juror? /,question
Go ahead. /,request
Uh-huh. /,general
"F Oh,  okay.  /",general
"D you know  we've got, F uh,  bumper to bumper eight lanes of traffic  /",statement
"tell me about your computer, Laurie,  /",request
"F Oh,  okay,  /",general
there's a lot of crime? /,question
C and  have a happy Thanksgiving. /,general
Uh-huh.   /,general
Yeah  /,general
"<Laughter>   Come on,  /",request
<Throat_clearing> Uh-huh. /,general
Yeah.  /,general
Uh-huh. /,general
Uh-huh. /,general
"Now, you can C either  use, D you know,  the kind  that comes in the little can  /",request
"C And  you want to use one of your  good sauce pans that dissipate the heat because [ it, +  it ] ends up burning,  /",request
"mix up a little, F uh,  mayonnaise with some dijon mustard,",request
<Breathing> <laughter> Oh. /,general
What are you guys having for Christmas? /,question
Bye-bye. /,general
"Then you remove it,  /",request
Maybe we ought to just start carving in stone again. /,request
"<clicking> <music> D Well,  Kathleen, do you believe that there is a problem with our public school system? /",question
Uh-huh. /,general
"C but  [ they, + they ] beat him up and took his gun and shot him --",statement
"[ get a, + get a ] few  /",request
"College or, -/",question
Uh-huh. /,general
Are you working on it?  /,question
"Okay,  /",general
"-- that and, F uh,  extra music classes. /",statement
"D Now  [ what, + what ] keeps you doing that.  /",question
You need metal instead of plastic. /,request
Right.  /,general
"The young people aren't  getting the proper care that they need, and nutrition, I think, /",statement
"E I mean  the kids are the victim, it seems like a lot of times the women are victims because they're addicted.  /",statement
C but  it's not here. /,statement
That means you're a real cook. /,statement
do  /,request
"C And  you cook it for another three minutes on high, D you know,",request
Yeah. /,general
Uh-huh.  /,general
her name was Rita at China Tours in Boston <laughter>. /,statement
"C And  [ I, +  I ] was so relieved because I've been making a real concerted effort, [ make, + ] D you know,  recycling the aluminum and --",statement
Go ahead <laughter>. /,request
Yes.   /,general
"You ought,",request
"Does that last through the summer, too? /",question
"[ It is, + it is ] something I enjoy doing.  /",statement
What kind of progressive stuff? /,question
Uh-huh. /,general
"C And,  F uh,  you put that in  /",request
-- it's a pretty good size.  /,statement
"C but  it seems that, D you know,  they can sign him tomorrow, /",statement
"C And  I think one of the big things that you can do [ is, +  to increase deterrence is, ] F uh,  if someone is found guilty of a, F uh,  felony level offense, they lose their citizenship.  /",statement
C and  I'd be at  the swimming pool by four o'clock.,statement
C so  you should take my word  /,request
do they call it the barrio down there. /,question
"(( It's incentive )) ,  /",statement
Uh-huh. /,general
"C So,  how long did you say it has been since you all had one? /",question
"We  had three,",statement
"C But,   there are some others out there that  I don't believe deserve the money they're getting. /",statement
Did you get it --,question
Right. /,general
How about SILENCE OF THE LAMBS? /,question
"F Oh,  F uh,  by choice? /",question
"Your views, -/",request
"E I mean,  for a long time they didn't do this, /",statement
"It's, F uh,  funny that you said. - /",statement
Uh-huh. /,general
You might take a look at them. /,request
C but  wouldn't it be nice if no one had to fight anybody else. /,question
"[ I'm, +  I'm ] sure  there is problems with it,  /",statement
"C and  I can't really think of any other, F um,  places. /",statement
"Yeah,  /",general
Uh-huh.  /,general
"<laughter> D Well,  what did you  find was most helpful in planning the birthday get together? /",question
you want to start? /,request
E I mean  would the camping be part of a long hike? /,question
Should we have fought them harder?  /,question
"let them,",request
"[ How, + how ] about you?  /",question
At least exercise while dusting it off <laughter>. /,request
"D Well,  [ they, + F um,  I ] just noticed at our health club they ((will put on)) [ these computerized one, + these computerized machines, ]  /",statement
C so  <laughter> --,statement
"[ C but then,  +",statement
"they go to our church, /",statement
Yeah.  /,general
C But  she is scared to death of thunder storms. /,statement
"Maybe one tablespoon or two tablespoons,   let that brown, then put all of the chicken back in there.  /",request
"D Now,  we used to be big time  campers  /",statement
[ C so.  +,statement
"C So,  what's the difference? /",question
Think about what you can buy for sixty dollars. /,request
Did you go to school in Plano? /,question
A cutworm? /,question
C So  you teach in Plano schools? /,question
"Do you have enough bedroom space, then? /",question
"Uh-huh,  /",general
<Laughter> Have you thought about that? /,question
"Yeah,  /",general
"E I mean  [ that's, + that's ] the question.  /",statement
In Raleigh. /,statement
Are you both from Utah originally? /,question
Really. /,general
C and  I tune in to C N N a lot. /,statement
C and  they won't tell anybody. /,statement
have you seen it? /,question
we know he's a good organizer.  /,statement
Put in a perennial blue salvia.  /,request
"I'm sorry, three years ago.  /",statement
"D Well,  listen  /",request
How many children do you have? /,question
"[ C and,  + C and  ] stress that to your children. /",request
Go ahead.  /,request
Yes  /,general
"C but  look at their war,  /",request
"Absolutely they get bigger and bigger, it seems every year. /",statement
You're doing the newspapers and the glass? /,question
"D Well,  [ how do,",question
"-- now you watch,  /",request
"[ I, + I ] loved that film.  F Um,   /",statement
"What do you think about these items that are going to be, F uh,  taxed even more.  Like, F uh,  tobacco and that kind of thing <sniffing>. /",question
Uh-huh. /,general
"Do you  think the program came  first or the,  -/",question
Uh-huh. /,general
I do plan my clothes a week in advance.  /,statement
"there's a variety,  /",statement
it alternates quite a lot. /,statement
Wake up. /,request
"(( D Now  ))   (( D like  ))   who's got that extra two and a quarter <laughter>,  /",question
And you? /,question
is this dinner time for you? /,question
Did you get your pizza taken care of? /,question
Uh-huh. /,general
C and  their starting guard had S A T scores of fifteen hundred. /,statement
"[ by, +  what do you mean by ]  liberal, F um.  /",question
Uh-huh.  /,general
"F Oh,  boy. Those are two very active ages <laughter>. /",statement
you married? /,question
Okay.  /,general
"Was that D like  he started shooting [ people, + people ] in this cafeteria or  something? /",question
"C and  people said, D well,  [ they, +  F uh,  young people ] who were drafted have to provide military service to the country,  /",statement
"we live close to Dallas, /",statement
Uh-huh. /,general
"C so,  D you know,  it wasn't like something that just suddenly popped up. /",statement
Have a vacation in Iraq for a year <laughter>. /,request
"Go ahead,  /",request
"F Oh,  I did not realize that. /",statement
"Uh-huh,  /",general
"[ Has, + has ] he had this since kindergarten,  /",question
Start. /,request
"Oh,  /",general
that way you can't feel like somebody's out to get me. /,statement
Right. /,general
C And  we have that happen.  /,statement
C But  then heat them thoroughly in the sauce itself  /,request
"What did we lose,",question
"D Well,   how do you get the edge though? /",question
C and  you just need to take the little one.,request
"as much as I didn't like school when I was going through it,",statement
"Think about, F uh,  taxes. /",request
"What do you think about, F uh,  the way the criminal justice system handles trials? /",question
Yeah. /,general
Uh-huh. /,general
Go ahead. /,request
Uh-huh. /,general
Huh-uh. /,general
"Like the fifties oldies, or older oldies? /",question
Uh-huh. /,general
You ever seen anybody kill a chicken? /,question
What was the last one?  /,question
Oh. /,general
"C but  my, F uh,  mother sent me, D you know,  D like  [ bookl-, + D you know,  F uh,  boxes ] full of different books. /",statement
Right. /,general
"D So,",question
Where?  /,question
"[ C But,  +  C but  ] they still go through all their, F uh,  curriculum as usual. /",statement
Ask them about it.  /,request
"F Oh,  you are kidding? /",question
Yeah. /,general
Her cookbook  /,statement
Go ahead <laughter>. /,request
"D Well,  can you get the L A paper up there?  /",question
"Right,  /",general
"<Laughter> [ Was, + was ] that the time, - /",question
"you can't really tell,  /",statement
Let's talk about the baby. /,request
"[ D-, + do ] you sell your projects? /",question
Yeah. /,general
"I would too,  /",statement
Call them. /,request
"C and  [ you, + you ] let the chicken you fried kind of drain, so that a lot of the oil comes out of it <cough>. /",request
Oh. /,general
What are your hobbies?  /,question
Yeah. /,general
"don't tell that to a native Texan though, /",request
"F Oh,  D well,",request
<<Very faint>> Uh-huh.  /,general
it just kind of seemed to be the magic number for them <laughter>. /,statement
"Just put your paper in the same place every day,  /",request
C so  that's real beneficial  for the company and the employee. /,statement
Believe me. /,request
"Is that what you're, -/",question
Uh-huh. /,general
what is that?   /,question
C and  that's us. /,statement
"D So  what was the verdict,  /",question
Yeah.  /,general
"<Sneezing> C So  [ have, +",question
Uh-huh. /,general
"F Oh,  [ you do, + you do ] D actually,  F uh,  grow a garden to produce food? /",question
Have you ever camped on sand? /,question
go ahead. /,request
"-- C but,  F uh,  F uh,  I think it's not as much as it was. /",statement
"[ C And,  + C and  ] really [ it's, + they're ] a lot better than what I get in the restaurant <laughter>. /",statement
"C And  when I look at it now, A she's been dead for a long time  --",question
where's that? /,question
"C and  I've only substituted, I guess, for the last fifteen years, /",statement
Yeah. /,general
Uh-huh.  /,general
"[ [ C S-,  +  C s-,  ] + C so,  ] what's the solution? /",question
Do you need to go? /,question
"F Oh,  F um,  have you seen THE GODS MUST BE CRAZY, PART TWO? /",question
"C and,",question
"Ladies,  first. /",request
Maybe we ought to just start carving in stone again. /,request
"C So,  that way [ we, + we ] sort of have the entryway that looks typical of the area  /",statement
Right. /,general
"F Uh,  [ our, + our ] last house wasn't too bad,  /",statement
"I guess in a way it would trickle down to us in the prices of things,  /",statement
"take it to a logical extreme,  /",request
F Oh  yeah.  /,general
"Listen to Bruce Williams, F uh,  for financial advice. /",request
"C and so,  D you know,  those don't take much time at all.  /",statement
Yeah.  /,general
How was the Middle East in terms of that with children?  /,question
"Do you have [ lot of, + a big lot, ] or anything like that? /",question
Right. /,general
"[ they, +  D you know,  you ] just pay  that admission,  /",statement
"Is it then the chance that the employer will look at you in more of a negative fashion and say well, D you know,  this is kind of iffy, D you know,   /",question
"D Anyway,  back on planting.  /",request
"F Um,  how about yourself? /",question
Stick on the subject. /,request
"F Oh,  don't tell me that <laughter>. /",request
Go ahead. /,request
"C and  we will go [ ba-, + back ] as translators cause we want to raise a family  /",statement
Uh-huh. /,general
"F Oh,  I like to think about that. /",request
"C But  I will use  [ peanut, + peanut ] oil, or things.  /",statement
"He's a mixed breed,  /",statement
"in fact today it's really warm,  /",statement
Is there D like  a mandatory nap time? /,question
is it D like  a hand held? /,question
I watch CHEERS sometimes.,statement
you can just light -/,request
How old are your kids?  /,question
"you shouldn't be talking about this [ right before, + ] while you're fixing dinner. /",request
Is there a DeVry in Akron? /,question
"are they, F um,  just house pets? /",question
Right.  /,general
E I  mean  it's like don't worry about it  /,request
Go ahead. /,request
"do you think that, F uh, - /",question
"E I mean,  between the freeway and the oil refinery, you would see a neighborhood. /",statement
"Yeah,  /",general
"-- F uh,  how can you do anything about a problem besides if you don't know about it? /",question
"D Well,  out here [ we, + F um,  we ]  live in what used to be, F uh,  D like  a prairie or  whatever a [ natural, +  D you know,  natural ] grasslands. /",statement
"C but  <breathing> D no,  I folded it up neatly and put it away <laughter>,  maybe next year <laughter>.   /",statement
"C and  [ I, +  effectively I ]  run the telephone switch [ at, + F uh,  at ] the University of New Hampshire. /",statement
"D Well,  [ I, + I ]  was going to ask, too, does your wife work? /",question
Okay. /,general
Uh-huh. /,general
"Yeah,   /",general
"[ If you were, + if you were ] closer [ [ I'd, + I'd, ] + I'd ] tell you you could come over and supervise <laughter>. /",request
D So  tell me about CHINA CRY. /,request
Very faint Oh. /,general
I think I could probably do it --,statement
"C so  I didn't even think of saying Arlington, Texas. /",statement
"D Well,  F uh,  I'll let you start, I guess <sniffing>. /",request
"[ Is it, + is it, ] F uh,  just a small group of the employees that are concerned? /",question
Got the vocabulary down and everything. /,statement
What size hole? /,question
"D Well,  listen,  /",request
Yeah. /,general
"D well,  [ if, + if ] you're interested  you ought to go to the next auto show.  /",request
"you, too. /",general
"C And, then  I also crochet  /",statement
C and  I experienced a lot  /,statement
F Um.  /,general
"Do you, F uh,  -/",question
"C And,  F uh,  [ even if they're, + even if they're ]  discouraged, tell them that that's just a passing moment --",request
"[ that's, + you ] need to do that.  [ [ I'll, + I'll, ] + I'll ] give you a hint.  /",request
"D Well,  don't give  too much credit to the American public for their motivational  ability  . /",request
C but  don't retire <laughter>. /,request
Uh-huh. /,general
"C but,   it's very, F uh,  unique show and very well done. /",statement
Okay. /,general
"Some of those guys got pretty funny looking, F uh,  eye wear. /",statement
Uh-huh. /,general
C And  he has learned to count to twenty from that.  /,statement
I can't take all these shows on because next semester I'm not going to be able to watch hardly any television. /,statement
C or  do you get to stay home with them? /,question
"That's exactly like us,  from our church, we just do it,  /",statement
I don't know if it's done by a private company or not.  /,statement
"[ Isn't, + isn't ] Maryland where the famous Willy Horton case was. /",question
"C But,   I'm going to ignore that.  /",statement
fire away.  /,request
"C So  it's just, F um,  why are we doing this to ourselves <laughter>. /",question
"[ What, + what ] grade do you teach? /",question
Right. /,general
Go ahead. /,request
"I, I, give me cyanide.  /",request
"Yeah,  /",general
"Yeah,  /",general
Uh-huh. /,general
"C And,  D you know,  D like  hold on here. /",request
"After we got married we [ moved, + ended up moving ] to the Houston area. /",statement
"You have a fenced yard or, -/",question
"Kids are writing letters to the newspapers [ about, + ] D you know,  telling adults to --",statement
"Most of the people really are, F uh,   honest and, F uh,  worthy of carrying on their lives properly.  /",statement
"I'd be scared,  /",statement
D So  tell me about where you live. /,request
"C or  do they have a standing ball or a machine, or what? /",question
C So  you can guess the rest of the plot.  /,request
"Your views, -/",request
"C And,   F um,  you place the shrimp [ in the, + in the ]  rice steamer,  /",request
"Yeah,  /",general
"F Oh,  okay.   /",general
I made  that mistake when I first got a job  /,statement
What kind of singing do you like to do? /,question
"[ that's a, + that's a ] Pillsbury plant  /",statement
Uh-huh.  /,general
"D Well,  you have got to get one of those ladders. /",request
C But  you need to rent the first one first. /,request
that's the same with us.   /,statement
another movie I watched. - /,statement
"It's funny,  /",statement
"-- C and,   F uh,  then there are others  that are, - /",statement
"D You know,   that's not the best way  /",statement
You want to get a start? /,request
"C But  how do they afford to even  have the kids, F uh,   /",question
Yeah <<Voices fade>>. /,general
What do you think? /,question
"D you know,  if you're not working with someone on drugs, D well  then you're going to have less accidents, /",statement
"-- [ what, + what ] do you advocate, more taxes or better management of what they got? /",question
Yeah. /,general
"C and so  a State or federal application, F uh,  could work.  /",statement
Yeah.  /,general
I'll let you go first. /,request
I'm satisfied with the vacation.  /,statement
"F Uh,  /",general
do you want to start out? /,request
Right. /,general
"D You know,  I usually do it because I want to, because I know it's good for me, not because, I don't feel obligated to do it.  /",statement
Yeah. /,general
"C And  sometimes, D you know,  I don't even know how much of a difference it really makes, D you know.  /",statement
C And  it will help tremendously. /,statement
go ahead. /,request
Have you tried Mother Mesquites? /,question
Uh-huh.  /,general
"I've done it in the microwave so  often lately because, [ it's, + it's ] really easy. /",statement
"C So  I got busy, got together, and put a reunion together for his family.",statement
go ahead. /,request
Do you do most of yours in tents? /,question
"F Uh,  we've had a couple instances where break ins where the people have actually, D you know,  shot the people -- /",statement
"Yeah,  /",general
"Were you [ near, +  near ] the Park Cities area. /",question
"D Well,  if our time is up we can quit. /",request
Yeah.  /,general
"C and  he completely, D you know,  goes the other way. /",statement
Uh-huh. /,general
Oh. /,general
Uh-huh. /,general
"I've seen pictures,  /",statement
"[ Are th-, +  are there ] any other  specific things [ [ that, + that ] you feel like, +  [ where, + where ]  you feel ] your privacy to be invaded on a day-to-day basis or either on a growing frequency? /",question
"F Uh,  <ringing> I would say definitely go see that part  /",request
"Yeah,  /",general
Uh-huh. /,general
put them to work --,request
Uh-huh. /,general
"D Well,  let's face it,  /",request
Are you from North Carolina? /,question
"C But,   F uh,  D well  I got my thirty day notice yesterday. /",statement
Yeah. /,general
Where is that? /,question
"What about, - /",question
"C So  why don't you explain to me some good tips about what you've done,  which you've found useful and workable. /",request
"Either just the lucky or the unlucky one, depending on how you look at it. /",statement
"one thing [ I, + I ]  really liked [ about, + about ] the Dodge Daytona is the fact that they have, F uh,  this seven year warranty. /",statement
"D Well  do you do anything el-, - /",question
"F Uh,  <ringing> I would say definitely go see that part  /",request
how are the other ones.  /,question
C and then  you sprinkle the cheese on top of that.  /,request
C and  one year I forgot to get him his leukemia booster  /,statement
Have you fly fished? /,question
"[ I don't, + I don't ] really subscribe to anything else. /",statement
go on. /,request
Uh-huh <laughter>. /,general
"Okay,  /",general
Do they sometimes make a recommendation? /,question
"yeah,  /",general
"Do you all have pollution in your co-, part of the country, uh, from industry? /",question
you leave a message  /,request
I'm just kind of surprised we did that.  /,statement
Uh-huh. /,general
D Well  now wait a minute [ the- + there ] /,request
C and  it's funny  /,statement
Do you think the verdict  should be completely unanimous by the jury? /,question
Go ahead. /,request
"E Excuse me,  go ahead <laughter>. /",request
"You know, what [ [ has, + D you know,  has, ] + has ]  the educational system been watered down to that anybody who's above average is now gifted? /",question
You weren't home? /,question
"[ it, + it's ] amazing.  /",statement
Can I put you on hold for one minute? /,request
"C And so  [ we could, + we could ]  talk about, F uh,  that path, D you know,  how important you think his benefits are.    [ [ And, + and, ] + and, ] F uh,  how important you think they are and [ if, + ] what would you like to see increased --",request
"F Um,   C so,  at this time of the year are you doing much garden work?  <Laughter>. /",question
"Yeah,  D well,  /",general
"See,  /",request
"Suppose, F uh,  D well,  D you know,   they had a group who were construction oriented  /",request
"What other kinds of, F uh,  dinner parties <laughter> do you serve? /",question
the sweat had built up on me and built up under my skin and caused me to peel.  /,statement
"I'm going to let you kind of lead the pack,",request
Uh-huh. /,general
I haven't bought it now for about eight years. /,statement
"Are you in a [ ho-, + ] apartment or a home? /",question
go ahead. /,request
C so  you should take my word  /,request
"F Oh,  don't be concerned.  /",request
it's real easy to say that. /,statement
probably you have to heat it up  for a good F oh  - /,request
uh-huh. /,general
"That was poor quality, I think. /",statement
Right. /,general
C So  what do you guys having up there?  /,question
"buy a fresh filet of fish, a nice one at [ the fish mar-, + the fish counter. ] /",request
Do you have the overcrowding in your prisons that we are facing down here? /,question
Is that been --,question
"Yeah, /",general
Yeah.   /,general
"Do you kind of continue, call this  D like,  a part of savings account or a different savings account  /",question
"-- C and  if you're still capable  of driving and doing those things, then you feel like, D well,  gee, [ I'm, +   D you know,  I'm ] isolating myself --",statement
"D well,  [ back, +  back ]  to this visiting thing,  /",request
"C But,   F uh,  D you know,  that's basically just about <breathing>, - /",statement
"F um,  it doesn't really have to matter,  /",statement
"C and,   F uh,   you ought to get it.  /",request
"F Um,  D well,  F uh,  partly due to ownership.  /",statement
Uh-huh </noise>. /,general
Yeah. /,general
C or  is it  pretty  (( natural )) ?  /,question
Is it a miniature or a standard Schnauzer? /,question
What do you think about Robin Hood? /,question
C And  how are your kids at an age where they can contribute to what they want  /,question
What age are your children? /,question
"If it's supposed to be one of the  best bass fishing places.  They hold tournaments there, and everything. /",statement
"F Uh,  C but  [ [ [ th-, + th-, ] + th-, ] + then ] why not [ pay, + pay ] the sales tax (( )).  /",question
"and one was a taxi driver, /",statement
It's pretty nice country up there? /,question
do you want to start out? /,request
What about you?  /,question
"although it is not killing that many people now, it still has the opportunity to get out of control  and become a huge problem. /",statement
"don't tell me what to do, D you know.  /",request
"You know, the murderers, the drug dealers, the user, put them all in   /",request
"I know [ just, +  F uh,  just ]  with me, ten years ago, I was comparing the, - /",statement
How about you? /,question
"do you [ rec-, +  exercise regularly. ] /",question
Uh-huh. /,general
"F Uh,  D well,  is your father's cafe, F uh,  one that you could cater out of? /",question
"Do you have any others,  /",question
explain it.  /,request
that's a start. /,statement
How did it go for you? /,question
<laughter> If you get graded on percent improvement. - /,statement
are you from Southern or Northern California? /,question
"[ yo-, + they ] know that they're not supposed to do it,  /",statement
Uh-huh. /,general
"[ Di-, + do  ] they have a kitchen in them? /",question
"-- put it to sleep, D you know.   /",request
"[ C or,  + C or  ] do you --",question
Does your club have a good woman's association? /,question
Okay. /,general
How many kids do you have? /,question
C And  she's just  so kindhearted that she just takes all the animals  /,statement
Did they have to cast it? /,question
Go ahead. /,request
"Yeah,  /",general
"F Um,  there's a place to look into, F um,  F um,   /",request
"C And  how many does it sleep, F uh,  comfortably? /",question
"C and  he crawls up next to my  husband now, D you know.   /",statement
"C and  it's real, real dangerous. /",statement
I didn't know they did it long distance. /,statement
What do you think of the public school system?  /,question
don't get me to lying. /,request
"C and,   F uh,   you ought to get it.  /",request
I love Disney movies. /,statement
Tell me about your cat. /,request
go ahead. /,request
Yeah. /,general
"F Uh,  have you ever had a Retriever before? /",question
"What kind of, F uh,  vacation spots are there in Colorado? /",question
Yeah. /,general
Yeah. /,general
Did that scare you a little bit?,question
Yeah. /,general
Uh-huh. /,general
now you can tell me what you do. /,request
hold on <beep>.  /,request
"how much time do you spend with your children,  /",question
"In  fact, F uh,  I spent the first three years at home with my daughter,  /",statement
Put them in jail <laughter>. /,request
"C But  [ you do have to have it, +  D you know,  you do have to have it ] hot when you cook it.  E I mean,",request
"Right,  /",general
Yeah.  /,general
"Should we, F uh,  start this so we can, -/",request
Have you been involved on the Switchboard long? /,question
F Huh.  /,general
"For making, you mean, government issue underwear? /",question
"<<Sound fading>> [ You, + F uh,  you ] take clams, /",request
Uh-huh. /,general
are you sewing for a whole family  /,question
Let them simmer in the sauce itself /,request
"D like  it's easy enough to crank out graduates, but to really challenge them -- /",statement
Do you go back? /,question
"The Orioles say they get twenty-five percent of [ their  population, + E I mean,  F uh,  their attendance ] from D C. /",statement
Yeah. /,general
"Yeah,  /",general
"Yeah,  /",general
Kind of away from the crowd --,statement
"Hey, what do you think,  /",question
"F Uh,  do you like how it's presented on the news? /",question
C or  do you have several? /,question
"F Uh,  D well  they range anywhere from about five bucks for your basic city type course up to fifty, sixty dollars for a  really, really nice course. /",statement
"F Oh,  D well  my favorite, D well,    /",statement
"C So,  is your husband a singer? /",question
C But  do you get to pay the bills? /,question
"C and  yet, F uh,  a lot of these large corporations such as Texas  Instruments, although they don't admit to  it, [ it's +  D actually,  F oh,  a drug  testing policy comes ] about as a result of government pressure. /",statement
"C and,   <clicking>  can you hold on just a second? <Laughter>. /",request
it was nice. /,general
Yeah.  /,general
"D Well,  how'd you learn to do that --",question
"Yeah,  /",general
"C And,   D you know,  it seems pa-, - /",statement
"<<Sound fading>> [ You, + F uh,  you ] take clams, /",request
-- C and  that scares me. /,statement
Uh-huh. /,general
hold on <<Put on hold>>. /,request
go ahead. /,request
"D like,  give me some examples. /",request
"E I mean,  did D like  some people go to their rooms and ((   )) , -/",question
"What do you usually wear to, -/",question
"D So,",general
Yeah  /,general
Yeah. /,general
"F Oh,  what are their names? /",question
C and  Bob pointed to it  /,statement
C and  then I think that's going to push teachers to dress a lot more professionally than they do. /,statement
C and  they slip it to them.  /,statement
"I go down to Austin,  /",statement
Just think of the money they could save.  /,request
"Wait,  /",request
"I don't anymore,  /",statement
"C so,  I don't think we made too many mistakes. /",statement
"could go either way, D you know,  - /",statement
-- C and  pretty soon somebody falls off.  /,statement
"[ what were say-, + what were you saying? ] /",question
"Because if you, F uh,  use drop cloths to cover everything and you use masking tape to trim out, F uh,  all the parts that you don't want to slop over onto,  you don't have to be quite as precise about how you do it  /",request
What do you read? /,question
"C but  look at GONE WITH THE WIND, D you know.  /",request
"E I mean,  [ I don't, + I honestly don't ] really think I could have, D you know,  done much better than I did in the school system I was in.",statement
<Beep>. D So  where was your last vacation?  <laughter>. /,question
"yeah, /",general
Uh-huh. /,general
C and  we haven't really put much away for her college up to this point  /,statement
C or  does it   work out pretty well? /,question
C and  they marked off routes that they could go or  something <laughter>. /,question
"listen,  /",request
D Well  how old are you? /,question
"<breathing>  <laughter>.  D So,   tell me about your home. /",request
how do you think we're going to pay for it?  /,question
"C so,",statement
"F Um,  what type of magazines do you have? /",question
Yeah. /,general
Right. /,general
Uh-huh. /,general
"The cartoon or the, -/",question
"yeah,  /",general
"C and  [ I, + I  ] lived in the Alps in France  /",statement
"C but  <laughter>. D Well,  tell me,  /",request
"I like that,  /",statement
"F Oh,  I would hate to be there during Mardi Gras.  /",statement
"F Oh,  you should try it. /",request
C but  go ahead  <laughter>.  /,request
"C so,  easy to pick up and go, and, s-, - /",statement
Uh-huh. /,general
How about you? /,question
Huh. /,general
"C but  D hey,  what can you do. /",question
Really? /,question
"C but   there is no budget for them, I guess.  /",statement
"I come up there I'll have to stop by and [ have, + ] try some of your baking. /",request
"Are you one of these, F uh,  Howard Garrett, organic enthusiasts or a,",question
What have you <laughter> seen recently?  <laughter>. /,question
"used to [ the, + the ] Oakland? -/",question
"you've got to see it.    Especially since you have a German,  /",request
"then he's been working for the company for a while, too.  /",statement
"D Well,  what do you think about it? /",question
"go ahead,   /",request
Go right to personnel.  /,request
"C but,   F uh,  I first started camping out in the desert in California.",statement
F Um.  /,general
"-- F uh,  you name it,  /",request
"Uh-huh,  /",general
"[ C And,  + F um,  C and  ] another question to ask is if they're, F um,  state certified --",request
C but  I'm not sure I like that <laughter>.  /,statement
"C and  it's really interesting that, - /",statement
"D Well,  F uh,  does the company you work for test for drugs? /",question
Oh. /,general
"Is it all, F um,  - /",question
"C but,  F uh,  where's the line [ where you, + where you ] say to somebody, I'm going to drug test you tomorrow  /",question
Tell me about your home. /,request
"C and  [ he's, + he's ]  working to pay those off. /",statement
"F Oh,  yeah. /",general
do you know what Ellicott City is? /,question
C and then  you take it out of the  fat  /,request
"D Well  they're certain places, D you know,  where down there you can take your leaded cans.  /",statement
"F Um,  D so  where do you live in Pennsylvania? /",question
"F Oh,  I'm an interior design major, <laughter>. /",statement
The  A -s?  /,question
Yeah.  /,general
"now grapes are the ones that you  have to pull all that off,  /",statement
What'd they do for that?  /,question
Uh-huh. /,general
"C so  how do you keep track of where you are [ in, + in ] your monthly spending? /",question
"[ I-, + isn't ]  --",question
"F Oh,  yeah. /",general
"F Oh,  [ can you, + can you ] hold on for just a minute? /",request
Excuse me. /,request
"C but,   [ what, + what ]  are your, - /",question
"All right,  /",general
"F Oh,  if you don't have a V C R A we just got one after nine years  don't even spend your money on it. /",request
Was it true? /,question
Very <beep> definitely. /,request
"C but  I don't know if the software is as  easily, D you know,  like you can manage it a lot easier [ than, + than ] the old one. /",statement
"F Huh.  D Well,   you might want to get yourself, F uh,  an animal that doesn't require much attention.  Like a cat. /",request
Yeah. /,general
"[ It, + F uh,  D you know,  [ it's, + it's  ]  ] much more relaxing.  /",statement
"F oh  yeah,  /",general
Right.  /,general
What kind of --,question
<Noise> <talking> Oh. /,general
Oh. /,general
Have you ever been to Marlin? /,question
"C So,  F uh,  do you have plans [ for, + for ] any other camping trips in the near future? /",question
"D Well,  listen, [ they've, + F uh,  they've ]  had this one,  /",request
"What about, [ when, + when ] would people do it, when they finished high school? /",question
Now tell me what you expect from the Mavericks this year. /,request
Just think of the money they could save.  /,request
What about yourself? /,question
"Those compact discs,",statement
Uh-huh. /,general
Yeah. /,general
uh-huh. /,general
"C and  who's going to decide which is how bad, D you know,  - /",question
"D Well,  how do you feel about trial by jury? /",question
"C And  you cook it for another three minutes on high, D you know,",request
"D Well,  that is not really true, either, F uh,   /",request
"F Um,  tell me some about your camping experiences, Carolyn. /",request
Uh-huh. /,general
"((   ))  use the greens, if you get them when they're young and tender, D you know,  before they have grown [ too, +",request
"D Well,  what you can do is take your car payment and put it in the bank for three or four years -- /",request
Uh-huh. /,general
"[ Talk, + talk ] your husband into taking you there some night. /",request
"D well,  [ back, +  back ]  to this visiting thing,  /",request
"E I mean,  it's as simple as that. /",statement
Right. /,general
"Have you thought about, F uh,  leasing? /",question
Uh-huh. /,general
"what's the one that just, - /",question
"C And,  F uh,  D well,  give you an idea,  /",statement
C and  our truck was back.  /,statement
Yeah. /,general
"Now have you thought about this?  That wherever you buy your paint, you need to make sure that that store's not likely to go out of business. /",question
What was the other thing? /,question
D So  what car do you drive?  /,question
"grab,  /",statement
"C but  I do D like,  F uh,  D like   [ a seafood bar, +  D like  a [ raw, +  raw ]  bar ] D like  oysters and  things like that, F uh  -- /",statement
D Well  you ought to come to  North Carolina.  /,request
"Do you [ like, + F uh,  like ] someone recent? Like Enya?  /",question
"F Oh,  you should try it. /",request
C and  you save them forever  /,statement
"Go ahead,  /",request
Uh-huh. /,general
"C so,  F uh,   D you know,  [ let's, +  let's ] stick with that original trust, I guess. /",request
"D Well,  that is not really true, either, F uh,   /",request
Uh-huh. /,general
If they pay for a P H D? /,question
"D Well,  do you you watch, F um,  A what is that show,  WHO'S THE BOSS?  /",question
Don't let them watch it. /,request
"[ You, +  are you ] sure you didn't  leave your refrigerator door open? /",question
Yeah.  /,general
Where do you work? /,question
D now  tell me your favorite team. /,request
"D Well,  [ go in, + don't go in ] the winter. /",request
Tell me what books you read. /,request
Uh-huh.  /,general
"F Huh.  D Well,   you might want to get yourself, F uh,  an animal that doesn't require much attention.  Like a cat. /",request
"Okay,  /",general
DIRTY DANCING and CROSSING DELANCY are two of my favorite.  /,statement
"F Uh,  [ I, + I ] work for T I. /",statement
"C and  [ they, + they ] split things along, F um,  geographical lines but they didn't take any kind of consideration into, F uh,  social or cultural things at all. /",statement
You could be responsible for that yourself. /,request
C and  you can leave a message. /,request
"[ Are you in that part, + are you in the south part ] of town now? /",question
"C And  what  you do is, you just, F uh,  wash it,  /",request
that's what I feel.   /,statement
What about yourself? /,question
"C But,   F uh,  then [ the mi-, +  F uh,   the cauliflower, ] you,",request
"Yeah,  /",general
Uh-huh. /,general
Did they know that all along? /,question
it's been about a year. /,statement
C and  you just need to take the little one.,request
"D Well,  E I mean,  I think, - /",statement
"<Laughter> D Well,  F uh,  C so,  do you just, F uh,  F uh,  skin your catfish  /",question
"C and  you put back maybe two  tablespoons full of the oil and saute some, F um,  bell peppers and  onions [ in, + in ] that little bit of oil.  /",request
"Yeah,  /",general
Did you have a nanny  /,question
"D Well,  you have got to get one of those ladders. /",request
Yeah. /,general
"C So,  [ I try to, + I try to ] catch that, if nothing else. /",statement
"Put some [ fresh, +  little fresh ]  shrimp  /",request
I never can remember what it is.  /,statement
Oh <laughter>. /,general
Is that the stadium? /,question
"Yeah,  /",general
"F Oh,  yeah, /",general
"[ If you were, + if you were ] closer [ [ I'd, + I'd, ] + I'd ] tell you you could come over and supervise <laughter>. /",request
"C And,  D you know,  D like  hold on here. /",request
We've got a good Chinese restaurant in town. /,statement
You live in Pennsylvania?  <Laughter>. /,question
Maybe we ought to just start carving in stone again. /,request
do you?  <Laughter>. /,question
"E I mean  the United Nations been  there for years, but all of a sudden. /",statement
"C But,   F uh,  have you always lived  here in Dallas  /",question
"C and  we  have a nine and a half year old son,  /",statement
Uh-huh.  /,general
"you know what I'm saying,  /",question
I guess we shouldn't get into that  /,request
"[  We, + we ] could probably do with [ [ a, + a, ] + something  ] just a little bit larger than a compact in a sedan next time.  /",statement
Try to do it early in the mornings.   /,request
<Child_crying> Right. /,general
D Well  did that come on T V  /,question
Okay.  /,general
"[ If you were, + if you were ] closer [ [ I'd, + I'd, ] + I'd ] tell you you could come over and supervise <laughter>. /",request
"C but,  F um,  you have to really wash your vegetables after that  /",request
C but  I don't usually use a word processor to do it -- /,statement
"-- now you watch,  /",request
Uh-huh. /,general
Hang them.   /,request
<Laughter> What do you like to do when you go camping? /,question
Are you a total banner? /,question
C or  how does that work? /,question
"Which, -/",question
"F Um.   What is it D like,  F uh,  stucco walls  or, -/",question
Are there others that you're dissatisfied with? /,question
Yeah. /,general
"D So,  do you think that, E I mean  [ the + the ] stereotypical  bleeding heart juries --",question
Uh-huh.  /,general
"I'm that's about my, F uh  <laughter>,",statement
What else about corporate  benefits?  /,question
Sounds a lot a like a Walt Disney film. /,statement
"Most of the family is right in the West Virginia,  F uh,  F uh,  what they call Tri-State area, F uh,  northern West Virginia, eastern Ohio, southwestern Pennsylvania. /",statement
"F Oh,  is that the one [ with, + ] that's he's starring in? /",question
Where?  <laughter>. /,question
C and  I usually D like  go out an buy a newspaper if D you know  I'm interested in any particular one. /,statement
"Uh-huh,  /",general
C and  I haven't.  /,statement
"I went back in there, and start all over again because it had  been a while since I'd done it. /",statement
"The atmosphere of being there,  D you know.   /",statement
why don't you tell me about yours. /,request
"C but  I'm not a new ager, I don't believe  /",statement
D Well  you shouldn't do that. /,request
"F Oh,  it doesn't?  /",question
"C And  you put  that in there,  /",request
"-- put it to sleep, D you know.   /",request
It was sort of neat.  /,statement
Okay. /,request
"They were the kind of people that, - /",statement
D Well,request
Uh-huh. /,general
"C and  she lives with my  aunt and uncle,  /",statement
"C and  they're entered into [ a, + a ] wonderful, F uh,  scrap book.   And  pictures of new babies and new people who have been added and, and obituaries to those who are gone.   /",statement
"My daughter is, F uh,  a twirling champion -- /",statement
have you? /,question
Uh-huh  /,general
Uh-huh. /,general
who do you work with at this time? /,question
))  right <laughter>. /,general
Uh-huh. /,general
C but  something that's smaller would be a lot more convenient. /,statement
F Huh.  D So  you --,question
"Oh well, -/",general
C but  go ahead. /,request
"F Oh,  what's that about? /",question
"C or,  there's a lot of different opportunities for things like that.  /",statement
"C But,  F uh,  in Dallas  [ [ I, +  I just, ] +  I just ] haven't seen basements in houses. /",statement
C and  I can't wait until stuff like that starts happening -- /,statement
you want to start? /,request
"she would think this is like an invasion of her privacy, is like going through her purse, like if you ever needed money and stuff -- /",statement
"E I mean,  I guess after many years of doing it, you just,",statement
"do you sing [ in, + in ]  a choir or a choral group? /",question
"Yeah,  /",general
"C or,  you open to buying foreign cars? /",question
Yeah. /,general
"Is it just that more people think there is D like   excitement in it, you know?  /",question
"Yeah,  /",general
"Do they put, F uh,  long, - /",question
"[ Or whether, + F uh,  [ an-, + and  ] whether ] the rights of that individual [ are been, + have been, ] D you know,  impuned.  /",statement
D Well  you ought to come to  North Carolina.  /,request
"D So,  yeah  /",general
"Apparently, an earth quake caused it. /",statement
"C And  [ does, +  does ] your wife work? /",question
"Yeah,  /",general
"Yes,  /",general
That would be exciting. /,statement
D Anyway  <<very faintly>>.,general
"C So  why don't you explain to me some good tips about what you've done,  which you've found useful and workable. /",request
"C and  they went and [ they, +  they ]  built, F uh,  <laughter>  A can't think of a good example,  a swimming pool, or anything,  D you know,   /",statement
Uh-huh.  /,general
It's really a shame. /,statement
Yeah. /,general
"Do you think that there's any way that, F uh,  - /",question
Try to do it early in the mornings.   /,request
C and  you cover it. /,request
"Uh-huh,  /",general
"D Well,  what do you do on a cruise?  /",question
Uh-huh. /,general
"[ yo-, + you ] comment on it,  /",request
C or   you can set up your work program and your husband's so that one of you is there all the time. /,request
"C And  [ [ [ that +  that, ] + they couldn't, ] + they found that they could not -- ]",statement
"look at the news tonight,  /",request
"D Well,  let's talk about air pollution. /",request
I know that my husband's grandmother does a lot of that. /,statement
"F Oh,  is that where you're from? /",question
You mean the crimes  or the punishment should fit the crime? /,question
"do trust God because, I don't know, kids are a  blessing  /",request
"-- let them go,  /",request
Of the Stones? /,question
You might try that.  /,request
Did you see PRETTY WOMAN? /,question
You can go back to work now. /,request
"D you know,  C and  you, - /",question
Yeah.  /,general
the food is great.   /,statement
Yeah.  /,general
"A grand jury or, -/",question
C and  they no longer have any other cats. /,statement
One moment please. /,request
"Charleston, West Virginia? /",question
"C And,  F uh,  then  I had to do some volunteer work here in Tyler, Texas  /",statement
"C Or  what do they do with you guys if, that you guys get, -/",question
go ahead. /,request
How much is it in Dallas? /,question
"C But  in general [ I like to exer-, +  [ I, +  I ] like ] dance a lot, <barking>  /",statement
"D well,  even to get school finished, I think,  /",statement
"C And,  F uh,  [ even if they're, + even if they're ]  discouraged, tell them that that's just a passing moment --",request
"I, I had forgotten what driving a big car was like. /",statement
Who do you work for? /,question
Uh-huh. /,general
"Yeah,  /",general
"[  He, + in fact,    he ] just goes right out here.  /",statement
if I can  ((   ))  the other side of the coin for a moment. /,request
C and  --,statement
"C And,  F uh,  [ even if they're, + even if they're ]  discouraged, tell them that that's just a passing moment --",request
Uh-huh.  /,general
Uh-huh. /,general
Oh. /,general
Uh-huh. /,general
Go ahead. /,request
What have you seen lately? /,question
"C And  [ all it, + all it ] did was to, in my judgment, make them,",statement
"A year and a half, I gave it up.  /",statement
"D Now  do they fire them, or do they? -/",question
"D Well,  [ what, +  what ] do you  is think is [ the, + F uh,  the ] main change in?  /",question
"it was just, F um,  dribble -- /",statement
What are you telling that student?   /,question
"D Well,  what you can do is take your car payment and put it in the bank for three or four years -- /",request
"even just this first year, that I've been with, F uh,  my son, [ h-, + here, ] F um,  he's, - /",statement
Yes.  /,general
"C but,  [ [ [ I, + y-, ] + y-, ] + you ] might be able to, F uh,  stop people, D you know,   /",statement
Let them go and pay their crime or their time doing something else --,request
they're really wonderful. /,statement
You have any children? /,question
E I  mean  it's like don't worry about it  /,request
go ahead.  /,request
C or  are you so busy you don't have time to do it? /,question
Yeah. /,general
Do you miss that part in your life  /,question
"C but,  D you know,  [ if we had, + if there was ]  something to where she could kind of get up and move around, like you say [ on, + on ]  the highway, or where, where it [ wasn't, +",statement
"C So  you [ do re-, + do recycling ] there? /",question
Uh-huh. /,general
One from the east and one from the west. /,statement
"At U of U,  /",question
"Yeah,  /",general
"[ I don-, + I forget, ]  /",statement
Same here. /,general
go ahead. /,request
"F Uh,  how do you feel about the death penalty? /",question
"F Oh,  you know, what's pretty cute D actually.   F Um,   /",question
what would you say? /,question
"C and  when you're gone from some place [ like it + for about ] six years as we were, you really begin to see, F uh,  just how problematic just living is,",statement
Yeah. /,general
"excuse me just a minute,",request
Uh-huh. /,general
what's your husband do? /,question
"C But  anyhow, F um,  what have you seen? /",question
<Clicking>  Are you there? /,question
"D Well,  I have a town home,  /",statement
I would suggest seeing it at the theater.  /,request
"Yeah,  /",general
"you want to go ahead and tell me your favorite team, or  who you think will be doing well this year. /",request
Uh-huh. /,general
Right.  /,general
keep going. /,request
"Go ahead, you first. /",request
-- you don't have to wait for them to [ say -- +,request
"I think that a lot of  people, - /",statement
"D You know,  C so  you really have no choice that way [ if you, + D you know,  if you're ] not rich [ or s-, + ] D you know.   /",statement
Can I put you on hold for one minute? /,request
go ahead.   -/,request
"C So  what's, F uh,     things that you look for when you go out to dinner? /",question
"C and,  F uh,  [ been, + ] F uh,  couple times I've had a opportunity to rent one -- /",statement
"Okay,  /",general
Uh-huh. /,general
"C But,   F um,  are you involved with the legislature up there,  /",question
Shoot them. /,request
or do they both get served?  /,question
Yeah. /,general
"D like,  give me some examples. /",request
Uh-huh.  /,general
what's going to happen when she gets there. /,question
C and  you name it.  /,request
"Yeah,  /",general
You could be responsible for that yourself. /,request
"F Um,  I work two nights a week at a, - /",statement
Let's hear about your hobbies. /,request
Oh.  /,general
"Uh, go ahead.  /",request
It was very modern. /,statement
Uh-huh. /,general
if they were going to show that why didn't they show the guys who --,question
"F Uh,  [ we, + we ] did all we could,  /",statement
"E I mean,  [ you look, +  you look ]  at the number of marriages that are occurring right [ ou-, + ] E I mean,  even in high school,  /",request
You look at Frito Lay.  /,request
"<Laughter>   Come on,  /",request
Try that.  /,request
Uh-huh. /,general
Right. /,general
"D well,  don't let it collect dust.  /",request
"D Well,  what about a voluntary program?  /",question
"I am in Falls Church, Virginia. /",general
"C but,  on the other hand, I don't think [ it, +   D you know,  that ] someone that teaches, F uh,  say shop, for instance, should have to have degree at all. /",statement
"C And then  [ you, + you, ]  F uh,  pour [ most of the, + all of the ]  oil out of the pan  /",request
"[ You-, + you're ] first. /",request
"F Oh,  if you don't have a V C R A we just got one after nine years  don't even spend your money on it. /",request
"D Well  good luck with [ the, +  the ] new kid. /",general
C or  are you in the work force  /,question
Bye-bye.  /,general
Tell me about your cat. /,request
Yes. /,general
"It, it, the other switch could be the main switch itself, uh, that turns the lights on or off, which is on the dashboard -- /",statement
"yeah,  /",general
"Very much so, except when we need them.  /",statement
"C But  it's hard to find, F uh,  an actual exercise regimen that work, for you, D you know,  because D like  I know a lot of people that cycle, they take their kids behind them on the bikes  /",statement
Do you  have it there? /,question
"C and  put them  all in a place,  /",request
Uh-huh. /,general
Not really? /,question
"I only had a subscription once,  /",statement
"are there tornadoes in Colorado, yes or  n-, I don't, -/",question
"F Um,  I'm glad to see that,  /",statement
Really.   /,general
C or  three times a week. /,statement
"[ That's, + that's  ] worse than football as  far as violence I think.  /",statement
It is beautiful. /,statement
C or  was that just vacation or something? /,question
Uh-huh. /,general
you can just go and vote -- /,statement
"Do you all keep a budget,  /",question
Yeah. /,general
"Everyone had a two way wrist watch T V -s on their wrist,",request
Why don't you do something with those  <laughter>?  /,request
Uh-huh. /,general
"[ D like  the stu-, + D like  the way ] the teachers work with the students.  /",statement
You really should go to Europe.  /,request
"Do you think he's the hero that he's  being called by [ a bunch of other, +  a bunch of the ] media? /",question
What do you think we can do? /,question
Uh-huh. /,general
"Yeah,  /",general
"[ Can you tell [ ho-, + no-, ] + C but  can you tell [ how, + how ] ] fast you're going to hit it? /",question
Uh-huh. /,general
"If you want to play tennis, or --",statement
"Yeah,  /",general
"I live in Dallas, /",statement
"F Uh,  I <throat_clearing> [ re-, + received, ] F uh,  F uh,  several books for Christmas  /",statement
"F Oh,  yeah <laughter>. /",general
-- they're so leisurely over there -- /,statement
"C And,",statement
Typical Texas Spring.  /,statement
"[ C And,  +  C and  ] where are the engineers coming from? /",question
"D Well,  both times? /",question
"C but  <breathing> it's just [ y-, + you ] have,",statement
"Yeah,  /",general
How about yourself?  /,question
"D so  you keep buying the same artists until you don't like an album, then you stop? /",question
"Do you feel like that's an [ in-, + invasion ] of certain people's rights if not everyone is tested? /",question
Yeah. /,general
Central. /,general
F Uh.  /,general
<laughter>.  Did they get the  serious problem that half the people don't vote. /,question
"Uh, go ahead.  /",request
"Yeah,  /",general
Do you do barbecues? /,question
"do you just try and keep them, I guess, F uh,  firm and, F uh,  -/",question
D So  tell me about where you live. /,request
Uh-huh. /,general
I guess it comes with the turf. /,statement
"it's at her house,  /",statement
How's the weather been out there? /,question
"D So,  what kind of music you into? /",question
Did you read Tom Clancy's A CLEAR AND PRESENT DANGER? /,question
Do you have one? /,question
"Then you, F uh,  pour that in there, D you know,   to make the gravy.   /",request
D well  go ahead. /,request
"and, I think there are some organizations that used to, uh, do some voter awareness, uh, things.  /",statement
It is.,statement
"scratch that,  /",request
"[ It's, + it's ]  a pretty big - /",statement
"Yeah,  /",general
"Would you consider, F uh,  capital punishment for them? /",question
"Uh-huh,  /",general
Right. /,general
"let's do i-, /",request
"D Well,  do you drink soda and such in aluminum cans? /",question
"what kind of books do you like to read,",question
Uh-huh. /,general
"[ She's, + she's ] the oldest one [ and, + but, ] F uh,  very possessive. /",statement
"C But  [ use, + use ] good, F uh,  stuff and buy it at a paint store where they have the right brands,",request
D Well  you ought to come to  North Carolina.  /,request
"D you know,  it's a very common thing. /",statement
"[ Where, + where ] in Dallas? /",question
When you're there on weekends is it crowded as hell? /,question
"D You know,  [ I wasn't, + [ [ I, + I d-, ]  + I ] watched ] only a few minutes of it  /",statement
"Isn't that,",question
you too. /,general
Yeah. /,general
It was just horrible.  /,statement
F Oh  yeah.  /,general
Do you know if they have child care there? /,question
Yeah.  /,general
"C and so  getting out and being active, F uh,  [ is, + ] F uh,  F uh,  helps out.   /",statement
"take it to a logical extreme,  /",request
Right.   /,general
Did you just move down here? /,question
"Yes,  /",general
Right. /,general
"D well,  I'll let you go.  /",request
are we doing lethal injection now? /,question
Okay. /,general
<Laughter> Yeah. /,general
what do you think about that? /,question
"C and  let's face it,  /",request
"[ [ they, just, + they were, ] + they did ] things for people,",statement
Uh-huh. /,general
Um. /,general
"C But   , they learn from their  friends,  /",statement
"If Ford was a head and the shoulders above it, I'd buy a Ford. /",statement
C and then  you pour two bottles of beer over it. /,request
"D See,  I didn't even think to look for that. /",statement
"[ C or,  + C or  ] maybe just exercise at home.  /",request
"F Oh  yeah,  /",general
"F Oh,  yeah <laughter>. /",general
"D well,  I'll let you go.  /",request
Yeah. /,general
"[ C and,  + C and,  ] F uh,  in other words do we make the world safe for democracy, /",question
"C And,   D see  that's my only  problem with, F uh,  - /",statement
Do you have any other kind of music that you like? /,question
You know what tort theory is? /,question
"Yeah,  /",general
How old are your children? /,question
We sent invitations.  /,statement
Go ahead. /,request
Maybe we ought to just start carving in stone again. /,request
Yeah. /,general
"You serve that yourself, or [ the, + for ] a family? /",question
"C So  you might, F uh,  think about that. /",request
How does she get to work? /,question
C and  we have morning glory -- /,statement
Yeah. /,general
Uh-huh. /,general
Okay. /,general
Uh-huh. /,general
My children really enjoys it.  /,statement
C but  how about all the trucks and buses that are out there.  /,question
"D Well,  what would you have at a dinner party? /",question
For how many years? /,question
"You actually  have students [ with, + with  ] beepers? /",question
"<Laughter> D Well,  we can, F uh,  complain together (( or swear )) we can complain together about the humidity <laughter>. /",request
Oh. /,general
"D Well,  you're not a starving artist, yet, are you? /",question
"C and,  hold on a second.  /",request
"C But,   what do you do about,",question
"Why,  /",question
"D Well,  [ wha-, + what's ] --",question
"Which do you work in, E excuse me?  /",question
Now what is that? /,question
E I mean  you have the right to do a write in candidate.  /,statement
Go right ahead. /,request
"C So,  do you have anything else you want to say about it? /",question
go ahead. /,request
Oh.  /,general
"C but  people think, F oh,  we're in the nineties, we're beyond all that,  D you know  <laughter>. /",statement
Steroids. /,statement
"D Well,  you are not from that area originally, I can tell. /",statement
Uh-huh. /,general
"D You know,  try that sometime. /",request
"C so  I wasn't sure if I'd be able to get it all right the first time,  /",statement
"D Well,  let's face it,  /",request
Do you like the Dallas area? /,question
"Are you into,",question
Go ahead. /,request
"Yeah, F uh,   /",general
Did you bring him to a doggy obedience school or --,question
Isn't that interesting. /,question
"Yeah,  /",general
"See,  /",request
What do you call it?  /,question
Uh-huh. /,general
Bye-bye. /,general
Uh-huh.  /,general
"D Well,  let's face it,  /",request
"C but  D yeah,   next time you go, F uh,  D you know,  check into it,  /",request
"Okay,  /",general
Is that right?   /,question
C But  you need to rent the first one first. /,request
C and  you cover it. /,request
"you can take those, F uh,  - /",request
"Yeah,  /",general
I bet you it's kind of what I decided.  /,statement
Right. /,general
Uh-huh.   /,general
"Okay,  /",general
<Laughter> I'm twenty-six. /,statement
Oh <breathing>. /,general
What did we do without it back then? /,question
"[ Do you, + do you, ] F um,   receive a lot of information on skiing through the SKI MAGAZINE? /",question
"F Oh,  yeah. /",general
Uh-huh. /,general
I've got the kits to put them all in.  /,statement
Wouldn't you really like to know? /,question
"C and then,  my hobbies in high school went just to the sports.  /",statement
C and  they're making money off that. /,statement
C or   you can set up your work program and your husband's so that one of you is there all the time. /,request
Uh-huh. /,general
"[ have you, + did you ] use commercially available software  /",question
"Go ahead, you first <laughter>. /",request
At least exercise while dusting it off <laughter>. /,request
Yeah. /,general
C and  it was just so wonderful. /,statement
"C But  you think the mountains [ and the, + are kind of a ] barrier? /",question
"Yeah,  /",general
Uh-huh. /,general
"I know one thing [ they've, + they've ] mentioned that I didn't get from the book, by the way,  /",statement
"[ [ I, + I, ] +  I ]  know a lot of the things [ that, +  that ] [ we wear, +  men wear ] nowadays [ were, +  would have been ]  considered, F uh,  feminine, F uh,  many years ago,  /",statement
"[ I, + it's ] been fifteen years now,  since we first moved to Texas,  we've had it,  /",statement
"tell me about your computer, Laurie,  /",request
"C So,  [ is, + F uh,  is ] he working there then  /",question
"I know,  /",general
"F Oh,  [ can you, + can you ] hold on for just a minute? /",request
Uh-huh.  /,general
"[ C so,  + F uh,  C and  ] if you don't have the money, then use a credit card,  /",request
"C And,  D you know,  D like  hold on here. /",request
"<Laughter> C so,  it's okay. /",statement
what's in it for her.  /,question
"What about [ you, + you ] a, -/",question
"Listen to Bruce Williams, F uh,  for financial advice. /",request
Where do you live? /,question
We had a boat  /,statement
"F Oh,  yeah  /",general
C And  it's not as bad as it was when we were out in the country. /,statement
They just take all the money that they say they cut  /,statement
"F Oh,  [ it is -- +",statement
let's talk about college basketball.  /,request
"like pay, the payroll  /",statement
"What are they going up to, thirty bucks or something? /",question
which end do we push  /,question
"D Well,  [ go in, + don't go in ] the winter. /",request
"C So,  are you reading these in  the form of just like printed manuscripts,",question
"Yeah,  /",general
C or  do you hire  someone to do it? /,question
"C and,  F uh,  I'd say go to, F uh,  Midland once, just for the heck of it. /",request
"C and  I know that there are some cases that, F uh,  D you know,  capital punishment does not fit the crime,  /",statement
Uh-huh. /,general
hold on <beep>.  /,request
Uh-huh.  /,general
"The only night we tend to watch some of that is on Sunday nights, starting fairly late, D like  I'm talking  ten o'clock and  maybe toward midnight.  /",statement
"Yeah,  /",general
"it seems like  the rich are getting richer and the poor are getting poorer, is even more,",statement
Let's see what else do you do to your house? /,question
How's he handling that? /,question
Go ahead. /,request
"You mean yourself, or women in general? /",question
"[ [ what do you think that, +  what do you think, ] +  tell me what you think ] about this. /",request
Uh-huh. /,general
"F Oh,  /",general
Go to work for U T.  /,request
Uh-huh. /,general
C or  is it enough just to have a thing that makes loud noise? /,question
"C because  her effort would have really, F um,  really, F uh,  been a good example for all of us.  /",statement
Don't let that stop you <laughter>. /,request
what could they possibly be thinking.  /,question
"I don't know whether they're laws passed [ or, + or ] whatever they're  called, F uh,  just recently, where, F uh,  people with certain diseases cannot be  excluded, F uh,  from, F uh,  immigration.  /",statement
"Can you imagine if someone started bombing your neighborhood, /",question
tell me about your clubs up there.  /,request
"college, I guess.  /",statement
"C and  they actually have the, F uh,  teenagers serving two years [ like + you would say like ] in an army and two years in going around and doing missionary type work  /",statement
D Well  thank you for calling. /,general
"[ Is it going to be, +",question
"[ that's, + that's ] true of any sport, D you know.   /",statement
Yeah.  /,general
Get the computers out  -- /,request
"<laughter>  Yes,  /",general
"believe me,  /",request
"F Uh,  many of those  (( tanned ))  until the last couple when, F uh,  we had such an economic slowdown. /",statement
do you have a rural house or what do you have? /,question
Do you live in Dallas? /,question
"C And,  do you find that you get an awful lot of credit card applications through the mail? /",question
Yeah. /,general
"F Oh,  okay.  /",general
"F Oh,  if you don't have a V C R A we just got one after nine years  don't even spend your money on it. /",request
Right. /,general
you should be careful <laughter>.  /,request
"F Uh,  what are you thinking about buying? /",question
"C and  [ you, + you ] let the chicken you fried kind of drain, so that a lot of the oil comes out of it <cough>. /",request
"[ [ they're, + they're, ] + they're ] long and lanky and skinny. /",statement
Yeah. /,general
Did you stay up late and catch this RED DWARF? /,question
Yeah. /,general
D So  tell me about where you live. /,request
"<lipsmack> I don't want to call her a baby-sitter,  /",statement
Just a second.   /,request
"F uh,  back to the topic, /",request
drop in at times that are unexpected. /,request
Right. /,general
"[ right + ] I think [ they, + there  ] needs to be a little bit more in the area [ of, + of, ] F uh,  [ ad-, + advertisement, ]",statement
"Yeah,  /",general
"F Oh,  did it attack the child, then? /",question
"C but  I guess more than anything I think maybe people were just kind of wanting to have the choice of what they could do, D you know  -- /",statement
Are there any new ones this year that came out that you like  /,question
you know  what I'm  --,question
"C So,  where about in Texas is that?  /",question
"D Well,  do not tell that to all my friends. /",request
Uh-huh. /,general
"[ C and,  +   F uh,  C so   ] D you know  [ it, + it ]  meant something bigger I think.  /",statement
"you have to like, - /",statement
"D So,   how do you keep up? /",question
Uh-huh. /,general
"How many people, Jim, are involved? /",question
"D Well,  F um,  is there anything else you'd like  to discuss about it? /",question
Uh-huh. /,general
"it wasn't really pollution, just the steamy weather <laughter>. /",statement
I've read some of it. /,statement
Christopher Reeve or Mike Douglas. /,question
"Hence is possible error as you  can see in all the IRONSIDES,",statement
"D well,  E I mean,",statement
"I come up there I'll have to stop by and [ have, + ] try some of your baking. /",request
"Just put your paper in the same place every day,  /",request
Yeah. /,general
Right. /,general
Let's hear about your hobbies. /,request
"F Oh,  [ [ that, + that was, ] + that ] worked out pretty good then. /",statement
C and  [ talk a + ] --,request
"up in, F uh,  T I out there? /",question
Yep. /,general
Uh-huh. /,general
"Do you live in a real small town [ or, + or ] out in the country? /",question
"C And,   F uh,  F um,  how long do you plan to be going for? /",question
"[ that's, + you ] need to do that.  [ [ I'll, + I'll, ] + I'll ] give you a hint.  /",request
C or  should I start? /,question
How about you? /,question
Uh-huh. /,general
Uh-huh. /,general
"C and  I don't know if it's just because they didn't come from my era or what,  /",statement
Uh-huh. /,general
Yeah.  /,general
"it's mainly for flower bed,  /",statement
Yeah. /,general
Is that part of our problem? /,question
Do you belong to that? /,question
Have you read that? /,question
E I mean  who would steal a newspaper? /,question
"[ C and,  + C and  ] so  that --",question
Uh-huh  /,general
"Yeah,  /",general
"D Hell,  you'd have people doing a hundred miles an hour. /",statement
He first jumped in  /,statement
"[ What, + what ] city are you calling from? /",question
"<<Sound fading>> [ You, + F uh,  you ] take clams, /",request
I never did.  /,statement
"Yeah,  /",general
"C and,  F uh,  I had a baby the next day -- /",statement
Oh. /,general
"I'm going to let you kind of lead the pack,",request
Oh. /,general
"C So,",statement
I did not <laughter> pay for. - /,statement
"D Now  do you think that's because they've realized that for whole health,  that,  [ the, + ] D you know,  you have to have that combination, or  that people are motivated that way so that they've incorporated that into their program. /",question
"-- D like  [ I, + I ] think, D well,  F um,  in the morals and values of D like  my generation [ for the most, + for most ] people are totally different from the morals and [ valleys, + F um,  values ] of D like  per se your generation.  /",statement
At work?  /,question
"D You know,  let's go back to our original thing with, D you know,  our experiments and all [ the, + D you know,  our ] actual exploring of space [ and, + and ] all that,  /",request
Go ahead. /,request
"C And,   F uh,  you just set it in there,  /",request
"<Throat_clearing>  D Well,  it should be used as a deterrent do you think? /",question
Yeah. /,general
How do you feel about rap music? /,question
Most of them do the --,statement
go out and buy one now  /,request
I'm sure it's a very expensive program to administer.  /,statement
"C but   [ they're + they're ] are just so many people  out there that aren't that, F uh,",statement
"C And,  tell him to take you there for your anniversary, /",request
"F Oh,  okay. /",general
Excuse me. /,request
"C And,  F uh,  it was kind of shocking because that is a scary movie.  And children, young children [ could see, + could have seen ] that movie,",statement
if she acts like she wants to or says she wants to maybe you could have her take some for a while and see how she likes it. /,request
F Oh.   Is there anything else? /,question
"Talk about asking for trouble, F huh?  /",question
"certainly the language I know doesn't,",statement
"Yeah,  /",general
"D So,  tell me ab-, -/",request
Do you know what I mean? /,question
Which is understandable.  /,statement
"Uh-huh,  /",general
C and  in the rivers and stuff? /,question
I think it's true.  /,statement
"D Well,  tell me about your van.  /",request
"it's the best one that exists, I guess. /",statement
"C So   E I mean,  [ I got, + I was getting  ] really nervous,  /",statement
Now if you  use the dried kind?,request
"I guess [ my, + my, ] favorite exercise, [ in the, + F uh,  in the ] gym, is the bikes. /",statement
Uh-huh. /,general
do you have that? /,question
C and then  throw them in with the rest of your salad sometimes. /,request
"D Well,  [ those, +  they're ] kind of nice  /",statement
"D Well,  do you think [ that, + that ] in a civil case, if there was majority rule, that it would be easy for someone to be set up? /",question
D Well   I've gotten some good ideas from you <laughter>. /,statement
"Oh, yeah. /",general
Uh-huh. /,general
"C And,  F uh,  it would have helped me out  tremendously <laughter>. /",statement
Yeah. /,general
C and  I haven't really seen much.  /,statement
"D Well,  you haven't told me, F uh,  what sports that you are active in. /",request
"[ h-, + have ] you ever read the book NINETEEN EIGHTY-FOUR? /",question
"D Well,  what kind of music did you all listen to? <Buzz>. /",question
Uh-huh. /,general
Uh-huh.  /,general
"-- let them go,  /",request
"C and   I think that the insurance companies are starting to give, F uh,  benefits. /",statement
"[ What's, + what's  ] her name? /",question
C so  you should take my word  /,request
What about you? /,question
I forget to.  /,general
"C But  once you're in, F uh,  they have, they have self-paced programs,  /",statement
"you ought to rent the,  F uh,  F X part one.  /",request
C or  make everything diet. /,request
"[ C or,  + C or  ] maybe just exercise at home.  /",request
Yeah. /,general
C and then  they go into the fourth grade  /,statement
C so  we'll just wait. /,request
Yeah.   /,general
uh-huh. /,general
"Uh-huh,  /",general
"Are you in the part of town where, F uh,  they have gotten into the other containers yet for recycling? /",question
"[ that, +  that ] forces a lot of the guys to get out of the game. /",statement
"C but  in some of the instances D like  you just cited where you have to give your fingerprints, E I mean  [ [ wha-, + what, ] + what ] happens if you say no.  /",question
We mailed it  /,statement
"[ [ They, +  I don't think they, ] + do they ] do newspapers? /",question
C so  --,question
"[ Y-, +",request
"F Oh,  D well  I'll let you go if you want  to go ahead and take that, /",request
I wasn't even looking for a car when I bought this car.  /,statement
whenever I was coming up and everything - /,statement
Yeah.  /,general
"F Oh,  D well  I'll let you go if you want  to go ahead and take that, /",request
"Is that where the, - /",question
"What we do is, F uh,  maintain a normal checkbook.  D You know,  like,",statement
Do you see HOOSIERS? /,question
Uh-huh. /,general
"C and so  [ we, + sometimes we'd ] take him with us.  /",statement
<Laughter> Is that the kind of music that you like? /,question
"what they have out for D like  the next year, is everything still pretty square,  /",question
"C And,  D you know,  D like  hold on here. /",request
Uh-huh. /,general
"-- C but,  F uh,  this year my husband  recharged our freon because it [ was, + ] needed to be done,  /",statement
You mean where you sack your own groceries. /,question
Have you seen that? /,question
"D See,  you need to go there. /",request
you leave a message  /,request
"Do you remember [ that, + that ] song. /",question
Yeah. /,general
C and  that's usually works out to be pretty  good.  /,statement
Uh-huh. /,general
"C And  that's when it really starts to add on,  /",statement
Uh-huh.  /,general
E I mean  just because it just keeps growing and growing and growing  /,statement
"Use about half the sugar,  /",request
C or  was there another? /,question
What do you think on the local elections though? /,question
"he did have a problem, F uh,   when he went camping last year in Beavers Bend, [ Ok-, +  Oklahoma, ] F um,   /",statement
You don't want the gum on the back of the masking tape to get dried to hard.  /,request
"D So,  tell me ab-, -/",request
how about in Coppell?  /,question
do your cucumbers come good? /,question
Wait.  /,request
"D So,  F uh,  tell me about changes from say twenty years ago, since you were an adult, twenty years ago. /",request
Uh-huh.  /,general
Go ahead. /,request
"D Well,  D like,   F um,   how does it compare to the ones in your neighborhood?  <laughter>. /",question
"D You know,  it's going to [ kind of + <throat_clearing> kind of ] go along with the B M W in the driveway [ and, + or ] in the garage or whatever. /",statement
Uh-huh. /,general
"C and  they give us one for aluminum  and, F uh,  steel, one for metals,",statement
"yeah, /",general
"D Well,  E I mean,  are they starting,  though, [ [ at, + at, ] + ] with the children that are so,  /",question
"C and  C so,  [ our, + our  ] families [ are, + are  ] really far away.  /",statement
Is anybody? /,question
"The only thing we'd had to do, we had to go out looking for some kind of a grill, D you know.  /",statement
"D You know,  they had the  Merv  -- /",statement
"C So  why don't you explain to me some good tips about what you've done,  which you've found useful and workable. /",request
Was it?  /,question
"[ [ you, + you,  ] + if you  ] like  sports go right ahead with this one. /",request
C And  what do they say about finding adequate child care? /,question
"C And,  F uh,  I'm not capable of lifting what, F uh,  a man can lift and --",statement
<Laughter>  You're just going to have to imagine  what you would like as benefits <laughter>. /,request
Tell me your name again. /,request
"C But  [ at, + at ] evening, F um,  again, [ you, + they ] have the high tourist area, the river walk area, which is nice,  /",statement
"E I mean  even I, -/",statement
Wake up. /,request
"D Well,  you'll just have to plan a vacation some time --",request
<Laughter> Have you ever had to serve jury duty? /,question
"D Well  [ if you,  + if you ] can get GREEN CARD, go for it. /",request
Right. /,general
look at the Cowboys now </noise>.  /,request
married? /,question
Yeah. /,general
good teachers  /,statement
F Huh.  /,general
Yeah.   /,general
D well  go ahead. /,request
Uh-huh. /,general
Oh. /,general
C or  are they just calling a number that happens to be yours? /,question
How did it influence them? /,question
"D Well,  you have got to get one of those ladders. /",request
D Well   --,statement
C or  who do you like after the Mavericks? /,question
Do you think that the weekly magazines provide you with as much detail information as you'd like? /,question
I do <laughter>. /,statement
"<Lipsmack>  C And,  now I'll let you say something <laughter>. /",request
"D Well,  F uh,  what about the lighting?  /",question
yeah.  /,general
"I guess if I did, maybe I would  /",statement
"<Laughter>   Come on,  /",request
"C And  they keep going up,  /",statement
"[ [ Did, +  F uh,  did, ] +   D like,  did ] you go to Disneyland? /",question
"D well,  what do you think  [ if you're  in that, + D you know,  if you're  concerned about that, ] /",question
"<breathing>  <laughter>.  D So,   tell me about your home. /",request
"D Well,  maybe you can, F uh,  make that  one charming [ and, + and ] make a little bit money, F uh,  /",request
Uh-huh.   /,general
Got to wait a couple years. /,request
me either.  /,statement
One moment please. /,request
Yeah.  /,general
What do you think? /,question
"What, F uh,  go ahead and tell me about your home <laughter>. /",request
Go ahead. /,request
"F Oh,  [ we, +  I've ] always had crude ones at my father's,  /",statement
[ C but  -- +,statement
"C So  [ do you, + what do you  ] think is good about the schools? /",question
Where do you live? /,question
leave me in the air conditioning. /,request
"Yeah,  /",general
[ C but  -- +,statement
"I probably watch television four hours a week, max. /",statement
C And so  --,statement
D Well  I'd say tackle one project first and see how it goes  /,request
C So  you just barely moved away? /,question
"Think about, F uh,  taxes. /",request
Go ahead. /,request
"what is it, F uh,  the act where they had to cut everything across the board -- /",question
Sure. /,general
go ahead. /,request
Yeah. /,general
Yeah.   /,general
Don't overcook it though. /,request
Shoot them. /,request
Uh-huh.   /,general
"C and  you just put it on the top of the chicken,  /",statement
Yeah. /,general
C and then  you'll  have to give me a call on gardening <laughter>. /,request
Uh-huh. /,general
Yeah. /,general
"D Well,  if you ever get one, be sure the walls  are good and thick because if they're not you can hear.  /",request
Uh-huh. /,general
I saw that one. /,statement
"C and  think [ what, + what's ] it going to be like for [ [ my, + my youngest, ] + [ an + ] my oldest ] son, when he goes to school.  /",request
"C and  he went to New York with them,  /",statement
Uh-huh. /,general
"C but  <laughter>. D Well,  tell me,  /",request
a super do salary of any kind. /,statement
"are you looking for a house, or not. /",question
Get the computers out  -- /,request
"D So,   tell me the last time you went for a boat ride. /",request
"maybe this is a fantasy we can to talk about any kind of car,",request
Yeah.  /,general
"D Well,  the limits, F uh,  F uh,  would, I think, have to do with what I'd alluded to before, [ that there needs to be a further, + F um,  [ that, + that ] one positive ] on a drug test,",statement
"Just  [ put, +  F uh,  put ] a thing on it. /",request
"D Well,  tell me about your home. /",request
Oh. /,general
+ ]  E I mean  do you have them every year? /,question
"D Well,  do you do a lot of dining out? /",question
"[ How, + how ] does it keep the cost down? /",question
do you work for T I? /,question
okay? <laughter>. /,question
Oh. /,general
Let's see what else is on television.  /,request
Uh-huh. /,general
"What do you consider most important, you think,  in terms [ of, +  of ] the different benefits? /",question
C and then  you pour two bottles of beer over it. /,request
Yeah.   /,general
"Maybe they should pay more attention  [ to these trade, + E or,  D you know,  to the more equalization of the trade. ] /",statement
You know where Saint Joe is? /,question
uh-huh. /,general
Uh-huh. /,general
D now  tell me your favorite team. /,request
"Yeah,  /",general
You don't have any kids you want to send over here?  <Laughter>. /,question
"C And,  F uh,  we went in  /",statement
What do you have now? /,question
[ what are your views? /,question
"[ C and,  + C and  ] what were we trying to do.  /",question
"they [ were + used to be ] used on ships and  [ in, + [ for, + for ] ]  mousers --",statement
Have you? /,question
"my,",statement
C but  what about the community? /,question
Huh-uh.  /,general
Yeah. /,general
"I think there's [ a, + a ] service  station there.  /",statement
Can you think of anything that could be done to make our news media more accurate and objective? /,question
explain it.  /,request
It's kind of cold though.  /,statement
C But  you need to rent the first one first. /,request
"Are, are,",question
Was he  murdered?  /,question
if I can  ((   ))  the other side of the coin for a moment. /,request
"scratch that,  /",request
"[ I am kind of, + F uh,  F uh,  I'm pretty ] bad about procrastinating -- /",statement
"D You know,  is that something we  should do or shouldn't do?  /",question
"[ Do you get, + do you work ] at home all the time  /",question
"C And,   F uh,   what part of Virginia, F uh?  /",question
(( Right ))  /,general
"F Oh,  it was, /",statement
"C And so  how do you relate as to whether  this particular armed robbery was [ a, + ] D you know,  worth five years or twenty-five. /",question
Uh-huh. /,general
"F Uh,  do you want to go ahead and start? /",request
Where do you go? /,question
"Yeah,  /",general
"D Well,  yeah,  /",general
"C And,   F uh,  you just set it in there,  /",request
Try that.  /,request
A time limit too. /,statement
Uh-huh. /,general
"F Oh,  I'm with you,  /",statement
"-- F uh,  you name it,  /",request
C So  you do spend less time then? /,question
what if he cried at the wrong time  /,question
Uh-huh. /,general
"F Uh,   go ahead.  /",request
C and  it's probably gone by now. /,statement
"Okay,  /",general
"is [ she, + she ] happy at school  /",question
Shoot them. /,request
Do you use celery seed in your tuna fish? /,question
They really do.  /,statement
"D Well,  F uh,  I'll let you start, I guess <sniffing>. /",request
"C And  she thinks, A yeah,  /",statement
Go ahead. /,request
Uh-huh.  /,general
"C and then  once you pick that spot out, pick out what you want to do. /",request
It's frustrating when I don't know what's going on.  /,statement
"C and  I just went because [ we couldn't, + we could ] never get to go see it together because it's so  long.  /",statement
"[ Have you, + have you  ] tried getting outside estimates to see what it costs to have something painted? /",question
How long of a program is that? /,question
you <ringing> think you'd really enjoy it? /,question
"C and  if so, why has crime increased? /",question
C and  it's  not [ that always + that the children always ]  say something  /,statement
"<Inhaling> We just have the case,  /",statement
"did you vote in the last,  F uh,  national election? /",question
-- some of these muddy driveways could use it around here. /,statement
C So  she gets destroyed on her bonus check. /,statement
"C And,   F um,  you place the shrimp [ in the, + in the ]  rice steamer,  /",request
do  /,request
"you want to go ahead and tell me your favorite team, or  who you think will be doing well this year. /",request
"We're not Americans,  /",statement
"D Well,  you'll just have to plan a vacation some time --",request
Go ahead. /,request
"Company's, that was a great place to work. /",statement
I guess they just buy it at a restaurant when they eat it at a restaurant maybe. /,statement
Is that  --,question
"[ C and,  +  C and   ] [ it's, + it's ] a cliche,  /",statement
"F Uh,  do you have any favorite things that you serve when you are doing a special meal?",question
Does it have to be unanimous? /,question
"[ When, + when ] your wife has her baby, is she going to stay home  /",question
"C so  I'm getting [ more, + D you know,  more ] exercise that way than  I ever did before I had him, D you know.  /",statement
"Yeah,  /",general
"Is that where [ you, + you ] are originally from around there? /",question
C so  it  seems  --,statement
"Do you think it would have been better for him to have, F um,  maybe one continuous teacher, somebody [ to, + ] that he could, F uh,",question
Yeah. /,general
be sure to watch it tomorrow night --,request
"F Uh,  those are the ones that are in Texas? /",question
Did you plant those yourself? /,question
C So  it's really great.  /,statement
I'll let you start this time. /,request
Yeah. /,general
Oh. /,general
"Yeah,  /",general
How old are your kids? /,question
Uh-huh. /,general
"You have other friends that have kids, F uh,  being taken care of in, F uh,  child care? /",question
"C or  was this just your own design of, -/",question
"D Well,  tell me about it.  /",request
C but  don't retire <laughter>. /,request
"[ the, +  the ] Cockatoos, are those the big ones? /",question
C So  go ahead and say <laughter>.  /,request
Uh-huh. /,general
Go ahead. /,request
-- put in garlic and onion powder --,request
"C And  I also know that things like  antihistamines, Sudafeds, things like that, can really throw it off.  /",statement
Uh-huh <laughter>.  /,general
"C and then  there would be a set amount for however many [ people, + D you know,  dependent  ] you have,  /",statement
C but  you need X number dollars to administer the program.  /,statement
You might take a look at them. /,request
"Been pulling them up, F huh,  or just loosening them until the rain came in? /",question
Yes. /,general
"D Well,  they were elected as well,  /",statement
You don't know what happened to GABRIEL'S FIRE then? /,question
Yeah. /,general
let's talk about college basketball.  /,request
"C and  one thing I thought was interesting was that the driver had something on his belt that he, F uh,   scanned across the little bar code --",statement
What design did you use? /,question
do you have kids? /,question
They come in really handy <<clicking sounds in background>>. /,statement
"[ this is not, +  these aren't ] cats, <laughter>, D you know,  /",statement
"E I mean,  on the other hand, E I mean,  you take a garbage man in New York City starts out at twenty-six thousand dollars. /",request
Where do you work? /,question
"<Laughter> D Well,  we can, F uh,  complain together (( or swear )) we can complain together about the humidity <laughter>. /",request
[ It was like we just sat  around and talk about newspapers and stuff.  /,statement
"C and  you ought to, D well,   as your daughters approach the college age, F uh,  start finding out about the scholarship monies because there is a lot of money out there  /",request
Uh-huh. /,general
Uh-huh.  /,general
Where you at? /,question
"They look totally different,  /",statement
"Did you see that movie with Fred Savage in it, though, /",question
They don't do them real often.,statement
Right. /,general
I have a cassette. /,statement
"F Oh,  really. /",general
"F Huh,  yeah,  /",general
"C and  go to, F uh,  Lone Star,  /",request
"F Uh,  [ what i-, + what is ] your practice as far as budgeting?  /",question
Right. /,general
"F Uh,  how do you mean that? <Laughter>. /",question
"what happened to Reagan's safety net, anyway? /",question
C and  I should have been to two  /,statement
Tell me about your home. /,request
Uh-huh. /,general
"C And,  F uh,  [ even if they're, + even if they're ]  discouraged, tell them that that's just a passing moment --",request
"It is,  /",statement
"Yeah,  /",general
What about season to season.  /,question
do you know? /,question
"<Laughter>  Okay,  /",general
"[ Wh-, + why  ] do you think that it's less close than it used to be? /",question
C So  you can guess the rest of the plot.  /,request
C but  then we can back up.  /,request
"C And,  F uh,  nothing is the same. /",statement
What do you have? /,question
C but  it is wonderful.  /,statement
Make sure you smack him around then <laughter>. /,request
"<laughter> C but,  <laughter> here we go  /",request
Put it on the lease. /,request
"D You know,  Disney World or Disney Land. /",statement
Then how does he like it? /,question
"[ if, + if ] you're going to go camping, who wants to deal with bugs  /",question
C So  tell me your feelings on recycling.  /,request
Have a good day. /,general
"I'm kind of embarrassed  I'm talking to a man, cause I'm sure that [ you are, + you play ]  a lot more than I do. /",statement
"C But,  as long as, - /",statement
C so  that implies ownership. /,statement
"C So  [ I, + I ] don't know [ in, + in ] terms of other things, other benefits other than sort of monetary  /",statement
Uh-huh. /,general
"[ is that, + is that, ] F um,  pretty predominant as far as California do-, doe-, -/",question
You think they'll sign Ruben? /,question
"F Oh,  <laughter>, Yeah,  /",general
C so  that --,statement
"D Well,  let's talk about air pollution. /",request
"C and,  F uh,  I'd say go to, F uh,  Midland once, just for the heck of it. /",request
"Yeah,  /",general
this is  ((   )) - /,general
"it's,  [ I, +  I ] think one of the problems with it is it affects a lot of other folks on the job --",statement
"F Oh,  okay. /",general
"C but,   F uh,",statement
C So  I don't think there's ever been a war that's been so thoroughly covered by the news. /,statement
"This [ wasn't, + ] must have not been a very good quality, because it just hasn't stood up very well. /",statement
"it's not a lot,  /",statement
Right. /,general
"F Um.   Yeah,  /",general
Can you hang on just a minute? /,request
"C so,  F uh,  what do you think, that, F uh,  - /",question
Really? /,question
Uh-huh. /,general
"D You know,  C and  I think most of that is because their parents aren't around.  /",statement
"((   ))  use the greens, if you get them when they're young and tender, D you know,  before they have grown [ too, +",request
"Are you living [ [ with a bunch of, + with, ] + with ] people that you're sharing expenses? /",question
we've never entered a tournament or anything.  /,statement
"C and  I think, F uh,  D you know  on the other hand, I don't know that men have changed that much.  /",statement
"the man always did the bills for,",statement
start prosecuting they  /,request
"<Laughter> Yeah,  /",general
C and  the water rushed down  /,statement
"C and  any time [ there's, + there is ] a budget cut or crunches, it's always the small guy [ that, + that ] gets hurt. /",statement
"C but  mostly if it's something major, F um,  D you know,  cleaning out the air conditioning ducts or something like that, we just hire out to do that, /",statement
C or  are they --,question
That's not her bag.  /,statement
More like embroidery or  something. -/,statement
"It's probably my all time, - /",statement
"Uh-huh,  /",general
C so.   Let's  see what else can we do?  /,question
you need to chop em up real fine /,request
"E I mean  I'm not a women's libber by any means,  /",statement
"D Well,  do you think that should be implemented in the work place.  D You know,  as like a manager or supervisor thinks or  has suspicion that someone is using drugs,  /",question
Uh-huh. /,general
Right. /,general
the patterns look like they're nineteen sixties style. /,statement
"the hardest part about, F uh,  water pump changes is getting all the junk off, before you can get too it. /",statement
"you're always just [ paying bills, +  paying bills, ] D you know,   /",statement
"C So  [ what, + what ]  kinds of things did you experience in L A when you were there?  /",question
"Well, Virginia is not a particularly rich state,  /",statement
"C and  I'm pretty much of [ a, + a ] junk movie watcher by myself. /",statement
"They [ ga-, +  add ] it [ on +  on ]  to tires and gasoline, cigarettes, liquor.  /",statement
"let's hope it,  /",request
"C and,  F uh,  D you know,  they're studying some obscure bug, D you know,",statement
don't you feel like most people have given up on the rehabilitation idea? /,question
look at the Cowboys now </noise>.  /,request
"C but  we only have Cinemax,  /",statement
"Yeah,  /",general
Yeah.   /,general
Uh-huh. /,general
"F Um,  [ what kind of, + what kind of, ] - /",question
Uh-huh. /,general
"F Uh,  matter of fact, in some respects their life might depend on it. /",statement
"F Uh,  <ringing> I would say definitely go see that part  /",request
Okay. /,general
Got to wait a couple years. /,request
Yeah. /,general
Right.  /,general
"F Oh,  yeah,  /",general
"C Because  it's too much trouble to try and  catch up,  /",statement
Yeah. /,general
"C But  [ when, + when  ] could, F uh,  your salary increase -- /",statement
Uh-huh.   /,general
-- C so  I like reading those to her  /,statement
"-- C and  [ we've, + we're ] going to start  taking that, F uh,  U S NEWS, F uh,  newspaper.  U S A TODAY,  /",statement
What about you? /,question
you need to chop em up real fine /,request
You don't want the gum on the back of the masking tape to get dried to hard.  /,request
"D Well,  don't bother <laughter>. /",request
"if it is performed correctly or if it's done right, or if the version is done right, I like it <laughter>, /",statement
"back to your movie you saw that ten thousand, - /",request
"I'm not sure what kind of, F uh,  capital punishment we have here. /",statement
Why?  /,question
E I mean  it is just real violent.  /,statement
"my first job years ago, F uh,  thirty years ago, twenty-nine years ago, in fact, was selling agricultural fertilizer. /",statement
"C and  I learned Wordstar on that, /",statement
Yeah. /,general
<Laughter> Okay.  /,general
Let them go and pay their crime or their time doing something else --,request
"C but  the other thing is when they have the sensational trials, how they get people who aren't swayed by the news either. /",question
"The only thing that saves it, with the schedule I work and the schedule my wife works, we're getting ready to go to work at totally different times.",statement
"[ Are, +  have ] you been in big cities a long time? /",question
"That's all,  /",statement
"I've made a lot of bibs, and wall hangings,  /",statement
"How does the paneling, - /",question
What about you? /,question
"Sometimes when I read TIME magazine, after I've read an article I'm real depressed over the situation of the world <laughter>, /",statement
Uh-huh. /,general
Your name is Lynn? /,question
Yeah. /,general
we talk about sometimes going up to Chincoteague -- /,request
"C and  it turns out that I do think [ they're v-, + they're excellent ] physicians there.  /",statement
I'm not old enough to recall that one <laughter>. /,statement
"-- C and  they brought up what happened in Killeen here recently,  /",statement
"C And,   F uh,  you just set it in there,  /",request
"[ From, + from ]  personal parties or from these, F um,  [ phone answer, + phone, F uh,",question
"C And  [ they have, + F uh,  D you know,  [ in, + in ] some cases they have ] a greater self-esteem because [ they can say, + they can see ] that, D you know,  if I do something or [ sub-, + submit  ] my own will to the will of the sargent or whatever, at least for a short period of time, I can accomplish a lot  /",statement
"F Um,  was it, - /",question
"F Oh,  Purdue. /",statement
"D Now,  how many could you serve? /",question
Tobogganing. /,request
Uh-huh.  /,general
Go ahead. /,request
Oh. /,general
"D Well,  you can come over to my  house and spend it <laughter>. /",request
"I would just encourage you to do a little traveling, though, before you get married.  /",request
"F uh,  back to the topic, /",request
You did. /,general
"C so  it's not real developed,  /",statement
"You are very, very much aware of what goes on. /",statement
Do you use P C -s? /,question
"C So  she told us that the house had been, F uh,  professionally painted recently.  /",statement
"you look at the United States,  /",request
"E I mean  do you think,",question
Uh-huh. /,general
"F Um,  uh-huh. /",general
"D Well,  you haven't told me, F uh,  what sports that you are active in. /",request
"D Well,  D well  what would be the unemployment rate  out there? /",question
I'll let you go first. /,request
You think the rich are paying too much? /,question
It was a hassle <laughter>. /,statement
Would you be against any deficit spending? /,question
"I think  [ it's, + it's ] more frequent now.  /",statement
Do you have bass? /,question
"-- you know, give them a fine, whatever,  /",request
"[ You, + you ] call that number  /",request
Get the computers out  -- /,request
How about you? /,question
Yeah. /,general
"when I said [ [ I, + I'm, ] + I'm ] raising them, I am, - /",statement
What kind of grant was it? /,question
Uh-huh. /,general
"F Um,  F uh,  D well,  give me your first impressions. /",request
C Or  can we predict? /,question
Uh-huh. /,general
"You guys   <child_talking>, F uh,  do you  get much of a chance to hunt or anything  /",question
"<Laughter> D Well,  we can, F uh,  complain together (( or swear )) we can complain together about the humidity <laughter>. /",request
are you from Boston? /,question
"C and then  we had to write, F uh  --",statement
Yeah. /,general
"D Well,  [ do you, + D you know,  do you  ] do gardening at home? /",question
C and  do you and your wife have  a budget plan for your finances. /,question
"[ you were, + you were ] tested for drugs as [ you got into T, + [ as, + as ] you got into T I? ] /",question
C and then  you sprinkle the cheese on top of that.  /,request
You think they're later in the year? /,question
Uh-huh. /,general
C And  I feel like they sensationalize things  that shouldn't be sensationalized.  /,statement
Right.  /,general
Uh-huh. /,general
"E I mean,  if he were to use that, he might as well commit suicide --",statement
Let them people go. /,request
C but  it seems that automobiles would probably do more than their fair share of that. /,statement
have you seen that? /,question
is it snowing up there? /,question
you ready? /,question
What do you think of him? /,question
Yeah. /,general
"they're, F um,  registered  /",statement
-- C and  I don't know what it was. /,statement
"C And,  F uh,  I thought of those two things when [ I was, + I was ] holding for a long time. /",statement
Uh-huh.  /,general
"Yeah,  /",general
"C And  every  one of them have five or six kids.   C And  most of them, <child_talking> D you know,",statement
C But  why?  /,question
bit. /,request
Yeah  /,general
Uh-huh. /,general
Right. /,general
"[ W-, + where ] do you work? /",question
Uh-huh. /,general
"D Well,  thank you very much.  /",general
Right. /,general
"where have you, F uh,  -/",question
Tell me what books you read. /,request
"C and,",statement
Where do you call to? /,question
Uh-huh  /,general
"<laughter> Do youself have children [ wi-, + ] who are or have been through the public school system? /",question
Put them in jail <laughter>. /,request
"Yeah,  /",general
"Yeah,  /",general
but it's mostly from older automobiles.  /,statement
((   )) ? -/,question
"I think the families, - /",statement
"C and  he had started this, F um,  save the environment club. /",statement
-- C and  you let it rise  /,statement
"C or  do you watch,",question
"C But then,  I have other views to it. /",statement
"C but  basically I taught it in Spanish,",statement
we talk about sometimes going up to Chincoteague -- /,request
C or  you just like it? /,question
I  work in the news business  /,statement
"F Oh,  you like that one? /",question
Uh-huh. /,general
Yeah. /,general
C And  they said that a certain number of  people that the heavy drug users would either quit or go in rehabilitation programs.  /,statement
"[ Are there, +  are there ] any theories on why this is happening? /",question
"D Well,  tell me about your van.  /",request
Yeah. /,general
"C Because  I have just D like  [ a very small, + D you know,  those basic tract ] houses, like that.  /",statement
"F Oh,  uh-huh.  /",general
"C and  D actually,  F uh,   the conferences were nothing  /",statement
I guess I'll get back to my laundry <laughter>. /,request
"E I mean,  they're the ones who get out and vote,  /",statement
"D Well,  what you can do is take your car payment and put it in the bank for three or four years -- /",request
D Well  let,request
"[ Where, +",question
"<<long pause>> D Well,",question
I work for a government contractor. /,statement
C and  after that they start falling apart.  /,statement
Oh. /,general
How about  the kids.  /,question
Uh-huh. /,general
Uh-huh. /,general
"[ The, + D well,  as it is now, the ] middle and upper classes are paying more than their share for the health care of the whole country because they're the only people that can afford health insurance <whistling>  /",statement
((   ))  I believe you should have the testing/,statement
"-- [ I, + I ] really like them. /",statement
C or   (( D like  )) what things are you looking at? /,question
Yeah. /,general
"[ [ C And,  + C and,  ] +  C but  ] of course [ most time, + most of the time ] management has a hard time distributing or getting the word out to the people who must know.   /",statement
"C But  then, D you know,   at the same token, I'm not against  /",statement
"She's only five,  /",statement
Yeah.  /,general
Good.  /,general
"Is your wife better, I hope? /",question
C and  if you discover you like it then you can always upscale. /,request
"C And,  especially if you have a laser printer,  it's going to print out the same way as it's on the screen. /",statement
"F Oh,  you should try it. /",request
Oh.  /,general
C and  we have several young children -- /,statement
"[ I s-, + I seen  ] a lot of adds recently for organic fertilizers [ and, + and ] lawn additives and that type of thing,  /",statement
they just can't afford  to have low income housing like  that. /,statement
"C but  look at GONE WITH THE WIND, D you know.  /",request
you should put ten to fifteen percent of your monthly bring home --,request
"[ Are you, +  are you, ] - /",question
"It may be in the future that [ men, + D you know,  some men ] may be better parent or mothers than mothers themselves.  /",statement
what do you use yours at home for? /,question
"<Noise> F Uh,  hang on one second  /",request
could you hold on?  /,request
What did you teach? /,question
"So, I guess I'm, I'm, I'd like to see us spend more.  /",statement
"C and  see if it, F uh,  -/",request
Uh-huh.  /,general
Ask them about it.  /,request
Uh-huh.  /,general
"F Uh,  I'm trying to just think of the ones that have come on.  /",statement
"[ you, + you ] first,  (( Eve )) . /",request
Uh-huh. /,general
"D Well,  you'll just have to plan a vacation some time --",request
Uh-huh. /,general
Yeah. /,general
"Yeah,  /",general
do you know Grapevine? /,question
"[ C An,  +  C and  ] it sounds sort of funny  /",statement
go ahead. /,request
"Yeah,  /",general
Huh.  /,general
"[ your, + your ] turn. /",request
Yeah. /,general
Uh-huh. /,general
"[ What, + what ]  kind of movies in general do you like to watch? /",question
"D Well,  I get twenty six paychecks,",statement
"How does that, F uh,  - /",question
"you can't, D you know,  - /",statement
"[ C and,  + C and  ] I know, a friend of mine talked to someone in the midwest  /",statement
"Use about half the sugar,  /",request
Uh-huh. /,general
C So  you can guess the rest of the plot.  /,request
Yeah. /,general
Uh-huh. /,general
Yeah. /,general
Right. /,general
Uh-huh. /,general
Uh-huh. /,general
wasn't that Fishbone. /,question
"F Uh,",request
<Laughter>  Somebody take care of me. /,request
Oh.   /,general
Excuse me one second. /,request
"D Well,  have a good day.  /",general
C and  how many do you have? /,question
"Yeah,  /",general
C or  did you have  someone  --,question
You can go back to work now. /,request
"F Uh,  I was in the military,  /",statement
"D Well,  what was her name? /",question
"was she like a group that was doing it, /",question
yeah. /,general
how about you? /,question
Go. /,request
"Some of them turned out to be pretty good players,  /",statement
Fine.  /,general
Why?   /,question
"C So,  F uh,  if you were to buy [ a new car now, + a brand new car, ] what would you look for? /",question
"C Or  something you haven't paid in sixty days or ninety days, D you know.   And things like that <throat_clearing>. -/",statement
Right. /,general
"You go ahead first, if you'd like. /",request
"Do you have a particular composer that you like or,",question
Uh-huh. /,general
Okay.  /,general
"E I mean  [ you have to be, + you've  got to be ] sure,",statement
where's the money supposed to come from.  /,question
"You want it to get dry, but not, F uh,  just real hard. /",request
Yeah.  /,general
"[ Who-, + who's  ] that? /",question
"D So  [ you're f-, + you have ] a big, - /",question
What about yourself? /,question
"C And,   F uh,  you just set it in there,  /",request
"When I was pregnant with my first little boy, I had read it,  /",statement
How about yours? /,question
"C And then  you,  F uh,  mix flour and  a cup of water, maybe, F uh,  one tablespoon of flour and a cup of water.  /",request
tell me what you think.  /,request
"[ Do you work, + do you work ] for Texas Instruments then? /",question
Have you ever heard of Kim? /,question
has,question
Uh-huh. /,general
"C And so  [ we could, + we could ]  talk about, F uh,  that path, D you know,  how important you think his benefits are.    [ [ And, + and, ] + and, ] F uh,  how important you think they are and [ if, + ] what would you like to see increased --",request
Hey Mark --,request
Okay  /,general
"Are you D like  in the [ particle, + particle ] research or <breathing> anything like that  /",question
"[ How, + how ] can it work?  /",question
I have never been able to make it through any of Michener's work. /,statement
Bye. /,general
the ROBIN HOOD coming out  /,statement
D So.,question
"C and  when you mentioned that, [ we, +  we ] have friends who have children there who just love it.  /",statement
Uh-huh. /,general
C and  are we getting what we pay for?  /,question
Right. /,general
C and  they're long here too. /,statement
Uh-huh. /,general
<Laughter>  Go ahead.  /,request
Call them. /,request
"Weather-wise, or otherwise? /",question
"I'm  just concerned about their safety [ mor-, + ] /",statement
"It's cute, though, because my children, when they get in the car, and I have, F uh,  the button pushed for that, they always switch it to  something else <laughter>. /",statement
Yeah. /,general
Could I ask you to hold one minute? /,request
Yeah. /,general
"C and  we, I clip coupons.  /",statement
"C But,  are you at T I? /",question
Yeah. /,general
are you? /,question
how do we get them <<pause>> to not get reelected over and over again. /,question
"<Laughter> E I mean,  it was terrible.  /",statement
we're having a lot of allergies down here right now. /,statement
You just couldn't get phones. /,statement
Uh-huh.  /,general
"as a matter of fact, F um,   Sylvester Stallone, is that his name?/",question
"F Oh,  yeah -- /",general
Right. /,general
D Well  let,request
"It's one of those things on the surface,  D you know,  it seems like a great idea.  /",statement
"Yeah,  /",general
"C And   I think that's almost a bigger factor,",statement
what do you think is the biggest problem? /,question
Uh-huh. /,general
"Scott, let's, F uh,  talk about advice that we  can offer a parent where the child is going to go to a university -- /",request
Uh-huh. /,general
C but  then we can back up.  /,request
"Doug, you want to start?  <Laughter>. /",request
Uh-huh. /,general
"[ D-, + ]  C so  you bought a Pontiac? /",question
"and I think, you know, it should be more of a thing that's based upon someone's intent, you know.",statement
Do you? /,question
make sure it's nice and brown on both sides  /,request
Yes.   /,general
Uh-huh. /,general
Uh-huh. /,general
do you? /,question
do you have the standardized testing now? /,question
Uh-huh. /,general
C or  do you think that we are to the degree that we  are causing <<pause>>. -/,question
"Well, they should start with, the,  /",statement
Yeah. /,general
Yeah.  /,general
favorite type of music or musician or any. -/,question
C so  you enjoy gardening? /,question
"C but,  [ it, + it ] was always fun.  /",statement
"I'll go ahead and start recording that, /",request
<breathing>  I'll let you go ahead <laughter>. /,request
Right. /,general
"Did someone just come up with this design,  /",question
C so  we'll just wait. /,request
F Oh.  You ought to try some crawfish.  /,request
Just a minute.  /,request
C and  you put it on a platter.  /,request
Yeah. /,general
"C But  there were some things that people brought up like D well  what happens  if [ they, + they ] get a false positive, D you know,  what recourse do you have. /",question
"D Now  [ how many, + how many ] people are in his immediate family? /",question
C so  these are a bunch of old recordings. /,statement
Uh-huh.  /,general
Are you a native Pennsylvanian? /,question
"F Uh,  do you have any friends that have children? /",question
"C and  besides that [ I, + F uh,  D you know,  I ] have a set amount that I save every month. /",statement
"C and so  you  don't know what they, -/",statement
Yeah.  /,general
"D Well  [ if you,  + if you ] can get GREEN CARD, go for it. /",request
D So  --,request
How do you think the Steelers are going to do this year.  /,question
"D Well,  if you ever get one, be sure the walls  are good and thick because if they're not you can hear.  /",request
"F Uh,  do you have a family fleet  /",question
"D So,  F uh,  tell me about changes from say twenty years ago, since you were an adult, twenty years ago. /",request
"D Well,  do you think it's time that we go for  new, F uh,  coaches?  /",question
"D Well,  tell me about your van.  /",request
"Uh-huh,  /",general
"You know, the murderers, the drug dealers, the user, put them all in   /",request
"C and  [ they have, + we go ] for the salad bar. /",statement
C or  do you think they are deliberate sorts of things? /,question
"it wasn't a mystery,  /",statement
Bye-bye. /,general
C but  you pick up the gun and point it at  the person --,statement
"You think, /",general
"[ [  Do you, + do you find it, ] + do you like ] that kind of computer? /",question
Uh-huh. /,general
Yeah. /,general
"D Well,   (( Kim )) , E I mean,  didn't the Cowboys even finish, - /",question
Where's that. /,question
Is this your first baby? /,question
"C and,  D you know,  even the public schools are behind the parochial schools. /",statement
have you seen that? /,question
"What, F uh,  go ahead and tell me about your home <laughter>. /",request
You don't want the gum on the back of the masking tape to get dried to hard.  /,request
"<Laughter>  Okay,  then.  /",general
"C or  D you know,  E I mean  - /",question
"Oh, ((   )) ? /",general
"D Well,  do you do any recycling? /",question
"Uh-huh,  /",general
"Being down there, do you, F uh,  get to see, D like  the colonial or any of those? /",question
"[ don't, + don't ] be in any hurry. /",request
"If you compare [ the, + D like  the ] people [ that could have, + that could have ] sent their kids to private schools and [ the people that, + D you know,  the people that, ] F uh,  did send their kids  to private  --",statement
What club do you follow? /,question
Shoot them. /,request
we talk about sometimes going up to Chincoteague -- /,request
"F Oh,  don't made any excuses for him <laughter>. /",request
what can I say. /,question
"scratch that,  /",request
I would suggest seeing it at the theater.  /,request
Go ahead. /,request
"D well,  let's not talk about that <laughter>. /",request
"F Oh,  D well  I hope your project turns out great  /",statement
Uh-huh.   /,general
yeah. /,general
"You know, the murderers, the drug dealers, the user, put them all in   /",request
"F Uh,  don't you have to do it as part of its, -/",question
"C And  [ it's, +  are you ] cooking the whole head --",question
"Little rock stars, put all them in there. /",request
C but  --,statement
Uh-huh. /,general
"Yeah,  /",general
"Like washer, dryer  or, -/",question
Uh-huh. /,general
C or   we try not to miss that. /,statement
Uh-huh. /,general
"D You know,   is there something else we could have done, D you know,  in checking out all  the places that, F uh,  might be available.  /",question
"[ We don't, + we don't ] do enough.  /",statement
C but why can't they check to see if the person who is applying for this gun has had a record or not.  /,question
Why don't you tell me about your choir. /,request
"I'd rather get a bicycle,  /",statement
"F Um,  I have been married for just a few years,  /",statement
Uh-huh. /,general
"D Well,  [ do + --",question
Didn't he used to? /,question
"C And,  tell him to take you there for your anniversary, /",request
"Yeah,  /",general
"[ I, + I  ] don't feel like they're a benefit to society in any way,  /",statement
C Or  maybe it's only half hour. /,statement
Really.   /,general
Uh-huh. /,general
Have you been cross-stitching long? /,question
"-- let them go,  /",request
Yeah. /,general
<<Very faint>>  Yeah. /,general
"Yeah,  /",general
When do you get out? /,question
I think that would  be a wonderful way to do it. /,statement
how do you feel about it? /,question
"I see,  /",general
Okay. /,general
C and  you turn it one time. /,request
It would be nice to have him around -- /,statement
C and  it varies  D like  every day.   E I mean  from jeans one day to business suits the next <laughter>. /,statement
"And why can't you, why can't the F D A say, you know, i-, if these people knowingly consent to be,",question
Do you have children in the public school system? /,question
"E I mean,  I've seen and I've  had friends that have, F uh,  D like,   F uh,  eighty-one or eighty, F uh,  Celicas, /",statement
"F Oh,  D well  I'll let you go if you want  to go ahead and take that, /",request
What power do we have? /,question
"C And  do [ they, + they ] just paper train it or something? /",question
All right. /,general
C And  we went to Carmel. /,statement
"F Uh,  <ringing> I would say definitely go see that part  /",request
D Well  you shouldn't do that. /,request
"a lot [ of, +  F um,  of ]  a, F um,  winter produce comes from South America. /",statement
Go right to personnel.  /,request
"Do you work with, F uh,  mixed company, male and female  /",question
"C So  I just kind of went through,  /",statement
Sure.  /,general
"C or  is it, F uh.  -/",question
I'm definitely not aware of how much. /,statement
D So  is everything going all right up there? /,question
is it good? /,question
Uh-huh. /,general
"[ C and,  + C and,  ] F um,  there's a big controversy whether they should have to, F um,  have [ [ a, + a l-, ] + a ] law to have them certified [ or, + or ] not. /",statement
"<breathing>  <laughter>.  D So,   tell me about your home. /",request
Uh-huh. /,general
"You go right ahead because I,",request
Do you have any pets now? /,question
"F  uh,  do you work? /",question
"[ C and,  +  C and  ]  I know for a fact that the transmission is made by Mitsubishi. /",statement
Yeah. /,general
"C But  do you,",question
"When we bought ours we were paying [ tw-, + ] F uh,  three hundred twenty-nine dollars. /",statement
"Everything you could think of, D you know  --",statement
They need to  restrain   --,statement
Yeah. /,general
Sure. /,general
Uh-huh. /,general
"D so  I'd like to know, F um,  [ what, + what ] do you do in lawn and  garden,  /",question
"I know that, F uh,  this last winter was very hard on, F uh,  several  areas [ in the, +  in [ the, +  the ] ] Ukraine, particularly the coal mining regions of Siberia,  F uh,   /",statement
Uh-huh. /,general
Yeah.  /,general
"F Oh,  D well,  you need to come out <laughter>. /",request
Huh. /,general
D Well  I was going to ask if you planned to paint over it or try to strip it. /,question
Am I going to end up in a place like that <laughter>? /,question
Using it for a trampoline now? /,question
"C but,  F um,  you have to really wash your vegetables after that  /",request
they thought it was the neighbor. /,statement
C and  you can leave a message. /,request
"C and,   F uh,  I've also never been a victim although [ I have some, + I have two ] friends whose wives were murdered  /",statement
Uh-huh.   /,general
I'm sure it does.  /,statement
look what we've done here at T I. /,request
Uh-huh. /,general
"Go ahead, you first. /",request
"F Huh.  D Well,   you might want to get yourself, F uh,  an animal that doesn't require much attention.  Like a cat. /",request
"Yeah,  /",general
Do you have a lot of traffic in your area? /,question
Uh-huh. /,general
Uh-huh. /,general
"Yeah,  /",general
"F uh,  in Dallas there's definitely a crime problem,  /",statement
"Now is your other, - /",question
"F Uh,  let's see,  /",general
"C and,  D you know,  it got up like  to couple of hundred dollars,  /",statement
"Yeah,  /",general
"How about, just the John Q citizen out there on the street? /",question
Adjustable? /,question
"C But,   F uh,  they just go around to each, F uh,  door and pick it up. /",statement
was this the first time you got to see ONE HUNDRED AND ONE DALMATIANS?  /,question
"You might want to, - /",request
Did I reach the Dallas area? /,question
"pick out where you want to live,  /",request
it's kind of hazardous for driving <laughter> -- /,statement
Yeah. /,general
"Yeah,  /",general
Uh-huh. /,general
Stick on the subject. /,request
Uh-huh. /,general
"F Uh,  I am, F oh,  about three blocks off a major road   and, F uh,  a couple of blocks off another road that kind of runs, - /",statement
Yeah  /,general
"Are [ they, + they, ] - /",question
"[ If you were, + if you were ] closer [ [ I'd, + I'd, ] + I'd ] tell you you could come over and supervise <laughter>. /",request
C or   you can set up your work program and your husband's so that one of you is there all the time. /,request
"C But,   F uh,  then [ the mi-, +  F uh,   the cauliflower, ] you,",request
"you think of Abraham Lincoln and, D you know,  just the background of --",statement
"D Well,  do you have any more words of wisdom about the subject?  <Laughter>. /",question
Are you Republican or  Democrat? /,question
Yeah. /,general
"You can't  ((   )) , -/",statement
"F Um,  F uh,  D well,  give me your first impressions. /",request
Which is your favorite? /,question
Yeah. /,general
"C And,  F uh,  you put that in  /",request
"Do they have classes for them during the summer, too? /",question
"Here, hang on just a second,  /",request
Yeah <<very faintly>>.  /,general
"F Um,  do you want to start  /",question
"F Oh,  you've got to see that one,  /",request
Where are you at?  /,question
Right.  /,general
"F Oh,  like what? /",question
"F Oh.   C But,  of course,  it's just what the market will bear. /",statement
"D Well,  you can wait till you graduate  /",request
"How long you [ taught, + taught ] in Dallas schools? /",question
"F Oh,  where you from Tina? /",question
Have you ever lived in that part of the country? /,question
I've heard to go to Austin too.  /,statement
I went  /,statement
"You might try, F uh,   /",request
"[ get a, + get a ] few  /",request
One moment please. /,request
"D You know,  try that sometime. /",request
"Where's,  -/",question
"C And,  F uh,  D well,  tell your dad that now he owes you five bucks. /",request
C And then  you serve it with melted butter.  /,request
"[ C And,  + C and  ] is that going to change too? /",question
you need to try em  /,request
"C so  I found that I was wasting my money.   As much as I enjoy them, F uh,  when I do subscribe  /",statement
"C So,   [ that's, + that's ] really why we  ended up in a house like this.  /",statement
"C so  [ I'm, + I'm ] out with, -/",statement
Uh-huh. /,general
Go ahead.  /,request
C and  there's just rapes and murders and burglaries and everything all the time.  /,statement
Did you go there? /,question
"I was in the process of renovating a house  [ and, + ] F uh,  that was about seventy-five years old. /",statement
"go ahead,  /",request
Uh-huh. /,general
Uh-huh <baby>.   /,general
<Laughter>  Yeah. /,general
C but  then you'd have to try to get a pension in another one.  /,statement
"C and  that's one thing that impressed me so much is no matter what size yard somebody had, they had a beautiful garden in it.  /",statement
"I guess it is time to close now, so  I can run go help put the kids to bed. /",request
"You go ahead first, if you'd like. /",request
"C but  they can go and reside there like little apartments,",statement
"C So  is your grandmother, F um,  impaired?  /",question
do you participate in family reunions? /,question
Where do you play golf in this area? /,question
C And  what do you think you'll do with that? /,question
"how does the argument work [ if, + F uh,  if ] the bad guys are  going to have guns anyway.  /",question
"C and  [ you, + you ] let the chicken you fried kind of drain, so that a lot of the oil comes out of it <cough>. /",request
Uh-huh. /,general
Yeah. /,general
"[ that's, + you ] need to do that.  [ [ I'll, + I'll, ] + I'll ] give you a hint.  /",request
"Yeah,  /",general
"I can't believe, E I mean,  - /",statement
"C and  that was fun,  /",statement
"Yeah,  /",general
"University of Penn, - /",statement
C so.   What do you do? /,question
Uh-huh. /,general
C and  I hope you have a real good day and week. /,general
let's talk about schooling. /,request
"[ It's when they, + it's when they're ] [ in, + on ] death row for nineteen years that [ I don't, + I'm kind ] of [ c-, + curious ] about. /",statement
"C and  see if it, F uh,  -/",request
"D Well,",question
do you think - /,question
"Yeah,  /",general
Yeah. /,general
"Yeah,  /",general
"D Well,  you'll just have to plan a vacation some time --",request
C or  were you able to stay at home with him? /,question
At least exercise while dusting it off <laughter>. /,request
"maybe this is a fantasy we can to talk about any kind of car,",request
"there was a woman,  /",statement
any particular kind or just all kinds? /,question
I'm Steve.  /,general
"F Um,  do you have any  plans to, F uh,  do anything with your music in the near future  /",question
Go ahead. /,request
C and   it was a big car.  /,statement
Yeah. /,general
"C So  I moved over [ a, +  a ]  few feet in the water and got out of his little realm where he was living underneath the dock and,  F uh,  managed to get up.  /",statement
Have you ever been to Mercado Juarez? /,question
"-- let them go,  /",request
C and  that's been fifteen years.  /,statement
"[ C or,  + C or  ] do you think that, F um,  the trend is going more towards single parenting? /",question
"[ How did, +",question
"we'll talk for five minutes,  /",request
Uh-huh. /,general
C And  they stole our tailgate off his truck <laughter>. /,statement
"[ C so,  + F uh,  C and  ] if you don't have the money, then use a credit card,  /",request
Who has time?  /,question
"C and  they're  so, expensive to start up. /",statement
"C And  we had squirrels in our attic when we first moved in because the roof was so sorry, /",statement
I know I'm always scared of that whenever  I go to a game.  /,statement
"F Oh,  really. /",general
Both my mother's parents  and my father's parents were  immigrants  /,statement
Right. /,general
F Huh.  /,general
Uh-huh. /,general
Uh-huh. /,general
"C so,   don't worry about it.  /",request
"Uh-huh,  /",general
"C and  every time you start it, from the tail pipe, it makes a black spot,",statement
"Sometimes, F uh,  it's a bit of [ a, + a  ] problem, D you know,  because I guess I don't really manage my money the way I should.   /",statement
C so  you call him collect?  /,question
C and  if you discover you like it then you can always upscale. /,request
(( have a ))   ((   ))  in it. -/,question
-- isn't it great?  <laughter>  /,question
C but  I really would hope that they would come up.  /,statement
Go ahead. /,request
"C but.   Do you, F um,  have any ideas on anything that would make, -/",question
Uh-huh. /,general
C but  she also has ten children. /,statement
Are you a native to Texas? /,question
Have  you done anything like that?  /,question
"I mean I was growing up, - /",statement
"magazine companies, F uh,  F uh,   [ from, + from ] subscriptions do the same thing -- /",statement
Right. /,general
Uh-huh. /,general
"Go ahead,  /",request
"D Well,  the times were different too. /",statement
Got to wait a couple years. /,request
"F Oh,  don't made any excuses for him <laughter>. /",request
Put it on the lease. /,request
All right. /,general
Yeah. /,general
How did you do? /,question
Uh-huh.   /,general
Right. /,general
Does she have to pay to have it refinanced? /,question
"C So,  you will have to do that once.  /",request
"the way I was raised, - /",statement
"E Excuse me,  go ahead. /",request
C so  we'll just wait. /,request
"D Well,  I guess then, I will go,  /",request
"Are you, F uh,  from Dallas too, Beth. /",question
"Now [ l-, + let ] me ask you this.  /",request
"Do  you find that those parents, F um,  - /",question
do you know my grandparents live in Durant? /,question
"<Noise> D Well,  what kinds of things do you do to try to get your children interested?  /",question
Yeah. /,general
Yeah. /,general
"I do not know, [ I just, + F uh,  I am ] nervous in Dallas.  /",statement
We're almost in Dallas.  /,statement
Go ahead. /,request
"F Uh,  C but  I really think it's important <inhaling> to put these children someplace where, in addition to, <inhaling> D you know,  them getting an education, they really need [ a, + D you know,  a ] socialization away from what they are raised in.",statement
how do they live?  /,question
D So  --,request
"D Well,  do we? /",question
I wish you good luck. /,general
Yeah.  /,general
"D see,  that's one thing I like about [ the, + F uh,  some ] of the folk music scenes, D you know,   /",statement
Are you still employed? /,question
"I have a friend [ who's an e-, + who's an elementary ] school teacher, /",statement
"F Oh  yeah,  /",general
Do you know where you're going? /,question
F Oh  yeah.  /,general
"C and  for a while I was going to school too,  /",statement
"Why should they be [ sit-, +  sitting ]  in, F uh,  prison getting their college degree. /",question
Or what you read. /,statement
"D You know,  [ [ I, + I, ] + I ] like music  [ that  is, +  that I feel ] - /",statement
They have got a few anchors on offense and defense  /,statement
I guess we shouldn't get into that  /,request
"Likewise, [ we, +  F uh,  we ] do some projects every now and then.  /",statement
you can just light -/,request
Uh-huh.  /,general
"Use about half the sugar,  /",request
"Then you remove it,  /",request
"<Noise> F Uh,  hang on one second  /",request
"Yeah,  /",general
Have you ever used Discover card? /,question
I am <laughter>. /,statement
"D Well  [ if you,  + if you ] can get GREEN CARD, go for it. /",request
"C and  you beat this cornstarch right into [ the mil-, +  the milk, ] D you know,   /",request
C And  I have three granddaughters right now. /,statement
That'll be a musician. /,statement
"C So,   F uh,  what kind of home repair work have you done? /",question
"C but  he's beginning to feel that, as much as he enjoys writing, he wonders if he can  make a living at it.  /",statement
"F Uh,  go ahead,  /",request
Yeah. /,general
"C so,  F uh,   D you know,  [ let's, +  let's ] stick with that original trust, I guess. /",request
"D You know,  there's a lot of times my house may not be as clean as I particularly like  it  /",statement
"[ the, + the, ] F uh,  lobbyists,",statement
Right.  /,general
"<Throat_clearing> Yeah,  /",general
"do you go by the ads when you look at them, or  the reviews?  /",question
"[ I, + I've ] watched that SISTERS a couple of times.  /",statement
"I think twenty, thirty years ago a lot of women,",statement
Uh-huh. /,general
"don't say that too loud though because, F uh,  every city and town will have a meter on your <laughter> tail pipe [ generating +  generating ] revenue,  /",request
Uh-huh -- /,general
"it is so scary that I hope that every one of the government officials saw that because it was just total disaster, D you know.  /",statement
"The other thing to do if you, [ re-, +  really ] like the hyacinths,  A and I do,  is that before you plant those bulbs, stick them in the refrigerator  for five weeks or so to cool them. /",request
Yeah. /,general
"C So,  I travelled a lot around the country and met a lot of people. /",statement
you can just light -/,request
[ How is your + what is your ] feeling about F uh  F uh  expressing yourself by burning the American flag? /,question
That's what I need to do. /,statement
"Is it Tia's, not Tia's, F um,  /",question
do you want me to go first? /,question
"I'm curious what was your, F uh,  graduate study in? /",question
why don't you go ahead first and tell what kind of car you'd look for in your next. /,request
Uh-huh. /,general
it seems to come in cycles. /,statement
C and  I sit and watch for a few minutes  /,statement
"D Now,  do you keep him indoors most of the time other than to go outs-, /",question
"Uh-huh,  /",general
Uh-huh. /,general
"C So  [ I'll be, + I'll probably be ] wearing slacks as often as I do because [ [ I'm, + I'm, ] + if I'm ] going to be down on the floor messing with them, I'm not going to wear [ nylons  and, + D you know  --",statement
Remember that? /,question
"C So  when they rebuilt that school,  they had [ a, + a ] top of the line, high tech school there. /",statement
"D Well,  do you think we should continue to support it at the level, - /",question
"Uh-huh,  /",general
"[ How, +  how ] big is the Ukraine, the area,  /",question
Don't let that stop you <laughter>. /,request
C so  you should think about doing something like  that. /,request
Yeah. /,general
"What do you think about that,  /",question
"D Well,  <lipsmack> they're working on diapers,",statement
"Right, /",general
Have a vacation in Iraq for a year <laughter>. /,request
C So  go ahead and say <laughter>.  /,request
if I can  ((   ))  the other side of the coin for a moment. /,request
Uh-huh. /,general
It may be improved by now  /,statement
Uh-huh. /,general
"People are  always mo-, D you know,  - /",statement
"<Lipsmacking> [ What, + what ] do you call Alzheimer <<mispronounced>> disease and   stuff like that  -- /",question
Like send stuff in the mail or have it at the library  /,question
"I have just got to get this drive, D you know,   really far,  /",statement
Try to do it early in the mornings.   /,request
Get the computers out  -- /,request
"C But,   F um,  she used to have, D you know,  two dozen sticky buns, three bread rolls, D you know,  every week. /",statement
"C But,   F uh,  other than that I think maybe it just depends on how you define honesty. /",statement
"Where do you go if you like to have a nice meal out, or a big meal? /",question
Go ahead. /,request
"D well,  [ if, + if ] you're interested  you ought to go to the next auto show.  /",request
"C and  if he has to learn just by kinesthetic, we're supposed to teach whatever way that that child has to have it, learns the best way.  /",statement
"yeah,  /",general
You know what I miss though?  /,question
"The other thing to do if you, [ re-, +  really ] like the hyacinths,  A and I do,  is that before you plant those bulbs, stick them in the refrigerator  for five weeks or so to cool them. /",request
"I think I would be troubled,  /",statement
"<Laughter> [ Do you, + F uh,  do you ] think that those are bigger contributors than things like [ ai-, + acid ] rain and some of the pollutants that come from, F uh,  industrial areas, factories and so on? /",question
Have you taken a lot of vacations together  /,question
Yeah. /,general
C And  drain it real good. /,request
"I've heard, - /",statement
"C And  each is putting out, - /",statement
"E I mean,  like I said, real life is not that easy. /",statement
C but  she has a bigger one than I do. /,statement
Right. /,general
Yeah. /,general
Isn't that bad <laughter>. /,question
Right <clicking>. /,general
"[ It's, + it's ] a nursing home for elderly people. /",statement
They're not looking for someone who's going to be the most reasoned or  sensible or rational juror.  / *[[whose -> who's]],statement
"D Well  [ you can, +  you can ] tell me a little bit  more about it because I don't think we did that in Utah. /",request
Uh-huh. /,general
Right. /,general
"E excuse me,  go ahead.  /",request
What did you think of the coverage of the war? /,question
D Well  it was good talking to you. /,general
emissions.  -/,statement
"Since [ you're being, + you  ] can talk for hours, go ahead,  /",request
I think I have too been to Pennsylvania.  /,statement
We don't eat desserts much any more. /,statement
What --,question
"Suppose, F uh,  D well,  D you know,   they had a group who were construction oriented  /",request
"<<Sound fading>> [ You, + F uh,  you ] take clams, /",request
"E Excuse me,  go ahead. /",request
"-- C but,   E I mean,  what would somebody do with them. /",question
Uh-huh. /,general
Uh-huh. /,general
Yeah.  /,general
"You need to put that on there, seriously. /",request
go ahead. /,request
"C but  they'd spend the rest of their life in jail anyway,  /",statement
C and  they don't have the crime problems we do.  /,statement
"wait,  /",request
Yeah. /,general
"C or  is it, -/",question
"D Well,  you should, F uh,  run for a school board position. /",request
"[ Send, + send  ] them to Wisconsin, /",request
C and  there's other times when I just get tired of it  /,statement
I type up the tapes of what people talked about. /,statement
Just a second.   /,request
"D Well,  [ go in, + don't go in ] the winter. /",request
"F Um,  when he gets outside, [ does, in, + does ] he run away and then eventually come back? /",question
hold on. /,request
"F Uh,  go ahead,  /",request
C so  no one else would have known. /,statement
"D You know,   C and  [ if you've got, + if you've got ] a pretty good --",statement
"[ they're, + they're ] got a little wobbly and a little shaky there,  /",statement
"[ don't, + don't ] be in any hurry. /",request
Uh-huh. /,general
Uh-huh. /,general
Uh-huh.  /,general
"They had one, F uh,  on that  [ kind of, +  type of ] thing  /",statement
All for a thousand dollars? /,question
they're trying to get ratings. /,statement
"Okay,  /",general
"C but  radio news [ is, + is ] rather short.  F Uh,  /",statement
C and  I guess I was expecting it to be kind of funny --,statement
hold on one second. /,request
When you did your papering did you start in the middle of the wall? /,question
D Well  let's start with you <laughter>. /,request
"C and  [ that's, + that's ] pretty good quality time,",statement
Uh-huh.  /,general
Don't let that stop you <laughter>. /,request
What kind of recycling programs do you have in Rowlett? /,question
"mix up a little, F uh,  mayonnaise with some dijon mustard,",request
Yeah. /,general
Ask them <laughter>. /,request
"Doug, you want to start?  <Laughter>. /",request
"C and  another consideration is [  how many infants or  children are they, + ] what's the ratio [ of, + of ] teachers [ to -- +",question
Uh-huh. /,general
C and then  you get some real sharp cheddar cheese --,request
what ages?  <laughter>. /,question
Uh-huh.  /,general
"F Oh,  okay. /",general
"E I mean  look at, D you know,  the leader they had.  /",request
C or  <baby_crying> do you get yours through a bank  /,question
"Harrison Ford and, how does the story line go? /",question
Uh-huh. /,general
"I'll go ahead and start recording that, /",request
"F Um,  F uh,  D well,  give me your first impressions. /",request
Is it on the golf course? /,question
"F Oh,  sure. /",general
C but  go ahead  <laughter>.  /,request
C and  you really didn't have too much of a chance of it getting rained out. /,statement
Uh-huh. /,general
"Use about half the sugar,  /",request
Uh-huh.  /,general
Let them people go. /,request
"Yeah,  /",general
Oh. /,general
C But  then again each state sets its own  /,statement
D Well  you shouldn't do that. /,request
"C and,   the dog [ kind of, + kind of ] felt out of place then because [ she  was, + she was ]  being fed, and everything else from all directions.  /",statement
D well  go ahead. /,request
Uh-huh.  /,general
You might try that.  /,request
"D Well,  F uh,  I did visit, F uh,  Michigan, I visited Kalamazoo once.  /",statement
<Laughter>  You're just going to have to imagine  what you would like as benefits <laughter>. /,request
Yeah.  /,general
you want to start first <laughter>? /,request
I've never had anything there that wasn't delicious. /,statement
"look at the news tonight,  /",request
"C so,   we'll talk about that some. /",request
Uh-huh.  /,general
"D Well,  I will say good-bye to you, /",general
Yeah.  /,general
It seems bizarre to me.  /,statement
They got the forms in personnel  /,request
"I'm in Dallas,  /",statement
"D Well,  hang on  /",request
Right. /,general
Does it say something? /,question
Uh-huh.  /,general
start prosecuting they  /,request
"C but  [ my, + my ] girlfriend's seen part one and part two although she saw them years ago, /",statement
"Yeah,  /",general
"F Uh,  what kind of fish do you like the best to eat? /",question
"C and  the,",statement
Do you like to wear jeans most of the time? /,question
go ahead. /,request
"Are you finding that, F uh,  since you're doing substitute, that you're wanting to do full-time?  /",question
Oh. /,general
"[ Does, + does ] your dad have horses there? /",question
I'll let you go first. /,request
"or is it like, -/",question
Oh. /,general
"C and,  of course, since I see her only once or twice a year, I was just thrilled --",statement
"<Noise> F Uh,  how can they concentrate  on schooling?   /",question
"Yes,  /",general
"C But  what was happening at T I is that they found certain parts of the company there was a lot of drug abuse.    F Um,  <breathing> mainly the areas [ whe-, +  where ] they were doing  a lot of, F um,  manufacturing type things  /",statement
"I'm in an area where, F um,  we can, F uh,  enjoy it year round,  /",statement
C but  there was quite a few lakes all around there.  /,statement
C and then  I made the ears and little eyes and nose and mouth.  /,statement
do you have any pets? /,question
"F Uh,  okay.  /",general
"F Oh,",statement
"[ C And,  + C and  ] I think that, F uh,  <lipsmack>  D you know,  career women still have a lot of problems here,",statement
They are good kids though. /,statement
Yeah. /,general
C But  it took them a little while? /,question
"C and  [ he, + he ] was still the house husband.  /",statement
"<laughter> C but,  <laughter> here we go  /",request
"F Oh  god, you go to the mall  /",request
"[ C an-,  + C and  ] the windows [ have you, + ] what type of windows are you putting in? /",question
D You know?  -/,question
"C and   [ [ I, + D you know,  I ] don't wa-, + I don't like ] to give any at all -- /",statement
"we've talked about planning a trip up through,  F um,  - /",statement
"D So,  you ready?  /",question
"D Well,  I think it's a good idea.  /",statement
"Yeah,  /",general
Yeah. /,general
Go right to personnel.  /,request
D now  tell me your favorite team. /,request
What did you major in? /,question
"C So  if you have [ a, + a ] dinner party and you're going to serve, F uh,  seafood for supper, what type of, F uh,  hors d'oeuvres would you serve prior to the meal? /",question
Maybe he drinks  /,statement
"Just D like,  F uh,  really fine onions and green pepper and the celery seed  /",statement
"Anyway [ it was, + it ended ] up being just a [ huge, + huge ] dog that ate us out of house and home.  /",statement
"You might want to, - /",request
Yeah.  /,general
"E excuse me,  go ahead.  /",request
"C and,",statement
"Let you start <laughter>, /",request
"D well,  [ back, +  back ]  to this visiting thing,  /",request
Yeah.  /,general
Uh-huh.  /,general
Uh-huh.  /,general
C and then  you get some real sharp cheddar cheese --,request
make sure it's nice and brown on both sides  /,request
Let's talk about the baby. /,request
What are some of your favorite foods? /,question
Could I ask you to hold one minute? /,request
"I can understand [ why channel eleven is, + F uh,  D you know,   why  ] they're kind of behind. /",statement
"F Oh  god, you go to the mall  /",request
"F Uh,  D so  you are [ [ in, + F uh,  in ] + part of ] a band? /",question
"D You know,  if they're overcrowded, just keep cramming them in there till they just suffocate.  F Uh,  /",request
You first. /,request
C and then  I would just take the whole  thing to the garbage can and dump the whole thing. /,statement
"F Oh,  you should try it. /",request
You've got to go see that. /,request
go out and buy one now  /,request
"[ C and  + C or  ] do we kind of say, well you can be drug tested  /",question
"<Laughter>  D Well,  [ do-, + don't ] ever get one for a pet. /",request
"D So,  F uh,  do you want to start first  /",request
you know what I mean? /,question
Yeah.  /,general
What kind -- -/,question
Uh-huh. /,general
"Take your glass, F um,  D you know,  pickle jars, [ or, +  or ] whatever, F uh,   liquid jars, D you know,   /",request
"C And  what would you do,  /",question
D Well  you should of just ripped the whole thing out. /,request
Uh-huh. /,general
I think you would have to start younger. /,statement
Can you hold on one second? /,request
Go ahead. /,request
"F Oh,  you've got to see that one,  /",request
"C and  what would you, F uh,  cook [ in, + ] F uh,  F uh,  let's see, if you were giving a dinner party?  /",question
C And  there was my ego when  I went ahead  /,statement
Go ahead <laughter>. /,request
"If you want to go first, go ahead. /",request
Let them go and pay their crime or their time doing something else --,request
"C Or  down here in Denison, - /",question
Okay. /,general
"D Well,  hang on  /",request
Yeah. /,general
-- D well  D like  I buy D like  the fish  /,statement
"F uh,  C because  my husband gets,",statement
"we are,  /",statement
Have you been backpacking anyplace exciting? /,question
"but all the ones that we ever had were the, you know, eight cylinder, /",statement
Uh-huh. /,general
"D Well,  [ in the norman-, + in a normal ]  route of way we do things, how about the ladies go first? /",request
-- are you a summer person? /,question
Excuse me. /,request
Uh-huh. /,general
"D You know,  kids seem like when they get ten or twelve years old they fall out of that, /",statement
Do you have any? /,question
"[ C And,  + C and  ] now, all of a sudden, it, F uh,  comes in differently, <laughter>  /",statement
"F Uh,  go ahead,  /",request
"Yeah,  /",general
"[ Do you, + F uh,  have you ] ever used an oil base paint? /",question
"the prices aren't as high, D you know,   /",statement
"What generation are you,  /",question
Do you have any? /,question
C and  he's out of the house.  /,statement
"[ how far, + about how far  ] do you go walking? /",question
Yeah. /,general
"F Uh,  do you have the before school care,",question
Yeah. /,general
What do you think of that? /,question
C so  I can get a lot of stuff down out here. /,statement
Do we get enough news or something like  that?  /,question
"F Uh,  C so,   do you think our politicians are honest at this point in time? /",question
Let's talk about the Middle East situation. /,request
Right. /,general
"<laughter> C but,  <laughter> here we go  /",request
"D Well,  did you understand [ what this was for, + D you know,  what it was for, ] what we, -/",question
let's cut off. /,request
"D So,",question
some group paid part of his college income  /,statement
[ [ C and  -- +,statement
explain it.  /,request
Yeah. /,general
"C And,   not too much soy sauce.  /",statement
You think your chances are better? /,question
They got the forms in personnel  /,request
"<laughter> C but,  <laughter> here we go  /",request
What is she? /,question
"Hey, you've got the right idea. /",statement
"F Oh,  was it? /",question
"D Well,  you go ahead. /",request
"D so,  F uh,  what are your favorite T V shows?/",question
I'll let you go first. /,request
"[ C and,  + C and  ] the great powers are always pitted against each other. /",statement
"F Oh,   [ you, + you're ] at the office now? /",question
Get some books of whether it be Pennsylvania or Virginia --,request
C so  we'll just wait. /,request
What sort of requirements to you have for your car? /,question
"C and  you walk down in a dome, a glass dome, /",statement
C or  make everything diet. /,request
"Do you go out,  /",question
Yeah. /,general
"C or   E I mean,  what do you think long term?  /",question
Uh-huh. /,general
"Hey,  you should make yourself a promise that [ you'll, + you'll ] read one novel in the next  six months, just for you. /",request
"pick out where you want to live,  /",request
C and  it hit me in the face. /,statement
"D Well,  try and think if it was a hundred dollars a square foot <talking>.  /",request
"Unfortunately, a lot of times  [ it, +  responsibilities ] like that seem to fall to, D you know,  maybe one child  in the whole family, D you know.  /",statement
"F Oh,  don't say that. /",request
C so  we'll just wait. /,request
"D You know,  where you should try,",request
"D Well,  last year the birds came and ate a few of the tomatoes,  /",statement
"((   ))  use the greens, if you get them when they're young and tender, D you know,  before they have grown [ too, +",request
Where's that? /,question
Start. /,request
Right.  /,general
Do you see anything wrong with public school systems? /,question
"C And,  F uh,  you put that in  /",request
Uh-huh. /,general
"Is there kind of a, D you know,  - /",question
"C And so  I think, F um,  it's become real important to me that we try to spend time together as a family.  /",statement
D well  go ahead. /,request
"C and  you approach their parents,  /",statement
"E I mean,  [ I, + I ] would recommend you look at that book --",request
have you heard of that?  /,question
Yeah.  /,general
"[ C And,  + C but  ] if it gets to a point where people can't <breathing>, survive, E I mean,  there's revolution. D You know,   /",statement
Yeah. /,general
"Uh-huh,  /",general
"C and,  F uh,  keep your mind off of negative things. /",request
Uh-huh. /,general
"Are they primarily electronic, then? /",question
"don't seem like they are doing much with it,  /",statement
Yeah. /,general
"He is still teaching at Brookhaven,  /",question
in Baltimore? /,question
"I used to like it all right,  /",statement
"F Um,  what kind of hobbies do you have? /",question
Right.  /,general
C but  I'm not sure  /,statement
I guess it's the only thing that works. /,statement
Was that Arnold Schwarzenegger? /,question
C And  you've got to admit that Congress does kind of look at things that way. /,request
Uh-huh. /,general
Do you get paid for these? /,question
Uh-huh. /,general
Madonna could start playing folk music  /,statement
they couldn't live that kind of life style anywhere else. /,statement
"D Well,  D you know,  I hadn't either till last  night, I was talking to this retired administrator from Cleveland, Ohio, /",statement
"C and  you put a bay leaf and put some, F uh,  red pepper over it. /",request
"Uh-huh,  /",general
"[ I, + I ] travel quite a bit [ in my -- +",statement
D Anyway  let you go.  /,general
D Well  now wait a minute [ the- + there ] /,request
Really. /,general
"C So  [ I wished I, + I wished I ] did know how to do that.  /",statement
"[ C and,  +",question
C And  how do you feel about putting someone in the nursing home? /,question
"Uh-huh,  /",general
Uh-huh. /,general
"Did you watch DANCES WITH WOLVES,  /",question
C And  you make sure that you keep up with them for the next time. /,request
"F Oh,  F uh,  C and  do you receive discounts and  things like that,  /",question
"D Well,  it was good talking to you too. /",general
"Then, they don't really think they should pay for them, maybe.  /",statement
it sure should. /,statement
"D So  [ you, + did you ] commute everyday  then  /",question
C And so  that was really the only experience that I've had with guns  /,statement
"Would that be healthier [ do, + to do ] that, to drill your own fresh water well like that? /",question
"let them,",request
"D no,  you tell me how you feel about, -/",request
Yeah. /,general
there's a Swan Club which is out Central and Campbell. /,statement
Remember Jim Hart?  /,question
"F Oh,  don't say that. /",request
It's more humid in Iowa --,statement
C and then  you take it out of the  fat  /,request
"F uh,  my father [ had, + had ] guns when I was in high school because he got them from a friend who lived in Massachusetts <laughter>.  /",statement
C And then  where do you meet? /,question
C but  go ahead. /,request
"Yeah,  /",general
Uh-huh.  /,general
Tell me what you like to do. /,request
"[ don't, + don't ] be in any hurry. /",request
"D So,  do you think you get good coverage from the sources that you have? /",question
Yeah.  /,general
Go ahead. /,request
"C but  if they have new evidence, [ can they, + can they  ] retry,  /",question
"D Well,  what are your hobbies? /",question
"D So  we had him neutered, [ and, + and ] declawed,  /",statement
"D Well,  I don't understand economics  that well.  /",statement
How? /,question
yeah. /,general
<Laughter>  You're just going to have to imagine  what you would like as benefits <laughter>. /,request
"[ [ C and,  + C and,  ] + C and,  ] F uh,",statement
<Laughter> C But  it has been fun talking to you. /,general
"D So,",request
C and  I've got three cards.  /,statement
"I think that's pretty much, D you know,  bull.  /",statement
Uh-huh.   /,general
I see. /,general
F Oh  <laughter> what kind of work do you do on it? /,question
"D Well,  are you married  /",question
"F Oh,  [ wha-, + what ]  else can I tell you about painting? /",question
Uh-huh. /,general
"in fact, F uh,  when I, F uh,  first transferred down  to, F uh,  Texas Instruments back in nineteen eighty-seven,",statement
"Which one do you feel is better, since you use them both? /",question
Uh-huh.  /,general
"She was wanting him actually to start getting a certain amount [ of, + of ] learning and training and stuff.  /",statement
"Yeah,  /",general
my husband's grandparents have a dog  /,statement
"listen,  /",request
Uh-huh. /,general
"F Um,  do you get east winds a lot of the time from the ocean  /",question
my kids are older -- /,statement
"Your husband, [ what, + what ] group is your husband in? /",question
"F Um,  you say you watch evenings mostly? /",question
"What,  /",question
"We've got all these boxes in our garage for, D you know,  green glass and  clear glass and plastic and  everything. /",statement
drop in at times that are unexpected. /,request
"Yeah,  /",general
[  C and   -- +,statement
"Okay, F um,   Chuck, do you have any pets  there at your home?  /",question
"D Well,  you haven't told me, F uh,  what sports that you are active in. /",request
<Laughter>  What area of the country do you live in? /,question
Have you been in there? /,question
aren't they more of a running gun team ((   )) ? /,question
Give me the money  /,request
"C and,   F uh,   you ought to get it.  /",request
"F Uh,  C and  it's there by the, Copper Mill restaurant, used to be the Hayloft. /",general
"[ [ what, + D now,  F uh,  what ] particularly, + particularly what ] kind of music do you like? /",question
"E I mean  it's very humiliating,  /",statement
"How many,  /",question
"I kind of like having them for, F uh,  gasoline purchases. /",statement
Uh-huh. /,general
"E excuse me,  go ahead.  /",request
"C and  if you're busy with school [ it's, + I think it's ] really difficult for a family. /",statement
Uh-huh. /,general
"Yeah,  /",general
"F Um,  C and  do you think it's because women aren't qualified [ [ or, + or just don't, ] + or don't ] want the job or just aren't hired for the jobs. /",question
F Oh.  You ought to try some crawfish.  /,request
"D Now,  you didn't hear me say that.  /",request
go ahead. /,request
you leave a message  /,request
"Put some [ fresh, +  little fresh ]  shrimp  /",request
Uh-huh  /,general
"Do it remotely just looking at [ the, + ] what they do,  /",statement
"D So,  [ are, + are ] you going to go for your Doctorate? /",question
"go ahead,   /",request
"[ C so.  + C But,  ]  F uh,  D well  you ought to try that.  /",request
"[ C so.  + C But,  ]  F uh,  D well  you ought to try that.  /",request
Guess.   /,request
"they could do something [ [ a-. + about,  ] + about  ] that, I guess. /",statement
"F uh,  again, like you, if conditions [ are, + are ] that bad, I probably don't want to be driving anyway. /",statement
C But  you go ahead now <laughter>. /,request
"C and so,  I guess it depends, F um,  if there are some statistics that show [ that, + F uh,  that ] people, F uh,  commit crimes on the spur of the moment. /",statement
Uh-huh. /,general
C so   we'll have to talk about the future --,request
"C So,  that is  something you might keep your eyes open for,  /",request
C So  it  --,statement
"E I mean,  [ I, + F uh,  I'm ]  in corporate communications.  /",statement
"[ Did you go, + what kind of paint did you ] use on the ceiling? /",question
-- I suspect their opinions would change very quickly. /,statement
"C And,   F uh,  it didn't seem like it was that congested in [ that, + that ] part.  /",statement
"D Well,  actually, F uh,  [ I've, + I've ]  had a couple of different situations.  /",statement
"Is that done,  -/",question
Can I put you on hold for one minute? /,request
"C So,  [ it, + it's ] just so complicated anymore, I think <noise>.  /",statement
"I don't see how they could be, especially not if they have to pay for child care. /",statement
Right. /,general
"Yeah,  /",general
"D well,  if your ever in, F uh,  D C, come look up Wayne (( Sherman )) , you'll say F oh,  yeah, talked to that guy. /",request
C and then   it's too late to try to change them around at that point. /,statement
Whose your favorite actress or actor? /,question
go ahead. /,request
which group are you saying   is the one trying?  /,question
you mean D like  for working and  stuff? /,question
Yeah. /,general
"F Uh,  [ do you think it works very good with that random, + do you think it limits, ] -/",question
You've got to go see that. /,request
"Yeah,  /",general
"wait a second, <child_talking>  /",request
Just a minute.  /,request
Try to do it early in the mornings.   /,request
You know?  /,question
"Yeah,  /",general
What if you had a fire or something with babies? /,question
Been to Hawaii? /,question
"C And,  F um,  C then  sometimes we  do something,  /",statement
Can you hang on just a minute? /,request
C or  is it passed? /,question
Right. /,general
"C But,   F uh,  do you have to have a certain skillet,",question
<Laughter>.,statement
"[ Was she, + was her ] show big when you where in school since you haven't been out that long? /",question
We're in  (( Forsyth ))  county  -- /,statement
C And  I like Demi Moore. /,statement
"D Well,  what brought you guys down to Texas then? /",question
Yes. /,general
"C But  my husband got some new fertilizer and  stuff, [ that, + <breathing> that ] seems to be helping  /",statement
"[ What do you, + where do you ] like to camp?  /",question
"D You know,  let the world train  them what to do <laughter>.  /",request
"C and  that's where a lot of aggravation comes, I think, [ is, + is, ] F uh,  these guys spend so much time <breathing> in the appeal process or just in the waiting process, /",statement
How about you guys? /,question
<Laughter> Don't ask me. /,request
Bye-bye.  /,general
"You go ahead first, if you'd like. /",request
"C and,  F uh,  it's too bad that all this stuff is just being thrown into a data base, and that none of the ideas or thoughts are being used at all <laughter>. /",general
Do you like to read mysteries. /,question
"C But,  F uh,  <sniffing> that's  the same way out here  /",statement
C And  you need to go in the Spring when all the flowers are in bloom all up and down through there.  /,request
"take it to a logical extreme,  /",request
"have  you ever been to [ th-, + ]  I think it's called Spring Creek Barbecue? /",question
I  thought he was kind of cocky or something. /,statement
just a minute <beep>. /,request
"C And,  they both loved the movie, right? /",statement
don't get me to lying. /,request
"When we travel we look for Wendy's because we have kids,  /",statement
"D Well,  how about having a [ j-, +  jury ]  and a judge work together on it somehow?  /",question
"[ [ I don't, +  I'm, ] +  know ] - /",statement
go ahead.   -/,request
I come from the east coast  /,statement
"take it to a logical extreme,  /",request
"C And,  F uh,  [ whe-, + ] I always try to emphasize the, clothes that you wear should not necessarily be the greatest fad, /",statement
D Well  I'd say tackle one project first and see how it goes  /,request
<breathing>  I can't understand why nobody saw that before.  /,question
F Oh.  /,general
Have a vacation in Iraq for a year <laughter>. /,request
it'll be hard to get people to give up their mobility. /,statement
Uh-huh. /,general
Yeah. /,general
"I'm not so sure what kind of, F uh,  training that is for the future for those kids. /",statement
you can buy whatever you want. /,request
<Laughter>  You're just going to have to imagine  what you would like as benefits <laughter>. /,request
what kind of culture was that <laughter>? /,question
"F Oh,  you should try it. /",request
Uh-huh.   /,general
"D no,  you tell me how you feel about, -/",request
"C and  you mix it with one tablespoon onion juice and one tablespoon lemon juice, one tablespoon worcester sauce and  mix it and spread it out onto a plate.  /",request
Uh-huh.  /,general
Is it? /,question
D So  do you work for T I? /,question
you leave a message  /,request
Yeah. /,general
Tell me how yours works. /,request
"that was a couple elections ago,  /",statement
"Uh-huh,  /",general
"I even bought myself a   (( Surgery )) , D you know,   /",statement
Uh-huh.  /,general
Yeah. /,general
"C and  they wanted to watch,  /",statement
"D Well,  [ in the norman-, + in a normal ]  route of way we do things, how about the ladies go first? /",request
Are you in Dallas also? /,question
"E I mean,  you can tell him from me  /",request
Are there many? /,question
C but  it's still kind of new. /,statement
Little baby kittens dropped and stuff  /,statement
"C But,  F uh,  other [ [ than, +  than, ] +   than ] that I don't have, D you know --",statement
"D Well,  hang on  /",request
Yeah. /,general
"They used to just have D like,   F uh,  - /",statement
"Fortunately, she only had to stay <noise> <<faint in background>> a few weeks  /",statement
C But  the society is turned against punishment and more towards rehabilitation  /,statement
<Noise> what kind of fishing do you enjoy? /,question
"F Um,  there's a place to look into, F um,  F um,   /",request
Uh-huh. /,general
Do you want to be an R N  /,question
We have three dogs and --,statement
don't. /,request
"C And then  when I put the verandas [ whi-, + which ]  will be twelve feet out all the way around on the north, south and east sides --",statement
"Is that how you, - /",question
"D Well,  do you use your P C for things other than explicit computer work? /",question
"Yeah,  /",general
"I think, F uh,  this political situation over there now is, F uh,  F uh,  - /",statement
C and  then  you cook it for seven  minutes on high.  /,request
"Those flowers, remember those little ones you gave me? /",question
I think it would be really.,statement
they can say anything they want  /,statement
"C and  recently  I picked it up, like you say, about a couple of years ago  /",statement
Yeah. /,general
"I, I don't think they're conscious of it. /",statement
C but  you really need to see that movie.  /,request
"F Oh,  you can? /",question
Uh-huh. /,general
I always put cheese on them. /,statement
"D well,  tell me what's in your garden this year, since I don't have one. /",request
"C and  he's been able to do things [ on + <breathing>, F uh,  on  ] the personal computer here that really have enhanced his, <breathing> F um,  reports, and his learning and all because he can lay things out that way. /",statement
They actually pay you money for that? /,question
"whatever subject you pick, do it the knowledgeable way -- /",request
Got to wait a couple years. /,request
"C but  that was back, -/",statement
"believe me,  /",request
You have got to drive careful. /,request
Yeah. /,general
"just go to the [ bike shock, + [ bi-, + bike ] shop ] and pick it up,  /",request
Yeah  /,general
"Did you, F uh,  require more than one can of paint? /",question
"do you ever go for steak?  Just a steak and potato and  salad bar, that kind of thing. /",question
Have you recently bought a new car Catherine? /,question
Make sure you smack him around then <laughter>. /,request
"[ Do y-, + do you ] get many tornados this time of year  /",question
"I'll go ahead and start recording that, /",request
Do you have any strong opinions? /,question
Uh-huh <<Very faint>>. /,general
C And  a few people in the news that bring it to us --,statement
"F Um,  as far as the new hires, [ I, +  I ]  hired on just early enough that [ I, +  I ] missed it. F Um,  where the new hires were  concerned  /",statement
"D well  I guess I enjoy eating out, F um,  F uh,  here and there,  /",statement
"[ we, + F uh,  we ]  hear a little of the news <laughter>.  F Uh,   /",statement
Who wrote that? /,question
"Phil, I guess a good question to  ask is do you do your own work, or do you like to do it? /",question
"[ [ I, + F um,  <lipsmack>  I, ] + I ] work in a, F uh,  speech interface lab,",statement
C But  --,statement
Uh-huh. /,general
<Laughter> What do you do now? /,question
Uh-huh. /,general
Yeah. /,general
D So  how about you? /,question
have you seen a game up there? /,question
"F Oh,  D well.  -/",general
-- really. /,general
Do you? /,question
"Doug, you want to start?  <Laughter>. /",request
"F Uh,  tell me where that is, F uh,  /",request
D So  you lived in Texas for a while. /,question
"D Well,  let us hope that everybody's going  to be paying more attention to this and that we will get, F uh,  better reuse of things  /",statement
"C and,",question
"[  th-, +  the ] dog is Joey? /",question
"make them do civic duty whatever, /",request
Do you know which one yours was? /,question
Get some books of whether it be Pennsylvania or Virginia --,request
do you know?  /,question
"D Well,  [ go in, + don't go in ] the winter. /",request
Yeah.  /,general
"Wait, wait, wait, H, /  *[[three?]]",request
Yeah.  /,general
what what channel do you watch or what station? /,question
"<TV> Normally I listen to C N N or HEADLINE NEWS  about an, </static> hour a day,  /",statement
You have some children. /,statement
"and she was the ag-, between the age of our daughters  /",statement
Are you a golfer?  /,question
"D Now  [ would, + you would ] cook it for the  same amount of time as you would, prepare it any other time? /",question
"Yeah,  /",general
Uh-huh.  /,general
Yeah. /,general
Uh-huh. /,general
"Do you think it's a <breathing>, -/",question
"[ C so,  + F uh,  C and  ] if you don't have the money, then use a credit card,  /",request
C but  I still get all of those calls  /,statement
Do you have brothers and sisters? /,question
Let them people go. /,request
Uh-huh. /,general
Excuse me. /,request
"D You know,  the technicians work the eight to five job --",statement
"F Uh,  watch out. /",request
Uh-huh. /,general
"F uh,  /",general
Where are you from originally? /,question
Yeah.  /,general
They put a pin in  it. /,statement
"D Well,  [ in, + in ] Dallas, [ what are the, + what is the ] newspaper situation? /",question
"C or  you can just get some, D you know,  regular red peppers. /",request
Uh-huh. /,general
Do you have friends there  /,question
C So  is it just women that go there? /,question
"If I do not feel very strongly about an issue, then I see no reason to go vote. /",statement
hold on. /,request
C And  drain it real good. /,request
"C and  I don't like that part of the finance, D you know  --",statement
<Noise>  <<sounds like in a room filled with people>> What do you think about the benefits in jobs? /,question
Right. /,general
"you get these small little, F uh,  places like Iraq and all of that, that might be something that I'd be more concerned about with nuclear weapons verses, F uh,  [ a small, + ] F uh,  E or  as big country of U S S R.  /",statement
"C or  [ if, + D you know,  if ] you had, F uh,  other musical people in your family. /",question
Do you think [ to + ] possibly [ is + ] that it will help with the regular banks? /,question
Yeah. /,general
"just go to the [ bike shock, + [ bi-, + bike ] shop ] and pick it up,  /",request
what kind of puppy you got? /,question
"[ You, + you ] call that number  /",request
F Huh.   /,general
Yeah. /,general
Uh-huh. /,general
"She's two months now, nine weeks. /",statement
"Listen to Bruce Williams, F uh,  for financial advice. /",request
"I think maybe a year would be,",statement
C but   then again.  -/,statement
Now tell me what you expect from the Mavericks this year. /,request
What islands did you go to? /,question
Do you work? /,question
"What's the best part about it [ to, + to ] you, [ the, + the ] quiet, the getting away? /",question
Uh-huh. /,general
Yeah. /,general
"C and  I live in [ Te-, + Texas ] too. /",general
let's cut off. /,request
"C So,   E I mean,  are you, in terms of other things, [ like, +   like, ] not running, but playing a little bit of tennis,  [ or + ] can you not do stuff like that at all? /",question
"mix up a little, F uh,  mayonnaise with some dijon mustard,",request
"C and  let's face it,  /",request
"D well,  let's not talk about that <laughter>. /",request
Right.  /,general
Give me some wonderful advice Catherine.  /,request
What's your favorite restaurant? /,question
"It got out under the  fence while we were on vacation,  /",statement
"D Now,  do you do it just for yourself,  /",question
"F Um,  if I'd taken it someplace and have it done it  was going to be three hundred twenty-five. /",statement
C So  go ahead and say <laughter>.  /,request
go ahead. /,request
-- C and  when you're ready to get another car just pay cash for it. /,request
"((   )) , how do you feel about crime in the city?  /",question
"F Uh,  what is the topic? /",question
"I figured, /",statement
"D Well  how did they feel about [ the, +   F uh,  the ] United States [ interven-, +  intervening ] <barking>  with Patriot missiles,  /",question
Right. /,general
"Wait,  /",request
"D So,  F uh,  D well  how long have you been married? /",question
Why don't you go ahead and start. /,request
"F Oh,  you should try it. /",request
Right. /,general
Refresh my memory. /,request
What do you think about capital punishment? /,question
What was she driving? /,question
"D you know,  barring traffic, it's four hundred hours,  /",statement
"Yeah,  /",general
"[ C so,  + C but  ] we had a good experience, /",statement
Oh. /,general
"[ The, + the ] other case was just traffic,  /",statement
"do you see as, F uh,  the changes that have occurred in the last  ((   )) , - /",question
Oh. /,general
"F Uh,  is it true that Caddo Lake is the only natural lake in the State of Texas? /",question
Uh-huh. /,general
"[ I, + I ] just sometimes wonder if our money is being used in the best way. /",statement
"<Noise> F Uh,  hang on one second  /",request
"Have you been [ a, + to a ] lot of the different historical sites? /",question
Yeah.   /,general
"F Oh,  you mean the special interest groups?  /",question
"Yeah,  /",general
you can just spend it well. /,statement
C And  what night is it on? /,question
Right.  /,general
leave me in the air conditioning. /,request
Uh-huh. /,general
"[ Are s-, + are ] they twins? /",question
"C but  I understand you save a lot of money off, F uh,  by doing that,  /",statement
"F Um,  can you, F uh,  hang on again hon-, /",request
"F Oh,  you will have to go on one. /",request
"Everyone had a two way wrist watch T V -s on their wrist,",request
"Do the people say, - /",question
"D Well,  you see, just check it, D you know,  during, -/",request
"is it close to Phoenixville, Pennsylvania? /",question
we talk about sometimes going up to Chincoteague -- /,request
"Yeah,  /",general
"what is your favorite, F um,  food for a dinner party? /",question
-- is that correct?  /,question
"F Um,  does the testing cover  alcohol as well as illegal drugs? /",question
"D So,  Jan, how do they recycle in Texas? /",question
C And  how long have you had them? /,question
Uh-huh. /,general
"C But  we've definitely got all the formulas on file,  /",statement
"You talking about, F uh,  F uh,  a fully manned space station that we'll keep up there? /",question
"[ from, + from ] what you've seen, is that the desirable way to do it? /",question
Yeah.  /,general
<Clicking> <<from phone>> Yeah.  /,general
"D Well,  F um,  does your company have good benefits [ in that, + in that ] regard? /",question
C And  those are excellent.  /,statement
"C And  I can tell my husband, D you know,  deep down [   he, + D  you know,  he ] real-, -/",statement
"[ I, + I ] like hot stuff, /",statement
Uh-huh. /,general
"D Well,  F um,  F um,  <noise> <<finger snap>>  do you play any musical instruments or anything. /",question
"[ Does, + does ] your whole family like to do it,  /",question
Uh-huh. /,general
Right. /,general
You first. /,request
"F Oh,  D well,",request
"Right, /",general
"-- now you watch,  /",request
They are out on their own. /,statement
"-- C and,  F uh,  if you do your job fine and if somebody else is messing it up, D well  then that's their problem  /",statement
Have you? <laughter>. /,question
"F Oh,  well.  /",general
C but  we tried to figure out whether we could put three in because we really need to be able to put at least three in. /,statement
"C And so  [ we could, + we could ]  talk about, F uh,  that path, D you know,  how important you think his benefits are.    [ [ And, + and, ] + and, ] F uh,  how important you think they are and [ if, + ] what would you like to see increased --",request
"[ Have  you, +  have you  ] received many? /",question
"C but,  D you know,  how can, - /",question
<Laughter>  Do you? /,question
You really should go at least once.  /,request
"D Well,  [ our + <laughter> ours ] is three hundred for our family  /",statement
Yes.  /,general
Uh-huh. /,general
"C and,   F uh,",question
Uh-huh. /,general
C and  last year was the  first year that we ever had more than one counselor.  /,statement
Go ahead.  /,request
C or  does someone pick them up? /,question
<Lipsmack> Can I pick your brain  about how  you got rid of those trees?  /,request
"Now can she leave, F um,  on a day by herself? /",question
Is that where it is? /,question
C And  think how rich she is. /,request
How long has it been since the first one? /,question
"Everyone had a two way wrist watch T V -s on their wrist,",request
Uh-huh. /,general
C but   some of the vans now have driver side air bags.,statement
"D Well,  tell me about it.  /",request
"D You know,  [ I, + I ] like that, /",statement
Uh-huh. /,general
Right. /,general
Oh. /,general
"C and so  they're really  wasting time rather than saving themselves time, because they think, D well,  it's quicker just to do it myself --",statement
Have you just started doing this? /,question
"[ what, + what ] magazines do you have at home? /",question
"let them,",request
What about tuition and rent?  /,question
"C And,   F uh,  you just set it in there,  /",request
Put it on the lease. /,request
How do you feel about that  (( Lenore )) ? /,question
C but  I've really liked it.  /,statement
"I didn't want to [ s-, + send ] her straight to a day care. /",statement
Uh-huh. /,general
"D Well,  F uh,  I know that the coverage he was allowed to present was slanted,  /",statement
How can it be bad? /,question
C And  I'm getting to be a good dancer from it  /,statement
"I like to be outside, F um.  /",statement
In what way are you talking about. /,question
Yeah.  /,general
"D So,   tell me the last time you went for a boat ride. /",request
Uh-huh.  /,general
"[ I, + I'm ] beginning to wonder [ is, + ] where do you get gas at.  /",question
Yeah.  /,general
"pick out where you want to live,  /",request
Yeah.  /,general
How long does it take you to make one? /,question
Yeah. /,general
"F Um,   C so,   F um,  what were you doing when you were using an Apple two E? /",question
"F Uh,  D well  social security's going to go to way, I think  /",statement
"don't tell that to a native Texan though, /",request
C so  let's make it a good one. /,request
</Noise>.  Just talk to them about it? /,question
C and  how do you feel about them? /,question
What's going to happen?  /,question
"C And  you only cook it until the mixture begins to boil,",request
Oh. /,general
"What about tomatoes,  /",question
"[ Send, + send  ] them to Wisconsin, /",request
"I always objected, D you know,   /",statement
Okay. /,general
what's the solution then? /,question
"-- then I have a pretty nice backyard, /",statement
"go ahead,  /",request
What are you interested in in restaurants? /,question
Okay. /,general
"F Oh,  okay,  /",general
"D So,   F uh,  is there any, - /",question
it crosses into both of them. /,statement
Are you at work right now? /,question
Uh-huh. /,general
Could I ask you to hold one minute? /,request
"D Now,  my daughter works all the time,  /",statement
You have got to see at least once. /,request
"D Well,  listen,  /",request
yep. /,general
"Fifty, a hundred dollars.  /",statement
"[ I, + I ] guess, D you know,   I'd like you to maybe express something here. /",request
Seems like that we've kind of gotten side tracked with putting all these different things up there to monitor  /,statement
"C but  in any event [ [ they, + they, ] + they ] kept arguing. /",statement
D Well  let's start with you <laughter>. /,request
Sure. /,general
Uh-huh. /,general
"Yes,  /",general
"-- C and,  F uh,  you can really, F uh,   feel comfortable in, F uh,  evaluating that, F uh,  candidate by, F uh,  that method. /",statement
"C but  look at their war,  /",request
C and  its worth it just to keep everyone else away from badgering you -- /,statement
F Huh.  /,general
Bye.  /,general
"[ It's, + F uh,  is ] your cat an indoor cat or an --",question
"[ where, + whereabouts ] in Pennsylvania. /",question
Yeah.  /,general
"C but,  F uh,   [ it, + ] you'll be amazed if you ever start doing it.  /",statement
"C so  you don't start at this kind of regiment, D you know.  /",statement
go ahead. /,request
Max Lucado?  /,question
"go ahead,  /",request
"let's hope it,  /",request
"F Uh,  what are the ages of  your kids then? /",question
Yeah. /,general
"Do you have your, F uh,  loans  through the Texas Credit Union? /",question
"And killed them, - /",statement
"D You know,  try that sometime. /",request
Is it like shrimp? /,question
"[ you, + you ] first,  (( Eve )) . /",request
Uh-huh <laughter>. /,general
"C So,  he went out  /",statement
"[ Is, + is ] yours also --",question
"[ C and,  +  C and  ] actually  I agree, except that I don't trust the people who are appointed to vote <laughter>. /",statement
"D So  my feeling is  that, F uh,  <lipsmack> [ the, + the ] problem [ is, + is, ] F uh,  significant.  /",statement
"Because if you, F uh,  use drop cloths to cover everything and you use masking tape to trim out, F uh,  all the parts that you don't want to slop over onto,  you don't have to be quite as precise about how you do it  /",request
Go right to personnel.  /,request
"C So,  F uh,  if you're near that  age <laughter> or you know somebody who is --",request
"D You know,  let's go back to our original thing with, D you know,  our experiments and all [ the, + D you know,  our ] actual exploring of space [ and, + and ] all that,  /",request
Good talking to you Beth. /,general
C And  you need to go in the Spring when all the flowers are in bloom all up and down through there.  /,request
Uh-huh. /,general
"C But  I say, D you know,  they commit crimes let them be overcrowded, <laughter> D you know  --",request
I live in Houston. /,statement
"You should always have an  umbrella permit that bridges your life insurance and your medical and your, F uh,   F uh,  car insurance in case you run into a lawyer and you break his arm.  /",request
One moment please. /,request
"D Well,  if our time is up we can quit. /",request
-- how were the house prices up there? /,question
just a minute <beep>. /,request
"C so,   don't worry about it.  /",request
"Try to remember to respect their privacy,  /",request
"Look at [ the, + the ] Smith trial. /",request
"<talking> F Oh,  the class that gets the most tickets gets a party </talking>. /",statement
"C or  you in radio, or television or news. /",question
Bye-bye.  /,general
"C And  you want to use one of your  good sauce pans that dissipate the heat because [ it, +  it ] ends up burning,  /",request
"I think it would be cheaper to buy it and destroy it,  /",statement
"D Well,  I can go ahead and start and tell you mine  /",request
"F Uh,  /",general
"E I mean,  [ you look, +  you look ]  at the number of marriages that are occurring right [ ou-, + ] E I mean,  even in high school,  /",request
C but  just I've never used those machines  /,statement
"C and  [ we, + we  ] are not supposed to, D you know,  say that that's okay, but I really feel that it's freedom of choice. /",statement
"You go right ahead because I,",request
Yeah. /,general
Right <laughter>. /,general
"We've enjoyed it,  /",statement
C And  the money is also another issue. How you're going to pay for it. /,question
"D well,  I sure enjoyed,",general
"How many have  you had so far, do you know? /",question
don't get me to lying. /,request
"-- C and,  F uh,  we're convinced that she probably would be better off in a geriatric. /",statement
"-- I know people [ that are, + that have ] vacation times, and [ bene-, + benefits ] that I wouldn't even dream of in a small corporation.  /",statement
"Go ahead, you first <laughter>. /",request
"That sounds good, too. /",statement
How long have you had it?  /,question
"Do you have any,  F uh,  - /",question
The other one you need to go see is SLEEPING WITH THE ENEMY. /,request
Yeah. /,general
"[ He ha-, + we have ] a three car garage,  that he has a big work area in -- /",statement
"Wait, wait, wait, H, /  *[[three?]]",request
"C So,  tell me about your home. /",request
Guess.   /,request
"What, black ones? /",question
"Was the guinea pig [ for your, +",question
C And  those are just absolutely hilarious -- /,statement
Try to do it early in the mornings.   /,request
C So  what  --,question
[ C so.  +,request
"D well  do you, F uh,   keep a family budget  /",question
"Is he going to,",question
"now my job's good,",statement
"C But,   F uh,  I try to catch the game every weekend that I can. /",statement
"You ever [ been, + tried ] a place called Louisiana Purchase? /",question
C and  I really enjoyed it. /,statement
I couldn't believe that.  /,statement
Uh-huh. /,general
"Now this is not just a state law,  /",statement
Can you hold on one second? /,request
"D Well,  don't give  too much credit to the American public for their motivational  ability  . /",request
Yeah. /,general
Oh.  /,general
hold on <beep>.  /,request
"C And  where was that at, near your, -/",question
Uh-huh. /,general
"F Oh,  are you enjoying it? /",question
F Uh.  /,general
"now what d-, kind of music do you listen to?   /",question
C and  you do have cold weather down there? /,question
"C and  you beat this cornstarch right into [ the mil-, +  the milk, ] D you know,   /",request
-- C and  I think that's happened in a lot of cases. /,statement
"uh-huh,  /",general
Real good. /,statement
Yeah. /,general
Make sure you smack him around then <laughter>. /,request
"C and  think [ what, + what's ] it going to be like for [ [ my, + my youngest, ] + [ an + ] my oldest ] son, when he goes to school.  /",request
Uh-huh. /,general
Go to work for U T.  /,request
Yeah. /,general
Right. /,general
Give me the money  /,request
Did you get to watch any of their games?  /,question
"I got  a friend who goes there, by the way <laughter>.  /",statement
"Do you have any [ l-, + ] nieces or nephews <Laughter> (( then )) ? /",question
"C and,   F uh,  what's the one comes on after that.  /",question
"C but  D yeah,   next time you go, F uh,  D you know,  check into it,  /",request
Yeah. /,general
"Uh-huh,  /",general
you should put ten to fifteen percent of your monthly bring home --,request
in the winter we do more concert stuff  /,statement
I'll let you go first. /,request
Yeah. /,general
"[ [ Wha-, + what day, ] + what day ] was that on,  /",question
right. /,general
do you think that's good --,question
C And  Sarasota is on the west coast? /,question
"E I mean,  [ why, + why ] bother voting [ if, + F um,  if ] your vote won't make a difference.  /",question
"C And,  D you know,  they're just extremely bright kids.  /",statement
"D See,  you need to go there. /",request
Yeah.   /,general
"With T I, or somebody else? /",question
"D You know,  Arnold Schwarzenegger is getting to be, F uh,  a bit of a variety actor, D you know.   /",statement
"Little rock stars, put all them in there. /",request
"C and  F uh,  good-bye. /",general
"D Well,  maybe a little more leisure time --",statement
C And  how big is it?  /,question
"listen,  /",request
"Impart me some wisdom, Catherine <laughter>. /",request
"C And then  you take and, F uh,  <lipsmack> cover that with drained crab meat mixed with one of the small bottles of chili sauce and spread it over the top and spread it on Triscuits crackers. /",request
you want to start? /,request
"D so,   F uh,  D well,  F uh,   what kind of vacations do you like? /",question
hold on. /,request
"[ Tell me, + tell me ] where you're calling from. /",request
Were you looking into becoming a reporter  /,question
what part? /,question
"C And  at least if you legislated,",statement
What are your favorite T V shows? /,question
Uh-huh. /,general
"C And,   F uh,  I got to stay home with my kids, which I really wanted to do,  /",statement
"E I mean,  you can tell him from me  /",request
Do you? /,question
"Is that silk screening, or, -/",question
"D Well,  do you think we covered baseball? /",question
Okay. /,general
Yeah. /,general
Just think of the money they could save.  /,request
It is very difficult.  /,statement
What part of the state do you live in? /,question
"F Oh,  don't say that. /",request
"-- F uh,  you name it,  /",request
Put in a perennial blue salvia.  /,request
"<Laughter> D Well,  tell me,  /",request
C but  are they pretty good up there? /,question
Huh. /,general
Uh-huh. /,general
"C and  F uh,  <noise>  it was quite a drag <noise> because, F um,  <noise> we got them in our  house,  /",statement
"Right, /",general
"C and  I think that's,  D you know,  - /",statement
"C And  I think he had to pull in the reins the only way he knew how, in order to keep the [ peace on, + peace on ] both sides.  /",statement
"Why Kingsley, Iowa? /",question
"C or   is this something that maybe learning phonetics,  /",question
"C And  you want to use one of your  good sauce pans that dissipate the heat because [ it, +  it ] ends up burning,  /",request
C so  it's a brand new book. /,statement
E I  mean  it's like don't worry about it  /,request
"Do you fly fish, or are those streams too small? /",question
"F Oh,  D so  what would be [ the, + ]  your favorite meal to cook? /",question
"F Uh,  you want to start off? /",request
Do you have a garden? /,question
"in fact, we've got far too many.  /",statement
"F Uh,  F uh,  let's see.  D Well,  name some people that are country that I should listen to <<pause>>.  /",request
"C But  up to that point [ I had nev-, + I had always ] said I would never have one because I wouldn't pay that kind of money for their name. /",statement
"<Laughter> <child_talking> I'm telling you, go one way or the other.  /",request
Imagine the guilt that person would have.  /,request
"[ get a, + get a ] few  /",request
CHEERS?  /,question
Uh-huh. /,general
"C and  [ it's, + it's ] an excellent movie,",statement
Tobogganing. /,request
"C and  she was telling me that she had a dinner party over the weekend,",statement
Why don't you go ahead and start. /,request
Was it hot? /,question
"C And,   F uh,  I live in Garland. /",statement
Yeah. /,general
C but  you really need to see that movie.  /,request
"-- [ it, + it ] brings out [ such a, + ] so much different things [ in, + F uh  --",statement
"C And,   F uh,  if you have that on a regular basis in Texas, I think I would go with something very dry <laughter> to keep it off, D you know.  /",request
"E I mean,   generally in the Midwest it seems to be [ less, + much less. ]  /",statement
You haven't been to Spain? /,question
Yeah.  /,general
Yeah. /,general
Tell me about your home. /,request
That is my problem.  /,statement
Yeah <laughter>. /,general
"Little rock stars, put all them in there. /",request
"Go ahead, you first <laughter>. /",request
"C and  the new one's  in this thirties D you know.   F Uh,  /",statement
"Yeah,  /",general
Oh. /,general
let's talk about schooling. /,request
"F Oh,  yeah. /",general
Isn't that something.   /,question
"F Oh,  yeah,  /",general
C So  tell me your feelings on recycling.  /,request
"F Oh,  do you have the cherry blossoms [ there, +  in there ] or not? /",question
"[ I, + I ] said I can make it no time.  /",statement
Uh-huh. /,general
you want to start? /,request
F Huh.  /,general
<Noise> <talking>  D So  how do you feel about it? /,question
C so  you should think about doing something like  that. /,request
"C and,   <clicking>  can you hold on just a second? <Laughter>. /",request
"If you want to go first, go ahead. /",request
"Ye-,  -/",general
Yeah. /,general
"D Well,  D you know,  I put mine back in my bag this year, too,  /",statement
"D Well,  F uh,  I'll let you start, I guess <sniffing>. /",request
"excuse me just a minute,",request
Do you watch sports much on T V? /,question
"F Uh,  do you  have more [ than, +  than ] one vehicle in your fleet?  /",question
How about yourself? /,question
Yeah.  /,general
"C and  you just pick a campground on the river,  /",statement
if I can  ((   ))  the other side of the coin for a moment. /,request
"Everyone had a two way wrist watch T V -s on their wrist,",request
Is it registered? /,question
"[ is it Hous-, +    (( wasn't ))  it Houston's ] humid? /",question
"C But,   F uh,  then [ the mi-, +  F uh,   the cauliflower, ] you,",request
just rinse them out a little bit  /,request
"D So  C but,   what does you husband do now? /",question
"F Um,  tell me some about your camping experiences, Carolyn. /",request
How do you like it out there <clicking>? /,question
Yeah. /,general
"<noise> of course, salary is very important, because that's why you are working  [ for your, + ] for the money, C but,  job satisfaction to me is also, F uh,   very important in having a job.  /",statement
C or  I don't want to do anything. /,statement
Uh-huh. /,general
Where have you gone first?  /,question
"C But  D you know,  you know what's really  funny?  /",question
Did you have that done professionally  /,question
"Keep on watching those movies, F huh?  /",request
Uh-huh. /,general
"How do you feel about them, E I mean,  since you've --",question
"Do you grow [ those, + those ]  ten, fifteen Y? /",question
Who takes care of that? /,question
You don't want the gum on the back of the masking tape to get dried to hard.  /,request
"D Well,  that is not really true, either, F uh,   /",request
How  long was the waiting period out there? /,question
you can talk.  /,request
don't get me to lying. /,request
"C and  they are telling that they  don't know how to read,  D you know.   /",statement
It was a hyacinth.  /,statement
"C So  <laughter>, I think [ [ for, + for, ] + for ] many years, F uh,  we've paid teachers and police officers and firemen who are, F uh,  to a great extent, public servants --",statement
"D well,  who is this,  /",question
"F Oh  yeah,  /",general
Let's see what else is on television.  /,request
C and  you just tune it out because it's the same thing  /,statement
go ahead. /,request
D so  you watch DAVID LETTERMAN? /,question
"Yeah,  /",general
Yeah.  /,general
"E I mean,  I don't use any drugs.  /",statement
Didn't have shrimp there F huh  <laughter>? /,question
"C But  we have to be careful,  /",statement
I guess I'll get back to my laundry <laughter>. /,request
"D Well,  I can go ahead and start and tell you mine  /",request
"-- it's like if you drew a line from  Austin straight down, it would be in that region. /",statement
Right. /,general
"C but  no,  /",statement
[ E I mean  -- +,request
"D Well,  I don't think [ I'd, + I'd ] like that.  /",statement
"C and,  [ if you, +",statement
"C and  put them  all in a place,  /",request
"[ I live in a <breathing>, +  I live in a ] very nice  suburb  /",statement
We keep track of personal budgets and things like that on it.  /,statement
"C So,   just going to school [ and, +  <breathing> <groan> and ] working  /",statement
"D Now  come on,  let's be realistic, /",request
I would suggest seeing it at the theater.  /,request
Uh-huh. /,general
Have you? /,question
"[ get a, + get a ] few  /",request
"do you like, F uh,  steamy movies <laughter>. /",question
Yeah.  /,general
Uh-huh. /,general
One moment please. /,request
"Were you up [ in, + in ] Wisconsin  /",question
Did you have a special program on your computer to do that  /,question
C and  you have to have room for them. /,statement
"What type of music do you  like in the classical area,  /",question
What do you think about that subject? /,question
You can go back to work now. /,request
"do you, F uh,  run the family budget as far as, F uh,  groceries and that sort of thing? /",question
"[ Talk, + talk ] your husband into taking you there some night. /",request
"C But  look who she was running against,  D you know  <laughter>. /",request
Yeah. /,general
Uh-huh. /,general
"D Well,   I would like to get one at home some day.  /",statement
I've been thinking it's getting cold sooner than normal.  /,statement
Oh.   /,general
Right. /,general
"D Now  [ isn't DESIGNING WOMEN, + don't they  ] have a new chick on there [ instead of the, + instead of ] what's her name? /",question
Okay. /,request
Cities have a mandatory recycling? /,question
"-- throw the lids and everything out,  /",request
Uh-huh. /,general
F Um.  /,general
C and  you just keep beating it in.  /,request
"C But,   they were kind of closer to home [ when, + when ] I struck up with them.  /",statement
"[ Can they be, +",question
Yeah. /,general
Right. /,general
"Do you find that, F uh,  to be boring? /",question
Go ahead <laughter>. /,request
"D Well,  D see  of not being particularly interested I don't keep track of prices on them,  /",statement
Uh-huh. /,general
"Just two, /",statement
"Because if you, F uh,  use drop cloths to cover everything and you use masking tape to trim out, F uh,  all the parts that you don't want to slop over onto,  you don't have to be quite as precise about how you do it  /",request
"Not hot like, uh, - /",statement
"F Uh,  there used to be,",statement
"Yeah,  /",general
"C and  yet the funding has already, F uh,  exceeded,  /",statement
"[ W-,  + wait. ]  /",request
"Leslie, what are you studying? /",question
((   ))  she's smart at what she does.  /,statement
"C and,  F uh,  keep your mind off of negative things. /",request
"Aren't they supposed to be coming out with some sort of, F uh,  special gas or  something that doesn't emit certain chemicals or something? /",question
((   ))  something happen. - /,general
"F Uh,  how about you?  /",question
"D Well  I went,   /",statement
"E I mean,",statement
Uh-huh. /,general
F Huh.  /,general
"D Well,  tell me about your van.  /",request
C And  that's really discouraging.  /,statement
"look at the news tonight,  /",request
E I  mean  it's like don't worry about it  /,request
Right.  /,general
"F Uh,  watch out. /",request
So what do you think about caring for older folks Dale? /,question
"F Oh,  yeah. /",general
"D Well,  that's pretty much the way [ we do, + F um,  E or  we did ] in the past,  /",statement
"D well,  [ back, +  back ]  to this visiting thing,  /",request
"I think that's being damaged, F uh,",statement
C And  did you ever eat at the Blue Bin Diner? /,question
Uh-huh. /,general
[ C so.  +,request
How about you? /,question
"C and  [ I'd, + I'd ] start trying to focus in on people instead [ of, + of ] picking up the overall, -/",statement
"Listen to Bruce Williams, F uh,  for financial advice. /",request
"C And  June, July, August are,  D you know,  - /",statement
Have you praised  it and given it a treat maybe when it does something outside? /,question
start prosecuting they  /,request
I have some friends that live in Westport  /,statement
"[ [ [ Are, +  d-, ] +  are you, ] + do   you ] play the piano,  /",question
How about your family? /,question
do you have children? /,question
"[ W-,  + wait. ]  /",request
"<Laughter> I've never heard that one,  /",statement
"Did you embroidery the pattern  and then quilt it yourself,  /",question
Uh-huh. /,general
"C and  I like sugar, too,  /",statement
Have you? /,question
"F Oh,  uh-huh. /",general
"[ [ have you, +  have, ] +  did ] you  see TEXASVILLE?  /",question
"D Well,  [ when, + when ] I was in school, [ I, + F um,  I ] was a communications major,  /",statement
Uh-huh. /,general
'cause they're farmers.  /,statement
"It's pretty bad,  /",statement
"If I were you, I would get  the Greatest Hits album --",request
No. /,general
"[ What, +  what ] kind was it? /",question
Yeah. /,general
"growling consumer, F uh,  need to worry about the Mac they're getting, - /",statement
"F Uh,  now it's a little more expensive  to make it, because, [ y-, + ] D you know,  you start paying the price for the patterns and the material, /",statement
Do you like rap? /,question
Uh-huh. /,general
Do we drug test everybody that comes in  /,question
"Yeah,  /",general
You do?  /,question
I like to see that.  /,statement
"[  We, + we ]  usually try to get to opening day game.  /",statement
"Or just [ a by-, +  an innocent bystander ]  or somebody got actually beat to death or what. /",question
I really don't miss all the heat there. /,statement
D Like  if you wanted to sell your pistol to me.  /,statement
"C and  you have to rack your brain, /",statement
C and  --,statement
C and  we found  a preschool for him. /,statement
"D Well,  what kind of music do you not like? /",question
"C But  I say, D you know,  they commit crimes let them be overcrowded, <laughter> D you know  --",request
Uh-huh.  /,general
C But  you definitely need to go to Hawaii.  /,request
<<Very faint>> Uh-huh. /,general
Yeah. /,general
C And  how old was he? /,question
"[ They have the, + they have the ]  play-off experience,  /",statement
keep going. /,request
Yeah. /,general
"F Uh,  D now,  F uh,  were you asked to wait before starting to work until the drug test came through  /",question
"We're just north of, F uh,  White Rock Lake. /",statement
"C And,  F uh,  it's really a dilemma, F uh,   that we find ourselves in, I believe.  F Uh,  /",statement
"[ I, + I've ] come from the teaching field. /",statement
What did you call that? /,question
How old are they? /,question
C so  you should take my word  /,request
Go right ahead. /,request
"D well,  did you ever see HOME ALONE? /",question
let's cut off. /,request
C and  it didn't cost any money.  /,statement
Uh-huh. /,general
"[ C and,  + F uh,  C so  ] he gave this dog a series of  ((   )) , - /",statement
"C but  then when the bill comes we always pay it off then,  /",statement
Do you know what my concern is?  /,question
"Yeah,  /",general
"C So,  F um,  D well,  I have not really paid much attention  (( because I )) - /",statement
"C or  did you pull them,",question
"F oh,  what was the lady's name that ran a couple of, - /",question
"F Um,  [ I, +  I ] read a lot of Larry McMurtry books -- /",statement
is that suppose to  be. -/,question
"C and then  of course there's the hunting issue,  /",statement
You want to go first?  <chiming>. /,question
D Now  do  you have to have tickets ahead?  /,question
"-- put it to sleep, D you know.   /",request
"Then you, F uh,  pour that in there, D you know,   to make the gravy.   /",request
it's mostly starch.  /,statement
"<Laughter>  Are you working on your, F um  --",question
now it's up to you  /,request
Uh-huh. /,general
"C but  look at GONE WITH THE WIND, D you know.  /",request
go ahead.   -/,request
Yeah. /,general
"the, F uh,   (( right wing death squad )) type situation - /",statement
C and  it would eliminate all these loop holes that the fat cats get away with. /,statement
Really.  /,general
"-- let them go,  /",request
"C and  I'm involved with the characters,  /",statement
"[ C and,  + C and  ] the question is, does the government make a difference.  /",question
Oh <laughter>. /,general
"C or  where's, - /",question
Excuse me. /,request
C or  what was the whole deal on that? /,question
Leave the shells on them so they won't just roll up. /,request
you should be careful <laughter>.  /,request
"C But,  have you ever been in a situation where [ you, + you ] were drug tested  /",question
Yeah. /,general
"Yeah,  /",general
You mean you use credit cards? /,question
C And  it's really polluting the air. /,statement
"F Oh,  D well,  D well,  encourage her to try other things,  /",request
"mix up a little, F uh,  mayonnaise with some dijon mustard,",request
"E I mean,  we can't say it doesn't,  because it does happen.  /",statement
where did you get this cook book? /,question
D So  --,request
C and then  you sprinkle the cheese on top of that.  /,request
"C but  <laughter>. D Well,  tell me,  /",request
leave me in the air conditioning. /,request
"F Oh,  [ in, + F uh,",question
"F Oh,  that's great, because they don't have it in  Florida.  /",statement
"I kind of  enjoy doing that a little bit, too. /",statement
It was nice talking to you.  /,general
"D so,  F uh,  [ I'm, + I've ] lived here like eight years or so,  /",statement
D Now  what year are we talking about? /,question
I guess he was taking Kevin Costner to D like  the site where he was going to be or whatever. /,statement
Uh-huh. /,general
"Uh-huh,  /",general
"[ [ [ [ [ Who, +",question
"D So  [ what do you, + what do you ] consider your favorite shows? /",question
"F Oh,  that would have been such a great memory. /",statement
Wonder about them in what way? /,question
Uh-huh. /,general
"Which I think that that's not [ the, +  the ]  way the majority of the people over there really are. /",statement
do you have a Sam's Wholesale Warehouse up there?  /,question
"What do you think, what kind of  --",question
Uh-huh. /,general
Yeah.  /,general
Uh-huh. /,general
"Suppose, F uh,  D well,  D you know,   they had a group who were construction oriented  /",request
"C or  current, -/",question
Uh-huh.   /,general
"F Uh,  [ [ I, + I've,  ] + I've  ] tried a few groups, F uh,  D you know,  where you, - /",statement
Uh-huh. /,general
Try to do it early in the mornings.   /,request
"but so what does that, -/",question
"C And  you, F uh,  put about two tablespoons  of, F uh,  water into this bowl, and  about an eighth a teaspoon of salt. /",request
"[ You buy it, + you buy it ] as a seasoning. /",request
[ I have made + I have not done ] that well with. /,statement
C or  it's just that they don't use the materials that are available to them. /,question
"F Oh,  I see. /",general
C And  you put a little bit of that over it.  /,request
"C and so  that I think really, F um,  hampered it a little bit. /",statement
yeah.  /,general
"D Well  D you know   that's part of the aging process,",statement
Did you like it? /,question
Uh-huh. /,general
"-- I stay in the house because [ it's just, +",statement
"Yeah,  /",general
"D so,  F uh,  you live in Dallas? /",question
Bye-bye /,general
I don't want to be -- -/,statement
"C or  he, I guess it was a male, he ran off twice,  /",statement
Uh-huh. /,general
Yeah. /,general
Uh-huh. /,general
Uh-huh. /,general
"C And  [ they, +  they ] are in effect killing people. /",statement
"C but  D you know,   you ought to get him to [ g-, +  pull ] the weeds. /",request
She'd just get on the first step and lay down.,statement
being from California and wanting to hear D like  - /,statement
"Take your glass, F um,  D you know,  pickle jars, [ or, +  or ] whatever, F uh,   liquid jars, D you know,   /",request
Uh-huh. /,general
"C and then,  F um,  on the other hand sometimes the children or the adults are themselves <laughter>. /",statement
"can't you get records through that or something, recordings? /",question
"C and,  F uh,  keep your mind off of negative things. /",request
C So  how  --,question
Oh. /,general
C but  you really need to see that movie.  /,request
Have you followed that very much  /,question
"<Breathing> C And  let them drop to the bottom  D and  maybe do a, a kind of a slow reel.  /",request
isn't that weird? /,question
You can go back to work now. /,request
"[ [ I just don't, + I just don't, ] +    [ [ [ [ [ I, + I, ] + I d-, ] + I, ] + I, ] + I ] don't ]  foresee Bush making the decision to invest a lot of manpower and money  and, D you know,  [ in, + in ] fighting a second battle. /",statement
Uh-huh. /,general
Uh-huh. /,general
"They civilians or, F uh,  military? /",question
Yeah. /,general
"F Uh,  what do you think are the major social changes? /",question
"[ it, +  it ] doesn't make logical sense to me,  /",statement
Uh-huh. /,general
"First,",question
"C And,    F uh,  that makes it a lot more enjoyable.  /",statement
"What are your [ m-, + music  ] interests? /",question
Yeah. /,general
"F Uh,  [ what, + F uh,  what ] sort.  /",question
E I mean  here you have the right to vote  /,statement
don't. /,request
C Or  are you not at that stage yet? /,question
"Look at [ the, + the ] Smith trial. /",request
"[ C and,  + F um,  C and so,  ] [ I, + I ]  always felt I didn't get a real good education [ in the pu-, + in the ]  grammar schools and part of high school, /",statement
You really think so? /,question
"it's a good town to just,",statement
You have got to drive careful. /,request
"D Well,  what do you know about Latin American policies? /",question
E I mean  I've never. -/,statement
"French, yeah. /",general
C And  keep your mind on positive things  /,request
C And  think how rich she is. /,request
C But  it's got to have one that has a cover on it. /,statement
"[ [  she,  + F uh,  she likes to, ] + F um,  she doesn't like ] the beef dishes.  /",statement
C and  it sort of gets away from me --,statement
Go ahead. /,request
Uh-huh. /,general
"Yeah,  /",general
I felt that this was a company that should have been more reliable -- /,statement
"Oh, I see. /",general
you can talk.  /,request
"[ It's, F uh,  over, + there's one over ] there in Addison.  /",statement
"[ I, + I ] should imagine  that, that would be to keep it at  [ a level, + those levels,  ] I guess, [ that, + that ] were originally appropriated  [ [ w-, +  was ] + ] when the Soviet threat, I guess, was perceived as being a greater one.  /",statement
"Think about, F uh,  taxes. /",request
"All righty,  /",general
"D Well,  listen  /",request
"C And then  they proved it,  /",statement
F Oh.  You ought to try some crawfish.  /,request
"[ If you were, + if you were ] closer [ [ I'd, + I'd, ] + I'd ] tell you you could come over and supervise <laughter>. /",request
"C or,",question
"[ C And,  + F uh,  C but  ] [ she, + she ] has gone down steadily since she has been in,  /",statement
"Now [ l-, + let ] me ask you this.  /",request
Okay. /,general
"(( Go ahead )) , /",request
Yeah. /,general
"F Oh,  you will have to go on one. /",request
Got out a  lot of aggression.  /,statement
just a moment.  <Beep>  /,request
Uh-huh. /,general
"D So,  <noise>   it's really quite interesting.  /",statement
D well  go ahead. /,request
D Like  our garage is always full of sacks of newspapers  /,statement
Go ahead. /,request
Yeah. /,general
It broke the limbs. /,statement
Uh-huh.  /,general
"<Laughter>  Yeah,  /",general
go ahead. /,request
"Although she has gone [ down, + downhill ] drastically since [ this, + this ] last, - /",statement
"If you're just talking about basic care, - /",statement
"[ Robby, + Robin ] Williams, does he have a funny part in it? /",question
"one, one thing that I remember hearing in the news the past couple weeks that might be significant is that they've recently voted that Spanish is the official language, which I always assumed it was anyway.  /",statement
"It was a little strange, D you know,   /",statement
Oh. /,general
"C And,  F um,  we go [ on a, + ] D like  fifty to a hundred miles every Sunday. /",statement
"don't dumps, <laughter> D you know,  where you dump all your --",question
All right.  /,general
"F Oh  god, you go to the mall  /",request
C But  I would forget to write the things down  /,statement
I would suggest seeing it at the theater.  /,request
"C But,   yeah, /",general
is that any good? /,question
"[ I, + I ]  think the emphasis on sports,  /",statement
go ahead. /,request
C but  for our personal car we have a used car.  /,statement
I'm going to have to get a map to figure out exactly where is the golf course versus where my house is. /,statement
"D Well  [ that could, +",statement
be sure to watch it tomorrow night --,request
Yeah. /,general
Yeah <laughter>. /,general
Huh-uh. /,general
-- do you ever watch that? /,question
Uh-huh. /,general
"[ W-,  + wait. ]  /",request
"[ [ D-, + do, ] + do ] you get cable? /",question
look at the Cowboys now </noise>.  /,request
Yeah.  /,general
Right. /,general
Uh-huh. /,general
"Yeah,  /",general
"D Well,  my daughter decided to call them and check  /",statement
"what percentage [ of, + of ] corporations and, F uh,  private industry do you think use, F uh,  drug testing? /",question
"you want to go ahead and tell me your favorite team, or  who you think will be doing well this year. /",request
I always worry about my teenage daughters going to some party  /,statement
"C And,  F uh,  [ even if they're, + even if they're ]  discouraged, tell them that that's just a passing moment --",request
"D Well,  that is not really true, either, F uh,   /",request
I was hoping you could tell me what you thought. /,request
Tobogganing. /,request
Yeah.  /,general
<Talking> <noise> Your turn. /,request
"E I mean  look at, D you know,  the leader they had.  /",request
C or   do you go out? /,question
"C and,  F uh,  it was of the people from there that said that.  /",statement
C but   my ironing board is part of my decor  /,statement
"F Huh.  [ I, + I ] think, F uh,  in a way we're able to read each other pretty well because, F uh,  she knows when I'm upset and I know when she's not feeling good too <sigh>.   /",statement
"That is right, /",statement
Oh. /,general
you want to start first <laughter>? /,request
that is when it really got big.  /,statement
"E I mean,  what thoughts do you have on the subject? /",question
"Okay,  /",general
Do you just brown the chicken to get it colored -- /,question
"D Well,  isn't it weird at Christmas time without snow? /",question
"Hey,  you should make yourself a promise that [ you'll, + you'll ] read one novel in the next  six months, just for you. /",request
C and  you can leave a message. /,request
"C and,  F uh,  keep your mind off of negative things. /",request
"D Well,  out here in Utah, five is about [ the + --",statement
what did he shoot him with. /,question
"What, F uh,  go ahead and tell me about your home <laughter>. /",request
"C and  you microwave it on high for seven minutes,  /",request
C and  I must say it was interesting. /,statement
"of course, we at T I just hoping it works out that the new products that they come out will, F uh,  sell like gang [ books, + ] [ bu-, + busters, ] D really.  /",statement
"not by much, but it does defray it some. /",statement
"[ You're, + you're  ] a T I -er up in Sherman? /",question
D Well  F um  how long do you cook the meatballs /,question
"I think in some professions it's, F uh,  essential.   Things like pilots and things that involve the safety of other people particularly. /",statement
Yeah. /,general
have you ever read that book? /,question
"C And  I'm sure that kind of thing would influence [ your f-, + grandfather's ] feelings.  /",statement
"That's the last one I saw, I think. /",statement
In fact I'm pretty sure TI  has something like that  /,statement
do you know? /,question
"I'm not sure, though, when we talk about what rules, if any, that we should say, D well,  certain segments should not have to be tested.  /",statement
Yeah. /,general
"C And then  you,  F uh,  mix flour and  a cup of water, maybe, F uh,  one tablespoon of flour and a cup of water.  /",request
Uh-huh. /,general
D Well  how are the Cardinals?  /,question
"<Laughter>  Yeah,  /",general
"[ What, +  what ] kind of work do you do? /",question
C But  I do --,statement
How is the weather up there? /,question
Do you know what I'm saying? /,question
"D Well,  I was just trying to make an introduction, here <laughter>. /",request
They're just very tough on criminals. /,statement
Yeah.  /,general
Let them people go. /,request
D Well  you shouldn't do that. /,request
"C And then  [ you, + you, ]  F uh,  pour [ most of the, + all of the ]  oil out of the pan  /",request
"D Well,  try and think if it was a hundred dollars a square foot <talking>.  /",request
"<Laughter> D Well,  put them in a salad, though,  /",request
"[ [ what do you think that, +  what do you think, ] +  tell me what you think ] about this. /",request
C So  are you working your way through college? /,question
How big is your place? /,question
Yes. /,general
I lived with two other girls  /,statement
Just think of the money they could save.  /,request
Do you ever go see the Rangers? /,question
"What, into the service? /",question
D well  how do you dress for work? /,question
Yeah. /,general
"D Anyway,  <breathing> ended up taking it to the Toyota dealer  /",statement
"Did you ever get any information on it D like,  -/",question
C and  because of the cutbacks  in the economy --,statement
"C but  D yeah,   next time you go, F uh,  D you know,  check into it,  /",request
I had one.  /,statement
"one guy out of Houston, he introduced himself as snake so-and-so,  /",statement
Okay. /,general
Uh-huh. /,general
Right. /,general
"<Laughter> Is Plano beginning to experience [ the, + the ] kinds of things that are more common [ in the metropolitan, + D you know,  in the --",question
"you want to go ahead and tell me your favorite team, or  who you think will be doing well this year. /",request
C and  teach them to farm C and  teach them - /,question
Yeah  /,general
"F Oh,  don't be concerned.  /",request
"[ C And,  +  C and  ] when there's nobody there, -/",statement
"F Oh,  yeah. /",general
it's a big change. /,statement
"D Well,  what kind of weather are you having right now? /",question
C and  all I did was weights and aerobic exercise  /,statement
go ahead. /,request
"you might put [ some, + D like  some  ] yellow catfish in there.  /",request
Yes. /,general
"C But  go ahead,  /",request
Huh-uh. /,general
I agree.  /,statement
Yeah. /,general
How did you get involved? /,question
how old is your daughter. /,question
You probably don't want to take them to see  SILENCE OF THE LAMBS.  /,request
"I guess it is time to close now, so  I can run go help put the kids to bed. /",request
"<Laughter>  [ Are they, +    E I mean,  is it, ] like mystery, C or  --",question
"that's one thing I would like, is [ just to sort of have, + A I really don't like uniforms --",statement
"E I mean  look at, D you know,  the leader they had.  /",request
What else has changed between the sixties and the eighties --,question
"[ Where, + where  -- ]",question
F Um.   Do you watch it every Sunday? /,question
D So  are you a professional musician? /,question
Uh-huh. /,general
"[ In this area, + F uh,  in Washington D C area,  ] it gets hot and humid. /",statement
C but  they don't have it anymore.  /,statement
"F Oh,  do they?  /",question
"<laughter> C but,   F um,  [ we, +  this is the first  house we've ] ever lived in,  /",statement
"C And then  when you serve the meal, what type of wine would you have [ [ with, + F uh,  with the, ] + with ] seafood? /",question
Huh.  /,general
"D So,  F uh,  do you want to start first  /",request
what brand of car are you thinking about buying  /,question
Uh-huh. /,general
"C and  I find that most of the magazines  I really like is around Christmas time because, -/",statement
"[ don't, + don't ] be in any hurry. /",request
"D like  one was a warring tribe,  /",statement
Uh-huh.  /,general
Uh-huh. /,general
"Wait,  /",request
It's kind of hard.  /,statement
Uh-huh. /,general
"F Oh,  yeah.  /",general
"D Well,  have you seen a new movie lately? /",question
I've seen all of James Dean's movies.,statement
Go ahead. /,request
"F uh, he knew where [booth, +  both] places were, loaded the gun  /",statement
Why don't you go ahead and start. /,request
Oh. /,general
"I guess I am kind of saying, [ what, + what ] are we doing?  /",question
F Oh  do you <laughter>. /,question
Uh-huh. /,general
"[ I had this D like,  + D you know,  I had a ] binge of bo-, - /",statement
D well  go ahead. /,request
"C Or  [ do you, + do you ] know in Virginia [ whether it is, +  if they have ] smaller juries  /",question
"Okay,  /",general
Do you go to the game? /,question
Sure.  /,general
you should be careful <laughter>.  /,request
Is it any of your business?  /,question
Which Church is it? /,question
Tobogganing. /,request
<Laughter>  F Oh  yeah.  /,general
Think about what you can buy for sixty dollars. /,request
"[  Wh-, +",question
"Yeah,  /",general
"Impart me some wisdom, Catherine <laughter>. /",request
Have you ever been there? /,question
"C And  [ put it, + it ] goes directly to another account, [ that we don't, + at an entirely different bank, that we don't ] have access to so easily,  /",statement
Right. /,general
"C And  if I was a cat or dog, I'd respond probably by biting or something.  /",statement
"F Uh,  <ringing> I would say definitely go see that part  /",request
"C or  you can just get some, D you know,  regular red peppers. /",request
"D So,  D you know,  she feels that kids are too dependent on it also. /",statement
"Then do they give you D like  [ one ch-, + one more ] chance or two more  chances?  /",question
That's what happened with Apollo.  /,statement
"D Well,  do not tell that to all my friends. /",request
what is your last name? /,question
Uh-huh. /,general
"and they're, they're still, they can provide for society,  /",statement
"D All right,  I guess we might as well end our conversation at this point. /",request
"Yeah,  /",general
Is that why you said I had more experience than you? /,question
"D Well,  it's been great talking to you. /",general
C But  it's just kind of like get on the  telephone  /,request
"C and,  F uh,  he's kind of our temporary substitute for having kids. /",statement
"<Breathing> Have you ever been [ to the, + [ to, + to  ] the ] Dallas Symphony? /",question
Do you know had a I'm saying? /,question
Uh-huh. /,general
Uh-huh.  /,general
Refresh my memory. /,request
"D Well,  how old are you? /",question
Uh-huh. /,general
"can you hold <ringing> on just a sec-, -- /",request
"Go ahead, you first. /",request
Did you all ever watch that? /,question
"That's what my F uh,  daughter-in-law told me. That they were going to have kids probably after two years of marriage. /",statement
Tell me. /,request
I graduated from college with my bachelor's degree in nineteen sixty-four. /,statement
"[ In theory, +  in theory, ] a healthy economy has a lot of spending going on. /",statement
"yeah,  /",general
Uh-huh. /,general
C And  his mother is carrying this on.  /,statement
"D Well,  I have lived in a small town for, D you know,  - /",statement
"C but,  F um.   Did you ever see KINDERGARTEN COP? /",statement
"D well,  tell me what kind of books have you read? /",question
They will if you attack them. /,statement
C And  that's what they did  /,statement
"D So,   did you watch the, F uh,  final four this year? /",question
"D Well,  do you all have a, - /",question
"F Oh,  Hank Williams Junior? /",question
At least they're making the effort  to put it out there and make it available [ and -- +,statement
"F Uh,  F uh,  do you find that, F uh,  on the average do people give F uh,  more credibility or less credibility [ to a professional, + F uh,  to professionally ] dressed  individual.  /",question
Mean private enterprise? /,question
You might try that.  /,request
"D well,  let's not talk about that <laughter>. /",request
"F Um,  what do you do this weekend? /",question
"Is there [ anything, + any place ] else that really takes anything other than that, that you know of? /",question
uh-huh.  /,general
C and  he weighs two hundred and eighty pounds.  /,statement
"F Uh,  about yourself? /",question
Yeah. /,general
my love wasn't there for the game.  /,statement
C and  you turn it one time. /,request
is it Mike? /,question
go ahead. /,request
"[ Y-, +",request
"D So,  tell me ab-, -/",request
Can I put you on hold for one minute? /,request
Can you hang on just a minute? /,request
Right. /,general
What about you? /,question
Right. /,general
"Go ahead,  /",request
Uh-huh. /,general
the people that I've known like  from Germany and Finland that have done that --,statement
"C but  [ it wouldn't, + D you know,  it wouldn't ]  hit me [ in a big, + in a big ] way because --",statement
"Uh-huh,  /",general
Uh-huh. /,general
C So  tell me your feelings on recycling.  /,request
"F Oh,  yeah.  /",general
Why don't you go ahead and start. /,request
C And then  when,request
Yeah.  /,general
C and  she just hasn't been able to stick with the training schedule long enough to really get back in shape.  /,statement
"Excuse me, Jim,  /",request
<Child_talking> C But  do you guys have fishing competitions while you are there? /,question
C or  does he just run out in the backyard?  /,question
Have you ever had them just come up in different places? /,question
Yeah. /,general
"C and  you didn't have to pay in as much as if you go to [ a, + a ] very small place.  /",statement
You have got to drive careful. /,request
"D Well  me, too,  /",statement
"I like being able to go back into the mountains,",statement
Oh is it. /,question
"C and  that's kind of tricky, too, because a lot of positions the judges are in, [ they, + they ] can't be fired, D you know,   /",statement
"D Well,  [ do you think that's, + do you think that's ] right?  /",question
Oh. /,general
"[ [  You, + you, ] + you ] watch those games? /",question
"D So,   tell me the last time you went for a boat ride. /",request
Do you want a perennial flower that will bloom all Summer? /,question
Huh.  /,general
"don't tell that to a native Texan though, /",request
-- you don't have to wait for them to [ say -- +,request
"C and,   F uh,   you ought to get it.  /",request
"I find [ I, + I ] read very little,  /",statement
"Listen to Bruce Williams, F uh,  for financial advice. /",request
if I can  ((   ))  the other side of the coin for a moment. /,request
"F Uh,  Hogan? /",question
You might take a look at them. /,request
"C And,  F uh,   when I got into college [ I struggled, + I struggled  ] just to, F uh,  get my degree [ in the, + in the  ] field that I was in. /",statement
"C and  being [ a, +  F uh,  a ] government organization you got quite a few holidays off. /",statement
"-- D you know,   C or  if [ they, + they, ] F uh,  D you know,  severely beat up on a child,  [ or, + ] D you know,   I would have absolutely no problem at all --",statement
Yeah. /,general
"C so,   F um,  [ how do think, + how do you think ] we've changed in the last ten to twenty years? /",question
"F Uh,  I don't like that,  /",statement
How many square feet do you have? /,question
"F uh,  look at them,  /",request
C and  it had this man sitting on a couch with his date  /,statement
"[ that, + that's ] about the same boat I'm in, too. /",statement
Yeah.  /,general
C And  different circumstances call for different things. /,statement
Yeah. /,general
Uh-huh. /,general
C But  you definitely need to go to Hawaii.  /,request
No earthly idea. /,statement
"[ [ I don't, +  I don't, ] +   I just don't ] think you, - /",statement
you got to take them for walks  /,statement
C and then  you'll  have to give me a call on gardening <laughter>. /,request
C And  keep smiling. /,request
"F Um,  what is your humidity like? /",question
"F Uh,  we live in a rural area up here. /",statement
"D Well  hopefully this  one here, Cocoa will live a full life <laughter>. /",statement
"even Murchison here, who owned the Cowboys, had a lot of property down in Florida.  /",statement
"D Like,  for instance, say, F uh,  - /",request
Huh-uh.   /,general
tell me what you think about the Vietnam war. /,request
Yeah. /,general
Bye-bye.  /,general
Do you think most states have that  /,question
Isn't it strange how people are fascinated by other people that they think are strange <laughter>? /,question
"[ sh-, + ] let's say  /",request
"Does she have a, - /",question
"I guess we've kind of exhausted this one,  /",general
"C So,   C so  what ended up happening [ was, + [ was a, + was a ] ] shift.  /",statement
"F Um,  you should always have three months of your salary in a savings account in case  there's a major need for that. /",request
"Yeah,  /",general
Yeah. /,general
Yeah. /,general
"I think that, F uh,  so many other things have taken over, F uh,  in the media.   /",statement
"F Uh,  [ what  about, + what about, ] F uh,   lesser, F uh,  benefits perhaps for you but  [ for, + for ] the women [ in the, + in the ] corporation.  /",question
It hasn't  ((   )) . /,general
What do you think? /,question
One of my kids got me one of those for Christmas one year  /,statement
I didn't see the first one.  /,statement
Yeah. /,general
Was it like the movie? /,question
You got kids? /,question
Uh-huh. /,general
Yeah. /,general
"[ I, + I ] know that, F uh,  my daughter, F uh,  even though she goes out with [ the, + the ] sports and everything, F uh,  D yeah   she likes to watch the football for, F uh,  the kids <beep>.  /",statement
"[ get a, + get a ] few  /",request
Oh. /,general
"You want it to get dry, but not, F uh,  just real hard. /",request
C so   we'll have to talk about the future --,request
"Uh-huh,  /",general
Uh-huh. /,general
"F Um,  you kind of think it's something else then? /",question
"Do you think that's why most rock stars nowadays keep their marriages secret, or at least they keep it quiet. /",question
"A real light line, real light rig? /",question
Yeah.  /,general
Uh-huh. /,general
"[ Do you watch, +  do you watch ] [ the network, +  D like  major network ] news,  /",question
"What do you think of [ that, +   F uh,  the ] greenhouse effect that's going on? /",question
let's cut off. /,request
"Yeah,  /",general
C but  I think that's real dangerous  /,statement
Uh-huh <barking>.  /,general
"Ladies,  first. /",request
What did you do when your kids were growing up?  /,question
"E I mean,  it needs to be, D you know,  - /",statement
Uh-huh. /,general
"D Now  [ what, + what ]  do they pick up?  /",question
C And  drain it real good. /,request
"C or  if I, D you know,  am interested in something, A of course, [ during the w-, +  when we were in war, ]  I read up on that just a little in the newspaper --",statement
Uh-huh. /,general
You interested in woodworking? /,question
"F Oh,  yeah.  /",general
"C or  was she doing it on her own,  /",question
Yeah  /,general
"I'll go ahead and start recording that, /",request
Yeah.  /,general
"C so,",request
you can buy whatever you want. /,request
Uh-huh.  /,general
C Or  is that what your   into  /,question
"Yeah,  /",general
"F Uh,  D well,  at the time, I was, F uh,   thinking of going pre med -- /",statement
"D you know  keeping busy with everything else going on, - /",statement
C so  let's make it a good one. /,request
D Well  what are some of the other  features on this machine?  /,question
What? /,question
"-- let them go,  /",request
Oh. /,general
do  /,request
"D Well,  I've got to go to a meeting.  /",statement
"[ I, +  I ] do a lot of Chinese cooking myself.  /",statement
"D Well,  is there any,",question
"[ C or,  + C or  ] in these different restaurants --",statement
"[ Wha-, +  --",question
"I was going to say you didn't have the typical, - /",statement
"Sledding, that is what you have got to do.  /",request
"D See,  you need to go there. /",request
"C But  I would have really liked to go on, F uh,  secondary ed with math education,  /",statement
hold on. /,request
"Did, -/",general
is it called Baldwin or Bebble? /,question
"back to your movie you saw that ten thousand, - /",request
Uh-huh. /,general
What kind of a car do you drive now? /,question
Yeah. /,general
"Yeah,  /",general
"F Uh,  on the second floor  [ they have, +  they don't have ] a patio  /",statement
Yeah. /,general
"F Oh,  okay. /",general
C and then  you have a little picture of them  /,statement
tell me what you think.  /,request
"you look at the United States,  /",request
There's nothing to block anything. /,statement
bye. /,general
Start. /,request
"F Uh,  what, white wine? /",question
Yeah. /,general
Uh-huh. /,general
F Huh.   /,general
"[ C And,  +  F uh,  C and,  ] Wally Moon is the manager of them. /",statement
"[ C And,  +  F uh,  C and so  ] [ as, + as ] a result, F uh,  D you know,  [ it's, + it's ] a trade-off, D you know,  for the common good, D you know.  [ For, + for ] the benefit of others, D you know.   /",statement
"Yeah,  /",general
"C and  [ you, + you ] let the chicken you fried kind of drain, so that a lot of the oil comes out of it <cough>. /",request
or is it European  /,question
Uh-huh. /,general
C or  is the world really that rotten <laughter>. /,question
"D Well,  do you think [ they're, + they're ] going to be able to make it this year,",question
"Now [ l-, + let ] me ask you this.  /",request
Do you have children in the system? /,question
"D well,  where are we going to impose d-, D you know,  - /",question
"C And  how long had he been [ a-, +  appealing ]  <rustling>?  /",question
Wake up. /,request
"D Well,  [ C and,  + C and  ] I think [ [ in the, + in the, ] + in the ] much bigger picture than, F uh,  to some extent hospitals and doctors have some, F uh,  fixed amount  /",statement
"C And  I changed my mind, /",statement
Do you like to make your own guacamole? /,question
C or  is that a crime free zone there? /,question
F Huh.  /,general
"Does,",question
Uh-huh. /,general
should we move?  /,question
"D so,  go ahead <laughter>. /",request
"when you go over there does it bother you  in terms of how things are arranged, either at the Dallas location or  the Spring Creek, in terms of, [ there's so  much, +  it's so much ] of a weight orientation,  weight lifting, et cetera. /",question
"C And,   F um,  D you know,   every now and then the file gets so big, that, D you know,   it moves slower than I'd like -- /",statement
Yeah.  /,general
What have you found in dealing with the nursing homes? /,question
"Yeah,  /",general
Uh-huh. /,general
Last time I tried running with my daughter cause she is supposed to be jogging in P E  /,statement
"you look at the United States,  /",request
"C and,  F uh,  it has more world affair type things, of course.  /",statement
Uh-huh. /,general
"<laughter> C but,  <laughter> here we go  /",request
"[ [ [ ((I don't know)) what kind of, + I don't know what G M corporate, ] + kind of hit the, ] + I don't know what kind of hit ] they take on it,  /",statement
Right. /,general
"Yeah, /",general
name one <laughter>. /,request
C and  we figured that must be the sports arena -- /,statement
"Yeah,  /",general
Yeah. /,general
"-- have you noticed that on the bottom  of plastic goods, they have this little number now that tells  what  --",question
C So  tell me your feelings on recycling.  /,request
Uh-huh. /,general
Where is that? /,question
"C So,   what made you decide to put her in a Montessori school? /",question
Hang on just a second. /,request
"C And  I know the house, F um,  was built around the mid fifties. /",statement
Right.  /,general
"Yeah,  /",general
Yeah. /,general
How about investing in the sun.  /,question
Uh-huh. /,general
I've seen some.  /,statement
"C And then  you take and, F uh,  <lipsmack> cover that with drained crab meat mixed with one of the small bottles of chili sauce and spread it over the top and spread it on Triscuits crackers. /",request
C and  do you think you'll have a baby to take back with you <laughter>. /,question
C and  I would never do that. /,statement
did you have anything else? /,question
"C so,   D yeah,   do it as long you can <sniffing>. /",request
"C and  put them  all in a place,  /",request
C And  it's just about two miles to the west of --,statement
C So  you have participated with that in the past? /,question
"maybe this is a fantasy we can to talk about any kind of car,",request
C And  I don't want her to think of surgery on my knee.  /,statement
You can eat --,statement
"F Um,  how long did you have that? /",question
"[ get a, + get a ] few  /",request
Uh-huh. /,general
"C And  I work full time,  /",statement
"[ C And,  + F um,  C and  ] another question to ask is if they're, F um,  state certified --",request
She likes to really get into her   pumpkins  /,statement
Go ahead. /,request
"C or  what [ era <<mispronounced>> do you, +  era do you ] like the most? /",question
"C and so  it kind of wound down, /",statement
not the world's most pleasurable thing  /,statement
"D Well,  you, too.  /",general
Yeah.  /,general
C so  it was nice <laughter>. /,statement
"-- C but,   F um,  F uh,  their marriage was so highly publicized that there was no way that they could stay together -- /",statement
go ahead. /,request
"Yeah,  /",general
"F Oh,  which state is that? /",question
Do you ever watch AMERICAN GLADIATORS? /,question
"C So  if it comes to Pittsburgh in the road shows, and  I think they have three different companies that tour the U S, F um,   you should go see it, because [ it's really, + it's really ] outstanding. /",request
"F Uh,  [ what, +  what ] rental agent did you go to [ to actually rent -- +",question
How about in your case? /,question
"[ you-, + ]  if they had to have a rifle  or was, - /",statement
Uh-huh. /,general
"Go in the early hours,  /",request
I think maybe we've given our teachers a almost impossible job. /,statement
"C And so  [ I, + I've ] seen a lot of D like  rallies and things like that.  /",statement
Uh-huh.   /,general
C And  that's overwhelming. /,statement
"[ I, + I ] really dislike those. /",statement
I do almost all my purchasing on credit cards. /,statement
Believe me. /,request
I think that probably what did it for him was the fact that he was a good stage performer. /,statement
C and  you get in over your head. /,statement
"[ C and  he, + C and  he ] looked around a long while  /",statement
"E I mean,  you can tell him from me  /",request
"D Well,  do you have an  older car? /",question
"D Well,  I guess then, I will go,  /",request
Yeah  /,general
Yeah. /,general
Right.  /,general
"D Well,  do you  live D like  along, F uh,  Houston,",question
Oh.  /,general
you know what I mean?  /,question
[ C but  -- +,statement
go out and buy one now  /,request
<Children> Yeah.  /,general
"F Uh,  [ C but  + F uh,  C but  ] what do you do?  /",question
We do the same. /,statement
Yeah. /,general
"D Well,  you look at places like Turkey.  /",request
Uh-huh.  /,general
"C But,  I've had [ to, + to ] get my money back from them and had better luck [ with, + with ] some of [ the, + the ] more expensive companies. /",statement
Oh. /,general
"basically, the restrictions are just to penalize the good guys because the bad guys are going to get the guns anyway  /",statement
"[ Most, + most ] people don't like to talk about money.  /",statement
"C And,  D you know,  it's the type of thing that she was living down in Florida.  /",statement
"What, F uh,  go ahead and tell me about your home <laughter>. /",request
"F Uh,  [ I don't, + F uh,  I don't ] know whether we could do a whole lot as individuals.  F Uh,  maybe just take good care of our cars,",statement
"Yeah,  /",general
Right. /,general
"F Oh,  uh-huh. /",general
"[ what, +  what ] was your job? /",question
"C But  [ wh-, + what ] kind of things are you  looking for?  /",question
"D Well,  Carolyn, [ the, + F uh,  one of the ] main things I'd [ like, + like ] to know is, F uh,  how do you feel about [ the, + knowing about the ] environment of a nursing home before you would send someone there to live and so forth. /",question
go ahead. /,request
"D well,  [ back, +  back ]  to this visiting thing,  /",request
"<Laughter> <child_talking> I'm telling you, go one way or the other.  /",request
Very <beep> definitely. /,request
"C But  all of a sudden, [ [ in, + in, ] + F uh,  in ] [ [ October, + F uh,  September, ] + October ] it got real hot and dry and just stayed that way for a long time.  /",statement
"[ I just, + I just ] bought, D you know,  the Nissan that I've got about, F uh,  D say,  nine months ago,  /",statement
"However, they could not tell [ the jud-, + the jury ] that during the trial because all three of them were in appeal. /",statement
Uh-huh. /,general
"D Well,  you'll just have to plan a vacation some time --",request
"C So,  how do you think we can get people to vote?  /",question
"-- C and,  F uh,  D you know,  [ they wash, + when they open ] up the dam and let out water, they wash down the fish  /",statement
"Are you being smart,  /",question
I want to see the nursing home.  If I have to put him into one.  /,statement
Uh-huh.  /,general
C and  you name it.  /,request
C and then  throw them in with the rest of your salad sometimes. /,request
Do you live in the high-rise? /,question
You really should go to Europe.  /,request
"C but  D yeah,   next time you go, F uh,  D you know,  check into it,  /",request
"-- F um,  where do you work at  /",question
Uh-huh. /,general
Yeah. /,general
Uh-huh. /,general
Yeah.  /,general
C so  they're already ill before they go. /,statement
go ahead. /,request
what types of music do you like to listen to? /,question
C But  neither of my kids will eat it.,statement
Right.  /,general
"F Oh,  yeah.  /",general
"are they trying to  ((   )) , -/",question
"[ I just don't think, +   D you know,  with that guy from Pittsburgh getting all that money, twenty-seven  or <laughter> twenty-nine million or whatever it was, I just don't think ]  that they're going to be able to sign Ruben Sierra  /",statement
Don't overcook it though. /,request
"I live in, F uh,  Richardson,",statement
I think maybe we'll try to do that. /,statement
"F Uh,  do you know where Oakland and Hatcher are? /",question
"Because if you, F uh,  use drop cloths to cover everything and you use masking tape to trim out, F uh,  all the parts that you don't want to slop over onto,  you don't have to be quite as precise about how you do it  /",request
"yeah,  /",general
"C So,  you will have to do that once.  /",request
"[ No, + no ] one can see me --",statement
When it starts costing you fifty  or a hundred dollars to go to a game -- -/,statement
Excuse me <noise> <<muffled sound as if hand over the phone>>.  /,request
"Here, hang on just a second,  /",request
C so  I'm hoping this works.  /,statement
"I just wondering are you an  ((   )) ,  /",question
"C and  that's the way,  /",statement
Uh-huh. /,general
it's hard to get a protein content up then <laughter>. /,statement
C But  you go ahead now <laughter>. /,request
"He lives in the Dallas area now, as a matter of fact. /",statement
"D Well,  guess what,  /",request
"F Uh,  when was the last time you saw a truck that didn't belch, smoke, or, F uh,  -/",question
"D Well,  for the past week or two it's been  cold and wet -- /",statement
"Excuse me, Jim,  /",request
"D Well  [ if you,  + if you ] can get GREEN CARD, go for it. /",request
C And  keep smiling. /,request
Yeah. /,general
I can see that he was in Kuwait -- /,statement
"C and  the idea, do we go out and  feed these people when they're hungry. /",question
Uh-huh. /,general
"you're not going to payoff what you owe,  /",statement
C So  that was a long time ago.  /,statement
"<Laughter> D Well,  we can, F uh,  complain together (( or swear )) we can complain together about the humidity <laughter>. /",request
do you have kids? /,question
Can you hang on just a minute? /,request
"C but  second, D you know,  why should we, - /",question
"yeah,  /",general
"C And  losing it in the competitive market,  /",statement
Any particular writer? /,question
Call them. /,request
go ahead. /,request
C And  what do you have. /,question
"D Well,  you have got to get one of those ladders. /",request
"C But  [ use, + use ] good, F uh,  stuff and buy it at a paint store where they have the right brands,",request
"C So  I'm kind of looking forward to that, except I hate to  see them go. /",statement
Uh-huh. /,general
Yeah.  /,general
"C and  D you know,  [ we, +  <inhaling> we ] tend to try to do things, I think with our immediate family,",statement
I usually like to do most repairs on my own though. /,statement
How do you get your news mostly? /,question
F Oh  yeah. /,general
"D Well,  have you ever thought about coming to  Louisiana, D you know,  to visit? /",question
do you like that? /,question
C So  what are you going to get it off with if you get it on and it's dried? /,question
On top of the recreational vehicles. /,statement
Uh-huh. /,general
"If you want to go first, go ahead. /",request
"Now [ l-, + let ] me ask you this.  /",request
"D Well  I got to be going,  /",general
"C so  I've been in [ all, + ] most of the buildings anyway. /",statement
"C And,   F uh,  he chose it  /",statement
"[ [ What, + what, ] +  what ]  are green fees run there? /",question
bit. /,request
Yeah. /,general
"C And  you want to use one of your  good sauce pans that dissipate the heat because [ it, +  it ] ends up burning,  /",request
Uh-huh.  /,general
"[ [ what's, + what's ] + what's ] your mother cooking for Christmas <talking>,  /",question
"C And,  D you know,  D like  hold on here. /",request
What state? /,question
"yeah,  /",general
"F Uh,  C and  [ I, + what I ] would like to see happen  futuristically,",statement
"C But  I'm ready to have a President elected that at least has some sort of a domestic agenda,  /",statement
"Should we, F uh,  start this so we can, -/",request
Reduce the violence in the prisons.  /,request
name one <laughter>. /,request
D So  tell me about CHINA CRY. /,request
"Yeah,  /",general
"C but  <laughter>. D Well,  tell me,  /",request
"You go ahead first, if you'd like. /",request
"F uh,  back to the topic, /",request
I was worried -- /,statement
"Uh-huh,  /",general
"C because  in order to, F uh,  keep with the E P A standards [ which, + which  ] tend to be visible, F uh,  what's coming out of your smokestack, they do all their emissions at night.  /",statement
"D Well,  if you ever get one, be sure the walls  are good and thick because if they're not you can hear.  /",request
"they're instructed, F uh,  so  that, [ this, + this ] electronic monitor --",statement
C But  what are you doing?  /,question
Is she spayed. /,question
"F Uh  <noise>, what kind of books do you read? /",question
"[ C And,  + F um,  C and  ] another question to ask is if they're, F um,  state certified --",request
Uh-huh.  /,general
"D So,   what is your, F uh,  family, - /",question
"You might want to, - /",request
"[ C And,  + F um,  C and  ] another question to ask is if they're, F um,  state certified --",request
"can you hold <ringing> on just a sec-, -- /",request
"C But,  D you know,  [ I, + I ] see these magazines  where, D you know,  dig [ your, + your ] own deck. /",statement
Everyday? /,question
do you have a V C R? /,question
"Go in the early hours,  /",request
Do you ever want to go over to Israel? /,question
F Um.  /,general
"D Well,  D now  have they moved them behind Wal-Mart? /",question
Thank you.  /,general
"that's what [ they've, + they've ] talked about it. /",statement
"F Uh,  do they have such a thing now as a six man jury? /",question
"C but,  D you know,  who knows what he'll be able to do.  /",question
"-- C and,   F uh,  [ we found that, +   F uh,  we found ] a real good interest rate,  /",statement
"C And  it's very important, I feel, F uh,  that the kids interact with other children also.  /",statement
"pick out where you want to live,  /",request
"C and  think [ what, + what's ] it going to be like for [ [ my, + my youngest, ] + [ an + ] my oldest ] son, when he goes to school.  /",request
"C And  you cook it for another three minutes on high, D you know,",request
"C And,  [ we'll + hopefully we'll ]  get to talk again. /",general
Are they the same there? /,question
F Huh.   /,general
"<Laughter>   Come on,  /",request
"D Well,  who's the running,  /",question
"<Breathing> C And  let them drop to the bottom  D and  maybe do a, a kind of a slow reel.  /",request
"C and  get even with who,  /",question
Uh-huh <noise>. /,general
D Well  what else? /,question
"You ought,",request
Sure.   /,general
"What do you mean, where?  /",question
"Though [ she's not, + F uh,  she doesn't ] have to receive constant medical attention, [ she, + because of arthritis, she's ] just unable to get out of bed.  /",statement
I'm wondering where it's going.  /,statement
"C and  it's sort of like that, - /",statement
Yeah. /,general
"Ooh,  /",general
Yeah. /,general
what part of Dallas are you from? /,question
"C but  I wouldn't want to go teach high school or junior high,  /",statement
"D Well,  I tell you,",statement
Do you watch it much? /,question
Would that be so bad?  /,question
"C Because  too  often the acute hospitals [ will, + are sending ] them out much faster than what they're <noise> --",statement
"I think that [ it, + ] thirty years ago, when, F uh,  I was newly married, family was very, very important. /",statement
"D Well,  I know in North Carolina, we do have capital punishment. /",statement
"D Well,  I can go ahead and start and tell you mine  /",request
Uh-huh. /,general
One time we tried something that really worked  /,statement
You first. /,request
Yeah. /,general
Right <laughter>.  /,general
Uh-huh. /,general
C and  I cut it  and  sewed it  /,statement
How old? /,question
"F Oh,  don't tell me that <laughter>. /",request
"C And  you want to use one of your  good sauce pans that dissipate the heat because [ it, +  it ] ends up burning,  /",request
Uh-huh. /,general
-- C and then  look at the weather we have down here.  /,request
"C and then,  F uh,  don't ask me what the other hair I made, - /",request
What are yours? /,question
"C or  do you, F uh,  have a lot of people come in and have to prepare for them? /",question
"C and  you microwave it on high for seven minutes,  /",request
"D Well,  I was just trying to make an introduction, here <laughter>. /",request
"The drug problem, that's another one. /",statement
C so   I haven't really seen any movies in the movie theater  /,statement
"F Uh,  it's got an office down here [ [ in, +   F uh,  in, ] +  near ] Duncanville  /",statement
"D Well,  F uh,  <throat_clearing> do you,  F uh,  - /",question
"How do people in Texas deal with Dallas, Houston  and San Antonio.  /",question
"F Uh,  D so,  what do you think, F uh,  about putting the elderly in a nursing home? /",question
Yeah.  /,general
C But  you definitely need to go to Hawaii.  /,request
"Uh-huh,  /",general
"listen,  /",request
"Do you like to bake at all,  /",question
"C so,   F um,  [ [ do, +  do, ] +   do ] you think that D like,   F uh,  F um,  for example D like  [ in, +  in ] this past war, in the Persian Gulf war --",question
Even better than JAWS and some of that? /,question
C and then  drain off all the grease  /,request
"C And,  F uh,  course, F uh,  you get in any of those tourist traps --",statement
Right. /,general
C but  since the price of paper has gone down - /,statement
Yeah. /,general
They've always suspected everybody  /,statement
"Do you listen to much live music, like concerts or  things there? /",question
"E Excuse me,  go ahead <laughter>. /",request
"I, I, give me cyanide.  /",request
"What is the prognosis for, F uh,  this year? /",question
"D Well,  what do your cats do  besides sitting and purring and letting you pet them <laughter>. /",question
"[ what, + what ] is their location,  /",question
"D Well,  D see,  what do you do? /",question
D So  what do you think is going to happen this year to the teams? /,question
It doesn't? /,question
"D Well,  [ I, + I ] also firmly believe that no one is  beyond reclamation. /",statement
"[ [ C and,  + C and,  ] + C and  ] [ do we, + do we ] support the Sandinistas [ or, + or ] do we support, F uh,  - /",question
"C or,  D you know,  -/",statement
I see. /,general
"F Uh,  why should we let them set in prison  and work on their college degrees after they've mowed down a class yard full of kids   [ or t-, +  or tried to, ] or [ done   their very, +  D you know,   given their ] best   effort at doing that. /",question
"Yeah,  /",general
Yeah. /,general
"D So,  what do you think about a  year or two of public service? /",question
Can you hang on just a minute? /,request
Uh-huh. /,general
"F Oh,  okay. /",general
Yeah. /,general
"-- C and,  F uh,  we just thought it was absolute heaven. /",statement
"D Well,  yeah,  /",general
Right.  /,general
D Now  have you seen DANCES WITH WOLVES? /,question
"D well,  I, F uh,  D you know,  around with my hands and things like  that - /",statement
a respectable one? /,question
Yeah. /,general
"takes him two minutes,  /",statement
"D well,  [ if, + if ] you're interested  you ought to go to the next auto show.  /",request
"[ What, + what  ] do you think can prevent crime? /",question
F Huh.  /,general
Right. /,general
"F Uh,  uh-huh.  /",general
Yeah. /,general
"[ C so.  + C But,  ]  F uh,  D well  you ought to try that.  /",request
What about your family.  /,question
Yeah. /,general
"[ [ I, + [ that, + that ] I, ] + that I ] will give credit [ to, + to ] [ our, + our ] company for in [ that, + that, ] I think [ there's, + there's ] a couple of levels of tests in terms [ [ of, + of, ] + F uh,  of ] drugs.  /",statement
"C And,  F uh,  you look at their  society  /",request
"D Well,  do not tell that to all my friends. /",request
"What do you think would be required, and so forth? /",question
"go back to that one to ten scale where one,",request
"C Or  [ even, + even ] in, F uh,  like they said, D you know,  lesser, D you know,  trials, D you know,  lesser convictions, do you think that they should be all unanimous still? /",question
T I would pay to move you? /,question
D So  how do you dress? /,question
C and then  throw them in with the rest of your salad sometimes. /,request
"[ Talk, + talk ] your husband into taking you there some night. /",request
Are you  Mormons? /,question
"don't tell me what to do, D you know.  /",request
Yeah. /,general
"D Well,  you can come over to my  house and spend it <laughter>. /",request
yeah. /,general
Is that where he went? /,question
"C And  [ if, + if ] my memory serves me right, I believe a majority of Democrats may even have opposed it,  /",statement
Uh-huh. /,general
I've heard a lot about that one.  /,statement
Right. /,general
C so.    Did you have carpets and stuff? /,question
"D like,  give me some examples. /",request
Okay. /,general
Is it? /,question
Do you do a lot of gardening? /,question
Was it really good? /,question
That was just a waste of our our money. /,statement
"Sledding, that is what you have got to do.  /",request
"Uh-huh,  /",general
C and  I am very selective in what I watch. /,statement
D so  we've got to talk about music. /,request
D so  what were you saying? /,question
You got lucky you didn't ruin the whole engine though. /,statement
"don't tell me what to do, D you know.  /",request
"C Or  do I keep on going, D well,  we'll wait and  see <laughter>. /",question
bye bye. /,general
go ahead. /,request
"Impart me some wisdom, Catherine <laughter>. /",request
((   )) .   Yeah.  /,general
"Sure,  /",general
Uh-huh. /,general
do you wear waders when you fish? /,question
C but  that one just sounded D like  gossipy.  /,statement
C but  then we can back up.  /,request
C but  the rest of the time she's free.  /,statement
Uh-huh. /,general
Have you been that way long? /,question
What did you grow? /,question
Okay. /,general
Yeah. /,general
"C so  if you ever go in a  restaurant, order crawfish,  /",request
<Laughter>  Somebody take care of me. /,request
Do you have one of those straightedge  things to put underneath when you're doing the baseboards? /,question
"[ How would, +",question
"[ [ [ That's, + F uh,",statement
Uh-huh. /,general
"C And  [ you need to look at, when you, + if you do decide to go with child care, you really need [ to, + to ] ] look at what your options are [ and, +  and ] look at [ the, + what they ] offer,  /",request
"-- now you watch,  /",request
"C And  maybe they should be a little more,  F uh,  F uh,  concerned with paying the right people to teach [ and, + and ]  be, F uh,  satisfied with maybe a little older school. /",statement
So do you go to college right now?  /,question
Course it eliminates any waiting period. /,statement
"he's not really into, F uh,   baseball or basketball too much,  /",statement
"<breathing>  <laughter>.  D So,   tell me about your home. /",request
could you hold on?  /,request
C and  you cover it. /,request
C and  --,statement
"Then you, F uh,  pour that in there, D you know,   to make the gravy.   /",request
Yeah. /,general
"Don't ever drink Scotch,  /",request
"[ What do you, + what do you ] catch perch on? /",question
"Yeah,  /",general
C But  thanks for talking to me. /,general
C but  how much is yours?  /,question
"[ Do you, + do you ] deal with taxes much in what you do when you work  /",question
C But  my husband's working over there  /,statement
"Go ahead,  /",request
"Yeah [ it's,  +",statement
Uh-huh.   /,general
"F Oh.   Now [ does, + does ]  the school [ [ in, + in your, ] + in your ]  city, - /",question
"Okay, F um,  do you like to cook? /",question
"D Well,  what are your hobbies? /",question
"C and  most of the people are transients from [ out, + outside ] of the state. /",statement
"C and  [ I'm, + I'm ] speaking about people that are D like  born rich, /",statement
"Go ahead,  /",request
"C but  when I think about, F uh,  this topic D like  capital punishment [ I look at somebody, + E I mean,  I just remember ] when I was in college in a dorm  /",statement
Uh-huh. /,general
"I think there's D like  twenty-six different languages now,  that are spoken in [ I, + the I S D. ] Dallas Innercity School District. /",statement
"D Well,  is that good?  /",question
Right. /,general
"Uh-huh,  /",general
Near Polk? /,question
"It took me about two weeks to realize, that was real lonely. /",statement
"D So,   tell me the last time you went for a boat ride. /",request
"they've had [ a, + a ] number of cases here. /",statement
About the only thing that really bothers me I don't have that many people coming to my door. /,statement
"Try to remember to respect their privacy,  /",request
Did you go  to Baylor by any chance? /,question
did you receive information from your skiing magazine? /,question
Uh-huh. /,general
if you had the choice would you wear a tie or not? /,question
"F Uh,  read any good books lately?  <Laughter>. /",question
"[ C And,  + C and  ] how did your daughter get scholarship money on? /",question
"D Well,  I've enjoyed talking to you. /",general
Uh-huh. /,general
"[ It was, + it was ] a pleasure chatting with you.  /",general
C So  tell me your feelings on recycling.  /,request
[ I've + <throat_clearing> I've  ] been in that area  /,statement
"D Well,  now, do you find that security  is very good [ [ in, +  in a, ] +  in a ] town home? /",question
That's exactly what they needed to do to get their act together. /,statement
"Yeah,  /",general
You mean they could  --,question
D Well  now wait a minute [ the- + there ] /,request
<Laughter>  Yeah.  /,general
"Since I've got cats, I decided to get some catnip. /",statement
"What's his name,  /",question
"Go ahead, you first. /",request
"If your brother or your sister were being beaten,",question
Uh-huh. /,general
now you can tell me what you do. /,request
"D well,  I'll let you go.  /",request
I read about that <laughter>. /,statement
How about you?  /,question
"C and  put them  all in a place,  /",request
"you mean [ security, + job security? ] /",question
it is tough.  /,statement
Yeah. /,general
C But  you know  who I mean? /,question
"F Uh,  go ahead,  /",request
Right. /,general
put it on your shoe now.  /,request
Huh-uh. /,general
"Yeah,  /",general
"C and  it's D like  in the billions of dollars every year.    F Um,   /",statement
Do you like the law shows  /,question
"can you hold <ringing> on just a sec-, -- /",request
Uh-huh. /,general
"[ You, + you ] call that number  /",request
Go ahead. /,request
Yeah.  /,general
F Huh.  /,general
"Of course,  (( T-NEWS ))  is more or less headlines, /",statement
What's yours?  /,question
Go right to personnel.  /,request
"C and   also, F uh,  they do some of that in Wichita, Kansas. /",statement
C So  they're really nice  /,statement
<Laughter> Yeah.  /,general
"D Well,  [ they have one in, + F uh,  they have an ] Argentinean place down in Georgetown.  /",statement
make sure the kid goes to a school where they get sort of a general education  /,statement
"[ Do you, + do you ] have children? /",question
C And  I think that's the reason it's so high everywhere. /,statement
"C and then  you realize, you've got a couple of thousand dollars built up someplace else. /",statement
"[  I, + ] F uh,  recently was over a  friends house that's Indian  /",statement
"F Uh,  tell me where that is, F uh,  /",request
Where is that? /,question
Yeah.  /,general
let's cut off. /,request
"C But,  F uh,  F uh,  thank God  for small favors, the, F uh,  F uh,  - /",request
"look at the news tonight,  /",request
"<Sniffing> Do you think that the quality, F um  --",question
Were they religious? /,question
"You go right ahead because I,",request
I see.  /,general
Now if you  use the dried kind?,request
Uh-huh.  /,general
Right. /,general
Uh-huh. /,general
"excuse me just a minute,",request
"D Well,  who wants to clean their junk before they throw it away <laughter>. /",question
"F Um,  okay. /",general
C so  you should think about doing something like  that. /,request
okay.  /,general
"it's going back towards, D you know,  - /",statement
<Laughter>  Don't you like cats? /,question
"I'm not sure executing them, F uh,  does anymore than keeping them in jail,  /",statement
Yeah. /,general
"D Like  if you're on a prescription drug of some kind, D you know,   what are they going to do about that <laughter>. /",question
"Yeah,  /",general
Have a vacation in Iraq for a year <laughter>. /,request
"D Well  [ you can, +  you can ] tell me a little bit  more about it because I don't think we did that in Utah. /",request
I guess I enjoy sports a lot  /,statement
"Sure,  /",general
C And  you're in what city? /,question
Was that in high school -- /,question
"[ yo-, + you ] comment on it,  /",request
"-- [ was, + was  ] it five,  /",question
"F Uh,  watch out. /",request
"D Well,  you haven't told me, F uh,  what sports that you are active in. /",request
you want to tell me first how you feel about --,request
Guess.   /,request
Uh-huh.  /,general
C so   why spend your time getting qualified. /,question
"(( Sound ))  like us,  /",statement
You need metal instead of plastic. /,request
"Eight to four tells me that there were eight,  /",statement
Hang on a minute. /,request
"D Well,  [ go in, + don't go in ] the winter. /",request
"F Oh,  is that where you are now? /",question
C and  recently he changed the steering mechanism in  (( the ))  car.  /,statement
Sure. /,general
It was something easily forgotten.  /,statement
"[ Have you, + have you, ] F uh,  [ done, + F um,  done ]  a lot of tree surgeon work on your trees or not? /",question
"F Oh,  C and  [ this, + this ] is more of a  play or something [ that, + that ] it was from, [ that, + that ] I saw  /",statement
"I have one at, F uh,  - /",statement
C And  what is T I? /,question
Do you ski? /,question
Uh-huh.  /,general
"C So,  F uh,  how would you improve upon that? /",question
"[ What sort of, + F uh,  F uh,  what other ]  programs other than say running? - /",question
Okay.  /,general
You work at T I? /,question
Yeah. /,general
How do you feel about the whole ordeal? /,question
"you ought to rent the,  F uh,  F X part one.  /",request
"Yeah,  /",general
"<inhaling> C And,  F uh,  how about you <throat_clearing>? /",question
"Little rock stars, put all them in there. /",request
"Thanks,  /",general
Yeah.  /,general
"F uh,  are you going to, F uh,  put your son in child care in [ a, + a ] year or  two? /",question
"<Laughter> C And  D you know  [ the, + they   have the ] no shorts deal,  /",statement
"C And  the only other avenue that I can  think of is, F uh,  looking at where they're spending the money and not so much as saying, D well,  we're spending too much in that area as perhaps looking at what is costing them the money.  /",statement
C and  you cover it. /,request
"Prior to that I was told that she was dead,  /",statement
Right. /,general
"How do you feel, though, about, - /",question
Uh-huh.  /,general
"D no,  you tell me how you feel about, -/",request
"D Well,  F uh,  [ do you, + F uh,  do you ]  ever use the A T M machines? /",question
<Laughter> Uh-huh. /,general
"[ You heard of, +",question
"D Like,  for instance, say, F uh,  - /",request
Yeah. /,general
What do you have there? /,question
"C So,  you will have to do that once.  /",request
Yeah. /,general
"Africa,  /",statement
C and  I did a lot of latch hook --,statement
C and then  drain off all the grease  /,request
You don't sound like a nonexempt. /,statement
Right. /,general
"F Oh,  really. /",general
"C So,  F uh,  what else do they do in the Dallas area? /",question
C and  you put it in. /,request
"D Well,  F uh,  maybe they should, - /",statement
Wasn't it a murder mystery? /,question
don't get me to lying. /,request
Uh-huh. /,general
D Now  these aren't huge lakes from your point of view -- /,statement
"Take, for instance, F um,  a large  construction company I used to work for.  Ed Swampers.  /",request
are they going  to tell us to stop or what <laughter>? /,question
Yeah. /,general
F Uh.  /,general
"Everyone on the boat was catching [ snapper, + snappers ] except guess who. /",statement
-- you don't have to wait for them to [ say -- +,request
Oh. /,general
Yeah  /,general
Oh. /,general
"E I mean,  what can we do, /",question
<Laughter>  Is that on tape? /,question
Wake up. /,request
C so  that's what would happen. /,statement
yeah. /,general
you too. /,general
"C so  it was real nice to have  [ the, + the ] teams that were there. /",statement
Yeah. /,general
"-- I think we're [ getting, + becoming ] more conscious because we just can't stick everything in landfills any more.  /",statement
C and  because we were  ((   ))  increasingly complex society that --,statement
"C And  you stop by one of these, D you know,  twenty-four hour, D you know,  gas stations joints. /",statement
"[ We don't have, +",statement
"Yeah,  /",general
"D Well,  [ how, +  how ] do you use your credit card?  /",question
tell me what you think.  /,request
Just sun exposure? /,question
"F uh,  we were coming in  /",statement
"E I mean  did you find that people appreciated having the privilege of being, -/",question
"[ Do, +",question
C and  you'd get our money back  /,statement
You look at Frito Lay.  /,request
you need to try em  /,request
Uh-huh. /,general
"And how is it really transmitted,",question
she was from El Salvador -- /,statement
Right.   /,general
Uh-huh. /,general
"F Uh,  what kind of house do you live in? /",question
"F Oh,  is that right?   /",question
"[ [ I, +  I, ] +  I ] think, F uh,    law would be [ a fine field, +  a fine profession, ] fine field to go into.  /",statement
"[ Y-, +",request
"F Oh,  D well,",request
"do [ you, + you ] think San Antonio is more comfortable than Dallas. /",question
Am I pretty Texan? /,question
"make them do civic duty whatever, /",request
"D Well,  F uh,  I'll let you start, I guess <sniffing>. /",request
"getting them there [ and then, + and  ] going to work, and then picking them up and,",statement
How did you ever get into that?  /,question
"C but  D yeah,   next time you go, F uh,  D you know,  check into it,  /",request
Uh-huh. /,general
Right. /,general
Okay. /,general
"D So,  F uh,  describe your family budget. /",request
Right.  /,general
D You know  --,question
I'm equally proud of her when I see her in church as I am when I see her performing.  /,statement
Uh-huh. /,general
Yeah. /,general
"D Well,  what type of restaurant do you like, Richard? /",question
"Yeah,  /",general
Yeah. /,general
I don't think they have that on anymore. /,statement
Yeah. /,general
Uh-huh. /,general
do you want to start out? /,request
"[ Don't assume, +  always assume ] it's loaded.  /",statement
Do you have children? /,question
C And  you put a little bit of that over it.  /,request
I lived in Germany  /,statement
Because I work some weird hours and do some traveling. /,statement
Could you have snow? /,question
"C So  why don't you explain to me some good tips about what you've done,  which you've found useful and workable. /",request
Right <laughter>. /,general
C and  --,question
"C or  maybe offer them,  D you know,  some sort of an incentive to do it.",statement
C And then  you serve it with melted butter.  /,request
Yeah. /,general
"[ If you were, + if you were ] closer [ [ I'd, + I'd, ] + I'd ] tell you you could come over and supervise <laughter>. /",request
now you can tell me what you do. /,request
"Excuse me, Jim,  /",request
Excuse me <noise> <<muffled sound as if hand over the phone>>.  /,request
Course your value of homes  up there are pretty good.  /,statement
"F Oh,  he does? /",question
At Williams or Pennsylvania?  /,question
"F uh,  back to the topic, /",request
I don't know that much about it either.  /,statement
Have you ever read anything by Susan Howatch? /,question
Uh-huh. /,general
"D Well,  you'll just have to plan a vacation some time --",request
Yeah. /,general
"-- put it to sleep, D you know.   /",request
"What was, -/",question
Tell me about your home. /,request
"F Uh,  now did you hear about [ the, + the ] control that they have up in Virginia? /",question
"D Well,  F uh,  sort of mixed feelings about it, I guess, F uh,  F uh,   /",statement
are you from  Texas  /,question
"C And  [ you need to look at, when you, + if you do decide to go with child care, you really need [ to, + to ] ] look at what your options are [ and, +  and ] look at [ the, + what they ] offer,  /",request
Tell me how yours works. /,request
Ask them about it.  /,request
"F Oh,  D well  D see,  I [ am, + am ] just in the Publisher's Clearing House and the READER'S DIGEST, because we don't, F uh, - /",statement
C so  let's make it a good one. /,request
"Yeah,  /",general
"Put some [ fresh, +  little fresh ]  shrimp  /",request
-- C and  it works out real well that way.  /,statement
Why bother working? /,question
"Yeah,  /",general
"C and  D you know  they're not making them like that now, [ d-, d-, + ] D you know,  /",statement
"Yeah,  /",general
"[ Ta-, + ]  you too. /",general
Really? /,question
tell me what you think about the Vietnam war. /,request
You think so <laughter>? /,question
"what I thought was nice is [ you could al-, +  there was always ] time to talk to professor, D you know,   /",statement
"F Um,  there's a place to look into, F um,  F um,   /",request
Oh. /,general
All right. /,general
"F Uh,  are you, F um,  - /",question
"Yeah,  /",general
"The inside where they're normally attached to,",statement
"Yeah,  /",general
"[ Is it, + E I mean,  does it, ] - /",question
C And  you make sure that you keep up with them for the next time. /,request
"there are shows, - /",statement
I mean that  family is making over a hundred grand.  /,statement
"[ my, + my ] little girl was three and a half in March  /",statement
"<Laughter> then you got to get him to, - /",request
"F Uh,  one of the things I did not like was [ [ the weapons, + the weapons, ] + E I can't even say it,  the weaponry ] [ th-, + ] systems that they used. /",statement
C And  you put a little bit of that over it.  /,request
"I think that, F um,  in general the whole immigration policy isn't quite as open as it should be.  /",statement
"F Uh,  don't watch much T V,  /",statement
Yeah.   /,general
What do you like to cook? /,question
You think the C I A doesn't spy?  /,question
"D Well  [ if you,  + if you ] can get GREEN CARD, go for it. /",request
"F Oh,  okay. /",general
"I'm really excited about it, /",statement
"F Um,  what did you do when you did exercise regularly? /",question
Yeah.  /,general
"let's example, F uh,  - /",request
"C but,  F uh,  put all the glass in one place, and plastics, like  milk jugs, F uh,  orange juice jugs, things like that. /",request
"We're just having [ this, +  all this ] rain,  /",statement
Uh-huh. /,general
Is that what you're saying? /,question
do you know what he's doing? /,question
"Do you find yourself, F um,  with all the, F um,  cholesterol [ and, + and ] high fiber changing the way [ that you  fi-, + that you entertain?  ] /",question
Do you have that where you live  /,question
"Yeah,  /",general
"D You know,  why not <laughter>. /",question
"go ahead,  /",request
"C but  they're  all,",statement
D well  it's been nice talking with you. /,general
Yeah.  /,general
Yeah.  /,general
"C And,  F uh,  if you could  stick to that, D you know,  we'd get rid of a lot of indigestion <beep> and --",statement
Yeah.  /,general
Uh-huh. /,general
Uh-huh. /,general
"You need to put that on there, seriously. /",request
"C and  I think she even gives mom and dad a little bit, D you know,  of rent money. /",statement
Uh-huh. /,general
Take care now. /,general
"C so,   D yeah,   do it as long you can <sniffing>. /",request
"[ D Well,  + D well,  ] Pat, did you vote in the last election? /",question
Is it?  /,question
"F Uh,  what is the, F uh,  - /",question
"[ A, + a ] contractor friend helped me, F uh,  with some of the, F uh,  foundation work  /",statement
Make sure you smack him around then <laughter>. /,request
"D Well,  we have those.  /",statement
Oh. /,general
Yeah.  /,general
I don't think it's done.  /,statement
C so   we'll have to talk about the future --,request
"D Well,  D you know,  let's face it,  /",request
Uh-huh. /,general
C so  you should take my word  /,request
what about you? /,question
Do you do it at home or a club  /,question
"Uh, go ahead.  /",request
C And  drain it real good. /,request
Okay.  /,general
Did they die or what? /,question
"F Um,  is there anything, -/",question
"C and  she'd gotten all new underwear,  /",statement
Yeah.  /,general
Do you live in Plano? /,question
What was I thinking.  /,statement
Yeah. /,general
How long do you work for T I? /,question
what kind of crafts and hobbies do you have? /,question
C And  drain it real good. /,request
C And  they don't have to worry about yard upkeep if they don't hardly have any. /,statement
"F Oh,  okay,  /",general
Which is too bad.  /,statement
"C so,   F uh,  they don't even bother turning out to vote to express their, F uh,  opinions.  /",statement
"Yeah, /",general
Right.  /,general
What channel is it on? /,question
"Do they always have <laughter> [ the, + the ] one person in the family who [ knows, or + everyone thinks they know ] how to make this the best,",question
Isn't that fun? /,question
"What else, did you, - /",question
"What, F uh,  go ahead and tell me about your home <laughter>. /",request
"C And   D see,  my grandmother is the one that  use to plan this stuff basically. /",statement
C so  I --,statement
"C And,  F uh,  D well,  tell your dad that now he owes you five bucks. /",request
"-- C and,  D you know,  she spent nine months out of  the year just visiting her children. /",statement
"D Well,  [ does your r-, + does your job require ] you to drive company equipment or to [ ap-, +  operate ] any type of machinery that might --",question
"Yeah,  /",general
"D Well,  that's what they're saying the whole problem, D you know,  with, if we were to demilitarize Europe,  /",statement
"you've got to see it.    Especially since you have a German,  /",request
Yeah. /,general
"F Uh,  do you have a pet Randy? /",question
Bye-bye. /,general
"C but,  they keep saying it's just wonderful, F uh,   /",statement
"-- C and  [ a, + a ] lot of them are going to their own insurance now.  /",statement
Yeah. /,general
C So  we need to see them soon. /,statement
"D Well,  what are some of [ your, + your ] favorite inexpensive places? /",question
Yeah.   /,general
"E I mean  I still do kind of enjoy it,  /",statement
explain it.  /,request
Is it pretty --,question
Yeah. /,general
Yeah. /,general
"C and  put them  all in a place,  /",request
"F Oh,  do you have a certain station you like to watch when you watch it  /",question
"That's why we couldn't understand why he would want to get out <laughter>,",statement
I think it might be good for them. /,statement
you go ahead. /,request
"I don't have a great deal of time to spend with the kids,  /",statement
C But  then heat them thoroughly in the sauce itself  /,request
Right. /,general
it's a lot of work --,statement
"C And  [ you need to look at, when you, + if you do decide to go with child care, you really need [ to, + to ] ] look at what your options are [ and, +  and ] look at [ the, + what they ] offer,  /",request
"E I mean,  [ [ I don't, + D you know,  I don't, ] + I know my wife, ] F uh,  - /",statement
"D well  I think it's a waste of paper, the people that always leave, F uh,  junk mail [ C and,  + because, ] F um,  you just end up throwing it away most of the time.  /",statement
"Yeah,  /",general
I would suggest seeing it at the theater.  /,request
"F Uh,  it's a pretty big expense nowadays.  /",statement
"F Um,  can you, F uh,  hang on again hon-, /",request
Right. /,general
"C and  <laughter>,",statement
"Scott, let's, F uh,  talk about advice that we  can offer a parent where the child is going to go to a university -- /",request
"C and  I don't think it's a very violent show,  /",statement
Go ahead. /,request
Every day? /,question
"do you have a favorite subject to read, whether it be science fiction [ or, + or ] history  /",question
Do you have smog like they do in California? /,question
Think about what you can buy for sixty dollars. /,request
Uh-huh. /,general
how do you decide what number of people have to say that. -/,question
C and then  you pour two bottles of beer over it. /,request
"Have you ever been to, F uh,   what is it, Original Book Binders in Philadelphia? /",question
C so  let's make it a good one. /,request
Yeah. /,general
Go ahead. /,request
Is it  ((   )) ? -/,question
<<Very faint>> Uh-huh. /,general
"C and,  D you know  --",statement
"F Oh,  okay,  /",general
Yeah. /,general
"C And  you only cook it until the mixture begins to boil,",request
"D So,  are you really from Texas though? /",question
Uh-huh. /,general
"C And then  there's [ a, + a ] much more, F uh,  F uh,  refined test, F uh,  F uh,  spectrography or whatever it's called.   The [ chemo-,  -- +",statement
Should I go rent it tomorrow <laughter>. /,question
"D You know,  it's across the way,  /",statement
"Yeah,  /",general
Around Christmas time? /,question
look at the Cowboys now </noise>.  /,request
"F Uh,  go ahead,  /",request
-- you don't have to wait for them to [ say -- +,request
"F Uh,   go ahead.  /",request
Uh-huh. /,general
Uh-huh. /,general
C and then  I forget to bring them in the store. /,statement
"F Uh,  is there someone, - /",question
The other one you need to go see is SLEEPING WITH THE ENEMY. /,request
Uh-huh. /,general
"All right,  /",general
go ahead. /,request
Right.  /,general
"How are [ your, + F uh,  your  ] lakes,  /",question
Uh-huh. /,general
Whose was that? /,question
"C And  the school years are wonderful,  /",statement
"I, I, give me cyanide.  /",request
You walk upstairs  /,statement
Yeah <laughter> /,general
Uh-huh. /,general
"the management doesn't ever seem to want to take an, cut off, D you know,  that no,  /",statement
C And  D you know  it's just pure and pristine.,statement
"she came back that, F uh,  - /",statement
"C and,   F uh,   you ought to get it.  /",request
"I believe that's true,  /",statement
C And then  when,request
"C So,   F uh,  does your husband ever use, F uh,  a laptop or a notebook?  /",question
"F Oh,  yeah. /",general
go out and buy one now  /,request
<Laughter> Okay. /,general
"C and  it's lovely,  /",statement
"Don't answer your phone, Hello.  /",request
"C And,   F uh,  if you have that on a regular basis in Texas, I think I would go with something very dry <laughter> to keep it off, D you know.  /",request
how many cups equal that? /,question
"D Now  [ if you just lose, + if you just skip ] one election? /",question
Yeah. /,general
"they don't care about the environmental impact,",statement
"C but,   F uh,",statement
go ahead. /,request
"Uh-huh,  /",general
"F Uh,  I don't know what y'all are paying in Dallas,  /",question
"maybe this is a fantasy we can to talk about any kind of car,",request
"C but,",question
Uh-huh. /,general
Sure. /,general
F Um.  /,general
"C And,  F uh,  if I couldn't have my luxury Maxima --",statement
"Use about half the sugar,  /",request
"<Laughter> Is that the reason you're not doing it,  /",question
Refresh my memory. /,request
"C But  other than that, F uh,  [ I, + I  ] guess over the years tried to avoid the national credit card syndrome,",statement
C so  we'll just wait. /,request
Yeah. /,general
Uh-huh. /,general
"is it Boston in, F uh,  first place? /",question
Have you ever heard of Leading Edge? /,question
"C But  [ if you, + if you ] were to look at the front page of today's [ MORNING NEWS -- +",question
C and  that was the envelope system.,statement
Uh-huh. /,general
Could you hold on for just a moment? /,request
I think Tennessee has been the furthest east I've been. /,statement
"Do they have options on [ who  they, + ] F uh,   D you know,  like choices of doctors and that type of thing?  /",question
"F Oh,  okay.  /",general
It drives me crazy <laughter>. /,statement
C But  they were real good about replacing it.  /,statement
D well  what movies do you like? /,question
"D So  she would just substitute once or twice a week, D you know,  just for that little extra money when we were in school.  /",statement
"C and  they go fishing, up there. /",statement
D Well  --,statement
D So  tell me about CHINA CRY. /,request
"D Well,  if you're insane enough that you can  go cut twelve people up into little bitty pieces and bury them in your back yard,",question
"C So  I think if I had a big home and a big lawn [ I'd, + I ] don't believe I would enjoy it.  /",statement
You first. /,request
How's his karate? /,question
Have you seen that? /,question
"In terms of the privacy, yeah,  /",statement
C and  they usually adapt pretty well. /,statement
C But  it's just kind of like get on the  telephone  /,request
"-- C and so  everybody was a Twins fan,  /",statement
Maybe we ought to just start carving in stone again. /,request
Uh-huh. /,general
Go ahead. /,request
"D Well,  you should, F uh,  run for a school board position. /",request
"Are you newly married,  /",question
do you own your house? /,question
"suppose [ I'm, + I ] go to war  /",statement
Do they like it where they have tents  /,question
"D like,   especially lately there's been so many babies, <laughter> [ that, + ] F uh,  bibs and blankets, and things like that.  Wall hangings, F um,  /",statement
"You know how that is,  /",question
C and  --,statement
"[  What, + F uh,  what ] kind of camping do they like best?  /",question
"C and  this government controls everything, right -- /",statement
"Yes,  /",general
-- C but.    Do you own a gun? /,question
Right. /,general
"go ahead, - /",request
A friend of mine had a big family reunion a couple of years ago  /,statement
"F Oh  D well,  that's about all  ((   )) . /",general
Uh-huh. /,general
Yeah. /,general
go ahead. /,request
"Yeah, /",general
hold on. /,request
"C and,  F uh,  everything is covered -- /",statement
Uh-huh. /,general
"Yeah, /",general
Go ahead. /,request
"D Well,  [ [ [ are you ever, + are you, ] + [ b-, + ] are you, ] + are you ] married <laughter>? /",question
"C And  you pour the beer over the top of it,  /",request
Uh-huh. /,general
who knows. /,question
especially when they're young when they bring them in -- -/,statement
Yeah. /,general
C But  you need to rent the first one first. /,request
"[ I, + it's ] hard to say.  /",statement
tell me about the car that you've got. /,request
"wait,  /",request
Uh-huh. /,general
"The first issue doesn't come out until next year,  /",statement
"C or  why do they not, D you know,  stand up, so to speak, for their rights? /",question
"D Well,  do you think it's, should be illegal for an employer to do this  /",question
"Excuse me, Jim,  /",request
Oh. /,general
"[ I, +  I've ]  been camping a couple times  /",statement
do you feel like  you live in an isolated area  /,question
"[ C and,  + C but  ]  he said [ is, + ] that they didn't tell him anything that he didn't know,  /",statement
Right. /,general
"Yeah,  /",general
Yeah. /,general
She needs to be --,statement
go ahead. /,request
where are you from? /,question
"C and,  F uh,  [ I'd, + I'd  ] really like to have a car that's dependable --",statement
"D You know,   I read one about Bob Hope that I liked. /",statement
I see.  /,general
Uh-huh.  /,general
Uh-huh. /,general
"Okay,  /",general
"[ C A-,  + C and  ]  [ you knew how, + you knew how ] to do the framing? /",question
"F Uh,  how high is the highest elevation? /",question
"Sledding, that is what you have got to do.  /",request
Yeah. /,general
-- you don't have to wait for them to [ say -- +,request
Do you have a particular local channel that you watch? /,question
"C So,   F uh,  I learned to repair one  /",statement
"D Well,  do you have any, F uh,  television programs that you watch regularly? /",question
Go ahead. /,request
"[ Send, + send  ] them to Wisconsin, /",request
"Right, /",general
let's talk about schooling. /,request
"F Oh,  you've got to see that one,  /",request
Absolutely pathetic. /,statement
uh-huh. /,general
"you might put [ some, + D like  some  ] yellow catfish in there.  /",request
Now if you  use the dried kind?,request
"-- C so,  yeah. /",general
"D Well   you must have [ a, + ] just one hero ace professional job to support something like that. /",statement
Go right ahead. /,request
do  /,request
look what we've done here at T I. /,request
"F Oh,  don't be concerned.  /",request
Uh-huh.  /,general
Uh-huh. /,general
Ask them about it.  /,request
-- C and then  look at the weather we have down here.  /,request
"C but,  have you seen the movie? /",question
"[ I never, + it was never ] my own car -- /",statement
Yeah. /,general
Uh-huh. /,general
"D Well,  part of the problem with recycling them in the past has been the covers are made with a clay based paper. /",statement
Do they? /,question
What are the issues?  /,question
How much time do you spend with your children? /,question
"C and  we've made that into a den because we only have one child,  /",statement
"Do you think that what they say that they are interested in is, at eighteen is going to be what they are [ ultimately -- +",question
"Okay,  /",general
You know what I'm saying? /,question
Do you? /,question
"<Laughter>  I have trouble buying a twenty thousand  dollar car still,  /",statement
"-- C and,   F uh,  we got back Monday <squeak>  /",statement
"[ C But,  + F uh,  C so  ] who do you thinks going to win the playoffs? /",question
"[  We, + we, ] each got to write little books.  /",statement
Is that right? /,question
"F Uh,  do you consider yard work a hobby  at all  /",question
Uh-huh. /,general
Uh-huh. /,general
"C and  it was built in Buffalo, New York.  /",statement
"Yeah,  /",general
What? /,question
Let them people go. /,request
He does? /,question
"C and  every, -/",statement
"[ Has he had, + has he had ] very many other movies out? /",question
"Handling, power, everything.  /",statement
"Yeah,  /",general
D Well  I'd say tackle one project first and see how it goes  /,request
C or  should we have just stayed out of it? /,question
Uh-huh. /,general
"you want to go ahead and tell me your favorite team, or  who you think will be doing well this year. /",request
"C So,   F uh,  what was the last car repair you had? /",question
"Now, you can C either  use, D you know,  the kind  that comes in the little can  /",request
"We bought [ a, +  a ] large house that was completely unlandscaped.  /",statement
What year? /,question
Wake up. /,request
"C and,   F um,",statement
"[ D so,  +",question
Uh-huh. /,general
Do they have children? /,question
The Soviet  space  exhibit?  /,question
Yeah.  /,general
Isn't that true.  /,question
"F Oh,  don't tell me that <laughter>. /",request
Oh. /,general
Uh-huh. /,general
"-- C and  they usually, F uh,  show  a lot of things that really teach them different things about the world.  /",statement
"Do you put all the uh-huhs in here on everything, too. /",question
"F Uh,  uh-huh. /",general
Uh-huh. /,general
"F Um,  can you, F uh,  hang on again hon-, /",request
"C so  this last year he changed it, of course,  /",statement
"F Um,  I have, F uh,  - /",statement
Right.  /,general
I think that's --,statement
Why?  /,question
"C and  I'm not an advocate for that particular <laughter> segment of society,  /",statement
"[ I don't, + I think ]  that's stupidity on parents' part.  /",statement
"F Oh,  okay  /",general
C So  you're doing that now?  /,question
"[ Port-, + is that  Portland? ]  /",question
"F Uh,  who is your, [ whose your + ] favorite religious author? /",question
What are your favorite places? /,question
"F Oh,  okay,  /",general
"F Oh,  okay. /",general
C so  you should think about doing something like  that. /,request
"C and,   F um,  they said that [ [ they, +   they have, ] +  you have ] quite the problem with, F uh,  the ghettos,  /",statement
Isn't it less? /,question
Is she of Alzheimer's or something like that? /,question
"Did you replace just the, F uh,   bendix on the Chrysler station wagon or the whole starter? /",question
"C And,  F uh,  where are you from? /",question
"<Clicking> D So,  what is your opinion [ on, + on ] drug testing? /",question
"D Well,  what movies have you seen recently, Valerie? /",question
C and  most of the time it is. /,statement
"D So,   tell me the last time you went for a boat ride. /",request
"C But  isn't it part of our income,  /",question
C but  go ahead. /,request
it is a mental thing.  /,statement
"D Well,  listen,  /",request
Yeah. /,general
"D now  in criminal I guess you always have a jury,  /",statement
"Yeah,  /",general
C or  would that be more fair or less fair.  /,question
"F Uh,  do you want to go ahead and start? /",request
What about you?   <Laughter>.  /,question
"Uh-huh,  /",general
"C But  look who she was running against,  D you know  <laughter>. /",request
"D well,  tell me what's in your garden this year, since I don't have one. /",request
"[ [ It, + unfortunately, it's  a, ] + C and  it's a ] business or an occupation that the results are not as tangible --",statement
Uh-huh. /,general
What was your name again? /,question
Yeah. /,general
"I think you would be more willing to either help that person or help it get accomplished, D you know.  /",statement
C And  keep your mind on positive things  /,request
"F Uh,  were you calling from Texas? /",general
How big do they get? /,question
"[ we've, + we've ] got [ mayb-, +  maybe ] eight to eight inches to a foot of soil, /",statement
"[ [ what do you think that, +  what do you think, ] +  tell me what you think ] about this. /",request
"F Uh,   go ahead.  /",request
Do you ever listen to the radio  /,question
Uh-huh. /,general
"if you were deciding, do you think that they would have been different. /",question
"You might want to, - /",request
"<Rustling> D Well,  [ w-, + do ] you think people should have a trial is they're caught dead to rights like, -/",question
"-- C and  it shows the town,  /",statement
Why?  /,question
"F Uh,  F uh,  let's see.  D Well,  name some people that are country that I should listen to <<pause>>.  /",request
let's say your spouse is on a particular drug  /,request
"Um, so what do you think?   /",question
go ahead.   -/,request
"-- now you watch,  /",request
Are you ready? /,question
"wait,  /",request
Uh-huh. /,general
"C and  see if it, F uh,  -/",request
How about yourself? /,question
Uh-huh. /,general
Uh-huh.  /,general
"<Laughter> D Well,  put them in a salad, though,  /",request
"E I mean  [ a lot of, + a lot of ] people as kids or,  D you know,  young people get into some things that they get out of later on  /",statement
"F Um,  C but  I've always thought it would be neat to go on a safari over there. /",statement
do you know it costs more to keep an inmate on death row than it does to send a kid to Harvard? /,question
"she had some kind of fender thing going over the back tire, I think. /",statement
"Yeah,  /",general
"Yeah,  /",general
You have no control over your social security.  /,statement
"[ That's, +  that's ] hard-core. /",statement
"C and  you have to make sure [ that you, + F um,  that you ] apply pretty early, because [ they do have, + a lot of places have ] very long waiting lists. /",request
Why don't you start? /,request
"I didn't want to go camping with diapers, D you know.  /",statement
C and  their kids played with my kids  /,statement
"[ Have you, + have you ] been active [ in, + in ] politics [ trying to, + ] concerning this?  /",question
C and  she was wonderful  /,statement
C and  if you discover you like it then you can always upscale. /,request
"Do you consider these serious, F uh,  problems? /",question
"[ Send, + send  ] them to Wisconsin, /",request
What are some of  the other questions.  /,question
Yeah. /,general
Yeah. /,general
"C and  even, D you know,  [ people [ are, + seem to, ] + a lot of people seem to ] <breathing> be engaged for a long time before they get married --",statement
Have you heard of them? /,question
Uh-huh. /,general
Right. /,general
"that's probably like people that do that [ are, + are ] the people that are going to go into social work and  stuff  /",statement
"D Well,  how do you feel about women in, F uh,  armed services? /",question
"I come up there I'll have to stop by and [ have, + ] try some of your baking. /",request
"C but  I'm sure, - /",statement
"[ We-, +  I ] didn't mean that in a totally negative sense. /",statement
What do I do? /,question
"I would just encourage you to do a little traveling, though, before you get married.  /",request
"D Well,  you look at places like Turkey.  /",request
"You go ahead first, if you'd like. /",request
"All right,  /",general
Uh-huh. /,general
D Well  I've got two. /,statement
"D Well,  D you know,  F uh,  what do you do as far as, - /",question
"F Oh,  okay. /",general
Wake up. /,request
"C And,  F uh,  [ even if they're, + even if they're ]  discouraged, tell them that that's just a passing moment --",request
<Throat_clearing>  Yeah. /,general
Right.  /,general
"I've never been, - /",statement
One of the things you wonder is what that's going to do to us. /,question
