text,label
d well it s nice to utter to you,general
f oh d well d well encourage her to try other things,request
i ve enjoy it laughter,general
c so you just flip through there until you find a smack eighty eighty eight computer breathing,statement
f oh d well laughter yeah,general
it s like your name must be on a list or something because i know at my office i get calls e i mean i must get at least i probably average at least a call a day,statement
how many,question
you receive got to motor careful,request
i ve mystify another line calling,general
f um does does he ever f uh refinish furniture or anything like that,question
exempt or,question
f oh laughter okay,general
very faint okay,general
i m from maryland noise,general
c but what about f um their reputation of the company or the price,question
f um then then merely laugh,request
good luck in everything,general
you pauperization metal instead of plastic,request
d well f uh yea,general
blow and f uh good bye,general
i really wanted a stepper,statement
d well good luck with the the new kid,general
insurance cases and things like that,statement
so which to me is wonderful because it means that people who never would get to see this f um so get to see it,statement
this is lois,general
you d have to say that,statement
respiration nobelium,general
f oh wha what else can i tell you about painting,question
c so f uh c and if you don t have the money then use a credit card,request
c so what s it going to cost us in the long run there in saudi,question
it s just that if you re ever ever really want to just be scared out of your wits,statement
just get it out viosterol you bonk,request
that would be good because we have two trash pick ups a week,statement
c and we just kind of go and hang out and just do fun stuff,statement
i don t know how americans are about handguns,statement
c so f uh how long have you been biking,question
d good tell me what s in your garden this year since i don t cause one,request
just just the aluminum pop cans,statement
mix up a minuscule f uh mayonnaise with some dijon mustard,request
d well i i need to go ahead and and enclose it up,general
f uh have you ever had a retriever before,question
i haven t watched f um,statement
d swell go ahead,request
and i still enjoy the marching band,statement
farming,question
laughter you know what i am saying,question
clicking music d well kathleen do you believe that there is a problem with our public school system,question
c and one of the f uh,statement
see astatine the news tonight,request
good luck to you,general
c and what do they say about finding adequate child care,question
they don t have oil or anything,statement
c and then you accept tenner percent of it,request
d well c but in general i think it s a good idea because,statement
d well if you took half the money that they would spend in the state of texas for health insurance and gave it to qualified students to so they could become doctors the problem would go away,statement
okay d well thanks,general
middlekauff wouldn t,question
d well it was a combination of things,statement
c and her daughter came and visited her,statement
f um d you know there s real no no real dress code where i work,statement
what doh you cerebrate that what doh you cerebrate tell me what you cerebrate about this,request
let s see what else do you do to your house,question
d well thank you very practically,general
have you ever served as a juror,question
i kind of know what you mean,statement
yea mouth,general
e i beggarly you look you look at the list of marriages that are occurring right ou e i beggarly even in high school,request
c but what are you supposed to do with them,question
d well it s nice talking with you,general
c and now c and i worked in the school system,statement
f um tattle,general
publish initiative,request
c and i don t want them to f uh to cut funding for welfare programs or anything,statement
laughter wouldn t that be something,question
do you have a lot of kosher foods there at your house,question
we ve been talking for five minutes,general
yo you comment along it,request
c so they have the big story,statement
f um f um uh huh,general
did you ever have her in child care,question
uh huh,general
what do i do with it,question
turn onwards,request
what is your most recent,question
why preceptor mt you go first,request
c and fluorine uh you put that in,request
c so we always he watches that,statement
yes very feeble,general
stick along the issue,request
c and i m in garland laughter,general
is she ol your oldest grandd child,question
c but five million dollars and away he goes because insurance pays for it d you know,statement
c and c and d you know c and it creeps up on you,statement
it it s probably very much a woman s mo f uh show,statement
f uh that s really about d you know the extent of f uh of the kind of f uh financial score keeping that we re doing,statement
yep farad uh,general
i thought it was so that you give them an education of that particular discipline,statement
i thought d wow quite a statement for them to make,statement
let s exercise i,request
don t dumps laughter d you know where you dump all your,question
make them do civil duty whatever,request
now i don t know if that necessarily has to be part of socialized medicine,statement
holler them,request
c and what s the name of this book again,question
laughter enjoyed talking to you,general
throat clearing yes,general
are you for it,question
beginning prosecuting they,request
d well i would be interested in,statement
d well then i guess i ll let you go so you can go get the door,general
d well most of my camping,statement
d well thanks jean,general
who who did they play,question
does it fit that,question
little rock stars put all them in there,request
c so f uh does your husband ever use f uh a laptop or a notebook,question
c so what s the conditions like in dallas,question
fine so,general
where do you take your cans,question
d so you been down here before,question
c so there ar people throughout the country that find,general
he was in the untouchables,statement
what do you think about that,question
if everybody would do just a little bit it would make a big difference,statement
could you handle along,request
i see f uh throat clearing,general
what is the best advice of mothering that you know laughter,question
f oh do you like l a,question
f uh unemployment runs approximately six percent,statement
skin uh huh,general
is that with regard to work place engineering or just d you know environm the work place environment,question
i i m only twenty five,statement
c and then we get money for that,statement
do you watch do you watch the network d like major network news,question
do you miss that part in your life,question
how did radio shack work,question
d so d well what business are you in,question
c and you mix it all up with ye,statement
well listen i got to depart,general
d well you ll just experience to plan ampere vacation some time,request
is the crime rate still bad,question
d well take it easy,general
okay carol,general
c and the couch was ripped up and down at the bottom,statement
c and f um c and another question to ask is if they re f um state certified,request
do you live in plano or work in plano or both,question
c and how big do they get,question
unfortunately a lot of times it responsibilities like that seem to fall to d you know maybe one child in the whole family d you know,statement
d comfortably yea,general
hundred and then throw them in with the quietus of your salad sometimes,request
d well i can t either,general
we agreed pretty well on this i think,statement
they would like to say that we re north americans because they re americans too d you know,statement
do they exercise much or e i mean for skiing,question
i ve been a hacker,statement
hundred so go ahead and say laughter,request
can you hold ringing along just a unsweet,request
are the two boys first,question
d well d now do you work for t i,question
c but f um you have to really wash your vegetables after that,request
viosterol escort you need to go there,request
noise f uh bent on one indorse,request
d well where do you think they are heading this year,question
d advantageously maybe maybe your husband could tape it for you erstwhile,request
c and so look at the weather we experience down here,request
it s f oh f oh south and okay,general
sniffing yeah,general
yes laughter,general
wasn t that fishbone,question
farad oh represent you laughter,general
why don liothyronine you tell me about your choir,request
have you ever have have you been downtown recent,question
c and they stopped doing it because they said it wasn t profitable,statement
hi thither,general
c or you been doing some remodeling work on it,question
tell maine about your guild up there,request
threshold rightfield,general
d so it mho nice to talk with you,general
do the people say,question
f oh a hundred and forty mile trip,question
d all right d well i enjoyed the conversation,general
what about people from f um pennsylvania,question
d well we live in roy,general
i had gone gotten up regularly for awhile with a neighbor f uh,statement
c but then he actually started kindergarten at age three,statement
c and f uh have a good living the rest of it,general
let southward do i,request
thank sherry,general
d well if if you re interested you ought to decease to the next auto show,request
c an what what did you just decide to go there,question
f um where,question
yell them,request
single ll let you go outset,request
what was d no wait about the liquor,question
what types of,question
how much is it a month,question
is it in the phone book,question
d well i i actually live in a village of sylvan beach,statement
do do you build on slabs down there or did you build it up off the ground,question
d so then you think it s it s you think it s reagan and bush have done this,question
c and we were talking about something tot income tax oregon something,general
d well it was really good to talk to you,general
what do you look for in a restaurant,question
ergocalciferol well you ll just have to plan ampere vacation some time,request
my only consideration were were d you know buying another car just to tool around town in and make d you know brief trips and things like that,statement
c and have a good holiday,general
are you looking for an american car,question
d so what school is it,question
this represent norma,general
c or do you have several,question
nice talking with you too,general
are you going to go to east texas for that,question
d well you too,general
hundred and when you re quick to get another car just pay cash for it,request
mix up a little f uh mayonnaise with roughly dijon mustard,request
you look at frito lay,request
cocker sing yeah,general
really swooning yes,general
i probably wouldn t get a hand gun,statement
do you think that there should be some control f uh innovated such that the doctors are not allowed to charge ridiculously over priced things,question
e i mean do you think,question
laughter c but my f uh weekly wages don t laughter apply for me to have that kind of car,statement
c and they re watching something worthwhile while i can make dinner and do things i need to do,statement
very beep unquestionably,request
you can t don t have hand gestures and things like that,statement
f um order me some about your camping experience carolyn,request
have a good one,general
c but i i do like to read some biographies,statement
d well i i need to go ahead and and twine it upwards,general
d well maybe you keister f uh make that one charming and and make axerophthol little bit money f uh,request
c and what you do is you upright f uh backwash it,request
c and she was telling me about it,statement
i come up there i ll possess to stop by and possess try about of your baking,request
c and they lasted from d you know about when you harvest them about a month from now or so,statement
d you know it adds up,statement
iodin gathered you mightiness be a teacher,general
do you have kids,question
laughter bye bye now,general
good dayspring f um,general
laughter cholecalciferol well put them inwards a salad though,request
are aren t they playing detroit pause,question
f uh how many kids do you have,question
i think i think though if there were some d you know sort of government incentive program or something,statement
d you know would you give in,statement
if my husband,statement
c because d actually i had,statement
fluorine uh check out,request
that s she s a c p a,statement
yeah breathing heavily,general
yep f uh,general
brian in plano texas how are you doing today,general
d well thank a lot single enjoyed talking to you,general
d well wh wh wh why do you say that actually,question
d well take guardianship,general
do you think it s an economic c necessity,question
a boy or,question
why not go to adults too,question
when does it,question
i m great laughter,general
how do you isolate them,question
that kind of to me it is more like vigilantism,statement
c and you have to establish sure that you f um that you apply pretty betimes because they do have a lot of places have very long waiting lists,request
c so is it just women that go there,question
what did you what kind of things did you do,question
do you do a lot of gardening,question
fluorine oh go ahead,request
if you ever played,statement
c and at least if you legislated,statement
f oh se,general
e i mean my neighbor her husband sits in front of the television all of time,statement
tell maine about your home,request
c and good luck with those kids,general
okay humming eupneic,general
laughter mighty,general
is it registered,question
you went to indiana university,question
d well what do your cats do besides sitting and purring and letting you pet them laughter,question
c and twenty percent are seeing theirs improve,statement
automatic d you know deposit from checks to where you don t see it,statement
how how old are you,question
f uh in wyoming it would be less spicy,general
you know what my absolutely favorite show is,question
f oh now my husband and i we go different places,statement
i don t remember if we were once a month,statement
snow and iodine m in california visiting right now,general
c but he just kept painting on those french doors d you know,statement
you need to chop em upwards real fine,request
c and f uh have you seen that one,question
deer valley,general
c and f uh we used to overhaul farm tractors basically,statement
i kind of like gardening,statement
d well listen they ve f uh they ve had this unitary,request
laughter you re just going to have to imagine what you would like as benefits laughter,request
c but f uh that will be rolled out to everyone i hope in the next year or so,statement
uh huh pounding,general
c and we ll likely be talking to you again,general
on that same topic have you ever read anything about d you know the amelia earhart story whatever happened with her,question
f oh does,general
es excuse me go ahead,request
anyway d well it was nice to talk to you,general
have you been married for long,question
a running tot,general
in fact i just talked to the director awhile ago,general
whispering uh huh,general
your your twist,request
c and even if the even at the local level when somebody s assaulted,question
isn t it too large for normal town driving finding parking places,question
ask them laugh,request
e i mean on the other hand e i mean you take a garbage man in new york city starts out at twenty six thousand dollars,request
and and tell your wife i hope we i get her again sometime too,general
d you know what s the trade off there,question
lipsmack okay,general
did you ever did you ever just bang on it or do anything with it at all,question
happy home repairing,general
is this dinner time for you,question
f uh pause do you feel that yours is invaded,question
he learned quite a bit from not only from nursery school,statement
c but f uh put all the glass in one place and plastics like milk remand f uh orange juice remand things like that,request
i i work with them at kelly services doing f uh data entry,statement
it s like a macy s,statement
grant maine some wonderful advice catherine,request
write that one down,request
ladies outset,request
have you ever used those,question
there really isn t any kind of particular food that i i don t don t like really,statement
i just live down here now,statement
carbon and then when,request
c but now we re in a situation where the united states is looks like we re it now,statement
f um i m not sure what else that f uh we could address f uh on health care f uh other than the fact i think f uh the eyes and the ears and the f uh whole self should be f uh f uh included in all of that,statement
breathing yea,general
the were black velvet shorts,statement
c but i can i can under certainly understand where sniffing,statement
yeah throat clearing,general
my daughter s eleven going to be eleven this summer,statement
jean it s been awful nice talking to you,general
have a good,general
c and so throw them in with the roost of your salad sometimes,request
coulomb but don thyroxin retire laughter,request
talking yeah,general
c but you don t have much spare time either,question
is she she happy at school,question
certainly serious talking to you jim,general
isn t he though,question
good circumstances in your automobile buying,general
you want to go ahead and recount me your favorite team or who you think testament be doing well this year,request
do you have all kinds of different fish,question
ace need to go take care of the kids,general
clanging yes,general
the bigger,statement
c or where s,question
f oh c so,general
d well we ll talk to you later,general
i ll i ll make a little sort of greenhouse a miniature greenhouse to put all this stuff in,statement
children uh huh,general
do you get do you work at home all the time,question
d so what is your advice to,question
f oh laughter i see,general
coulomb and you frame it in,request
pamper farad um,general
so what do you think,question
you rhenium probably amp veteran laughter,general
f uh the housekeeping magazines i do like because they like you say they have nice f uh recipes in them and ideas but f uh lately they ve just been piling up on me,statement
throat clearing d well f uh yeah,general
hullo ed,general
iodine would just encourage you to do a little jaunt though before you get married,request
f um does is this something that concerns you,question
c and c and the street lights,statement
but i just can t believe it is,statement
farad oh i see i see what you rhenium saying,general
lipsmack can i pick your brain about how you develop disembarrass of those trees,request
you should personify thrifty laughter,request
write commencement,request
h have you ever read the book nineteen eighty four,question
are you being smart,question
what do you have laughter,question
throat clearing i used to do that a little when i lived up in new york,statement
good bye dawn euphony,general
we have we have two children that live in pittsburgh laughter,statement
c and f um c and another interrogate to enquire is if they re f um state certified,request
f um kay,general
simply a moment,request
what do you teach,question
do they put two or three week breaks between,question
do you have any mountains nearby,question
i had a whole bunch of flowers and things,statement
c and f uh if you have that on a regular basis in texas i think i would go with something very dry laughter to keep it off d you know,request
is it is it the one that needs needs more supervision that has a bad influence on the older or more mature one,question
talking correctly delilah,general
c but i used to just save up the ones that i got one time,statement
have you ever been there,question
carbon thus really,general
d you know c and you,question
it s kind of nice to breathing to see old friends now you see,general
you operate ahead,request
calciferol wellspring listen,request
c and i can t think of it,statement
did we do what was correct there,question
laughter oh,general
do you know it was on radio now,question
d well we probably have we talked long enough,general
c but it s a very good car,statement
c and we ve moved our yard i think three or four times in the last two or three weeks,statement
should we fluorine uh start this so we stool,request
c and most of my things are dust collectors laughter,statement
hey how you doing,general
d fountainhead you haven t told me f uh what play that you are active in,request
c and they ve just raised the f um income caps on social security to the point where laughter,statement
bang yeah,general
d substantially good to talk,general
do you have any f uh,question
d well does your f uh,question
carbon hence this is my first one,general
we i was out in florida with a friend a while ago,statement
you are you sure you didn t leave your refrigerator door open,question
d well you,question
c or do you go out an buy a a kit d like for a bib or something like that,question
c so f uh what do you think that f uh,question
have you seen sleeping with the enemy,question
what if they re doing something legal,question
c or do you get to stay home with them,question
live justly to personnel,request
d well you have a nice day,general
c and then later on when he was d you know,statement
you do it yourself,question
f uh i guess that s the whole u s concept,statement
go forward you first laughter,request
they have things for kids to do,statement
c and you have to make sure that you f um that you apply pretty early because they do have a muckle of places have very long waiting lists,request
c and you you give them your speech and maybe a little slide show or something,statement
randomness yes,general
f oh i see f uh,general
interference fluorine huh uh huh,general
c so you can guess the quietus of the plot,request
they ll take f uh kids who don t really realize the seriousness even at fifteen,statement
travel ahead laughter,request
d well with the minorities c and we are saying we have lower voter turnout,statement
c but what what are your,question
d well you besides jim,general
isn t that sad,question
see that is quite a bit,statement
c or how does that work,question
you only have to take three days of vacation,statement
c or right,general
a few girls that i ve gone out with i ve had f uh d like mazda r x sevens and stuff,statement
like his hospitalization,statement
c and f um i guess i had a crack in the block,general
have you ever f uh read or subscribe to consumer reports for any length of time,question
f uh you ready for this,question
what else did it did it kill anything else it wasn t supposed to,question
my brother in law teaches at f uh northern illinois university,statement
hundred and then you let it simmer,request
tell maine your name again,request
c and that that s the thing i probably like the most about it,statement
d so do you have any plans of maybe running more when the weather gets nicer,question
f uh do they have such a thing now as a six man jury,question
how are they built,question
why don t you do something with those laughter,request
you offset,request
hundred and then discombobulate them in with the rest of your salad sometimes,request
would you ever want a dog in the family,question
what school are you going to,question
could i ask you to accommodate one infinitesimal,request
would you have to give them breathing,question
sh permit sulfur say,request
d well d so are the people around you f um dressing similar to you,question
now is it stacy,question
c so i i perform cognize something about the d you cognize the really cold weather,general
d well now wait a minute the there,request
laugh fluorine huh,general
laughter yes,general
is it affordable,question
c and how many does it sleep f uh comfortably,question
yeah whispered breathing,general
now you can tell me what you do,request
c and i think about these things and people trying to define their own world view,statement
yea verbalise,general
god hallow wye,general
that i can save,statement
tell me what you guess,request
your your turn,request
not a seventies baby,question
huh static,general
the problem is that i ve that i ve read books that,statement
you might put some d alike some yellow catfish in there,request
you x before,request
can you hold resound on just a sec,request
f oh if you don t have a v c r a we just got one after nine years don t even spend your money on it,request
that s where we went,general
snow but if you do if you do have to go something i guess we can just cut off,general
they grab hold with both hands and then just jerk,statement
what what are they what kind of,question
snow therefore we ll talk about that some,request
c and she knows we re there,statement
d well let s talk about air pollution,request
c but i got off that,statement
i i give me cyanide,request
c but f uh d well keep up the good f um,general
hawaii judy,general
f uh just close to methodist hospital,statement
d see yeah,general
d good f um thanks for hearing maine rap i guess laughter,general
maybe we ll get the next time,general
c and he recognized me,statement
if there s something that i absolutely want to watch i will turn it on and watch it and then turn it off,statement
just put farad uh put a thing on it,request
d well do you think we should continue to support it at the level,question
little bit little bit cooler like eighty nine,general
e i mean my husband s great,statement
f uh how do you find that the the coverage from other places in the world squeak f uh compares with the american coverage of,question
i have a four year old,statement
they want to keep something over there so that they don t have to f um,statement
i m older,statement
c so do you think,question
c and they f uh f uh i wonder how the ancestors of this warlike tribe if they were offended by the film,question
hawaii farad uh,general
laugh maybe so,general
spread it out because you keep the cream cheeseflower kind of fragile,request
buy a fresh fillet of fish a nice one at the fish mar the fish counter,request
c and go to fluorine uh lone star,request
c and i reached back there and s pushed him away and got out of the water a a while,statement
that s probably true considering,statement
d well f uh hang in there,general
d well hey i appreciate the call,general
laugh f huh,general
it it seems perfectly logical that if somebody s going to take public money then they should return something to the public,statement
and don t really respond to f uh people who write them and call them,statement
excoriation that,request
f uh ohio,general
c but do you need air conditioning down there,question
c and you frame that in there,request
d so thank you for calling,general
yeah pause lipsmack,general
surely,general
bleep okay f uh,general
it never gets real cold,statement
c so they stayed six months,statement
for some reason they put a bathroom light switch in the hallway,statement
c and f uh give it a try,general
d now do you keep him indoors most of the time other than to go outs,question
they i don t think they do they do newspapers,question
give me roughly wonderful advice catherine,request
fluorine oh faint,general
sled that personify what you have got to do,request
d well i venture we should stop now,general
countenance s see about your hobbies,request
what kind of crimes would you d use it for,question
farad oh assume t say that,request
e i mean sometimes do you think it gets pretty commercialized,question
we re about three hours from the ocean,statement
just don t mind maine if i bounce back and forth,request
i couldn t i don t like to cook,statement
d comfortably do not tell that to wholly my friends,request
how how big is the ukraine the area,question
door decent,general
i i talked to so many people from texas,general
cytosine and so yeah,general
do you think it is necessary to have the federal guaranty program,question
f huh selfsame faint uh huh,general
are do you think it s more d like watching t v and stuff like that not really f uh,question
d well we definitely need a change in the system,statement
f uh ringing i would say definitely fail see that part,request
d well you figure just check it d you bed during,request
c and before that there was the running craze,statement
d well since i don t have a whole lot more to say on the topic,general
d well it was nice talking to you rose,general
you probably don t want to take them to see silence of the elia,request
c and i was rocking them singing to them,statement
if you re ever in town we ll go see a movie laughter,request
how can it be bad,question
c and how do you go about it,question
they re f uh noise sounds like some sort of machinery sort of remodeling a house out in downtown atlanta in candler park,statement
are you finding that f uh since you re doing substitute that you re wanting to do full time,question
has it gotten better,question
what brand are they,question
what kind of wok do you have,question
d well now wait a minute the thither,request
we ve got two great big windows in our back bathroom,statement
it s it s a complete mess everything floods all the under passes,statement
c but then d you know who would test all truck drivers,question
snow and you turn it i time,request
was a visa card,question
your clothes,general
c but laughter d substantially tell me,request
thanks so much for the conversation,general
yep laughter,general
drop in at times that are unexpected,request
i don t i don t like stephen king,statement
how you doing howard,general
f um f uh d swell give me your first impressions,request
then be gone,general
i think it s mostly vehicles,statement
it s amazing how the viosterol you know people you talk to have some interesting conversations,general
c and then i did a hour of aerobics,statement
c and f uh yep,general
couch some fresh little fresh shrimp,request
just a back verbalize to child in background,request
i did not even know i still do not know what the whole deal was with that,statement
uh huh dishes,general
you hump,general
we got a high pressure,statement
f oh d well d well encourage her to prove other things,request
c and we re the only one i m the only one that s being insured,statement
you very should go to europe,request
d comfortably you are going to have to find a mother s daytime out and have him call in sick one daytime,request
d well it certainly was f uh noise,general
did you know that next week there s several t v shows coming from there in celebration of their anniversary,question
does she how often does she come out with them,question
c so the jury didn t know about it,statement
i m i m sure,general
i would just encourage you to do a little traveling though before you get married,request
c and d you know he has all that,statement
reduce the violence in the prison,request
laugh nobelium,general
d well back back to this visit thing,request
f uh why should we let them set in prison and work on their college degrees after they ve mowed down a class yard full of kids or t or tried to or done their very d you know given their best effort at doing that,question
you might take a expression at them,request
c and f uh we ll,general
c or was it stuff that was already f uh enclosed,question
do you have a preference if you were going to,question
c and f uh that was kind of for them,statement
d well it it got all screwed up because i had a high deductible on the health insurance no fault here,statement
coulomb and you name it,request
d well you personify going to have to find a mother s daylight out and have him call in sick one daylight,request
yours too,general
i ll let you start this time,request
d so f oh well,general
c and f uh ergocalciferol well yeah,general
why don t you conk ahead first and tell what kind of car you d look for in your next,request
is that pretty good,question
c and you invest that in thither,request
d so severalize maine about where you live,request
d well d now does,question
it was it was a pleasure chatting with you,general
what are they doing up there,question
east i mean you look you look at the number of marriages that are occurring right ou east i mean even in high school,request
d well have you been here during the real heavy heavy rains,question
d well you should f uh run for a school board position,request
good luck in your car hunting,general
throat clearing if if you wanted to f uh f uh really get into a hot issue f uh,request
f oh okay,general
are you with t i up there,question
does your husband work with t i,question
very faint yes,general
d easily perchance perchance your husband could tape it for you sometime,request
okay f oh,general
wispy yeah,general
lucre that,request
viosterol well i savor it,general
execute you require to start out,request
farad oh don t made any exculpation for him laughter,request
have you been to any lately,question
now what s that,question
c but where did you grow up in california,question
uh huh f uh,general
laugh child talking i m telling you go one direction or the other,request
don tonne tell me what to do cholecalciferol you know,request
nice talking to you likewise,general
if you can get someone that you trust to buy one from noise,statement
c so what do you look for when you,question
farad uh you name it,request
what s the word they use,question
he gave the two doubting thomases a rubber band and a paper clip,statement
are you pursuing a master s or a doctorate,question
c and you rent it get to a boil again,request
was she like a group that was doing it,question
i was going to say it must have been wal mart,statement
i call it my recession job,statement
c or what was the whole deal on that,question
d like at hotels or restaurants there,question
d well she s usually in bed by this time,statement
c so is there any place you would try to talk me into going to laughter,question
we have to drive so far,statement
they were into it,statement
why is it happening,question
c so i charged all three of those cards up,statement
you never nee even needed it,general
don t you find that interesting f uh that they that laughter that they re doing that f uh in any field,question
do you like like southwestern,question
is that your idea,question
got to see pike s apex,request
d well we are though laughter,general
c and f uh d well tell your dad that now helium owes you quintet bucks,request
wh what what type of advice do you think you d give to a a parent,question
you might neediness to,request
tell me about your clubs up thither,request
laughter they re okay,statement
oh oh yeah,general
c and then you take and f uh lipsmack covert that with drained crab meat mixed with one of the small bottleful of chili sauce and spread it over the top and spread it on triscuits crackers,request
the prosecutor will want to breathing f oh a i don t know show the show the mugging victim d you know show what the nice person he was and what a family life and basically get the jury to be very sympathetic with the victim,statement
could i ask you to admit one minute,request
i do some p c stand alone work on it,statement
u uh huh,general
do you and your husband both work,question
f oh f uh laughter,general
c and then we get these professionals out of there,statement
c or did you have hotel rooms,question
one is f uh nine months,statement
d so it s good talking to you,general
f oh f uh bangle bangladesh boy they they caught it bad laughter,statement
f uh c but it doesn t really change my clothing style,statement
c and then there s an apartment,statement
lipsmack c and now single ll countenance you say something laughter,request
c and the way i was brought up,statement
arrange them mug in there,request
laughter yeah laughter,general
is it this weekend,question
what are you what are you studying,question
f huh real swooning uh huh,general
tattle light yes,general
pause laugh yea,general
direct direct them to wi,request
right viosterol you hump,general
tv right,general
i was a photographer before,statement
d now why didn t he why didn t she keep him home with her,question
do you know john qumenato,question
uh huh pharynx authorize,general
dis were disqualified,statement
c and good luck with the baby,general
c oregon you can just commence some d you know regular red peppers,request
c and it it really was d you know,statement
good luck with fishing this season,general
c because the top of the line we ve got,statement
so what do you think about caring for older folks dale,question
snort yeah,general
uh huh medicine,general
d you know it does make me nervous,statement
d well really,general
e i mean she d always assisted me and done some other things,statement
i guess we ve got a a daughter who is eighteen months and another one on the way,statement
c but along here it s f uh very laughter very different from the texas type weather,statement
you really should go astatine least once,request
d well do you think it s should be illegal for an employer to do this,question
blow and farad uh you ought to get it,request
laughter come on,request
c so what s your next purchase supposed to be,question
c and u usually the salad bar is included,statement
snow but at least the humidity is f uh below forty percent which have it kind of d like phoenix,general
you can x back to work nowadays,request
uh huh disturbance,general
laughter d well it s been some interesting subjects,general
is that what you think,question
d well it s nice to talk to you,general
c and i guess to do that i d probably have to take it at home,statement
imagine the guilt that person would suffer,request
laughter come along,request
c so you should demand my bible,request
cholecalciferol well return care,general
c and f uh good bye,general
c and f uh my husband is a vietnam veteran,statement
cytosine and then you take it out of the fat,request
a while,general
c or make everything dieting,request
c and i ve seen where some places have taken a plastic and f uh they re recycling them into other plastics,statement
talking faint yes,general
did you kill,question
farad oh excuse me just a minute dialogue to someone in the background,request
he s an entrepreneur,statement
have you taken it,question
einsteinium excuse me conk ahead,request
where are you going to school,question
go out and buy one forthwith,request
my husband bought it for me when my daughter was born three months four months ago,statement
sometimes f um usually the reason i will turn it on is to hear the news,statement
do you think the political scene,question
c and that s all they d have to do laughter,statement
c and the kuwaitis aren t even helping rebuild their own country,statement
d so d well have a good day,general
coulomb but whirl ahead,request
you might want to,request
they re going to help you,statement
the ways our tax laws and stuff are structured you can t ever catch a break until you can get into a house,statement
c and i could play again on it,statement
snow and you put it in,request
e i mean why why bother voting if f um if your vote won t make a difference,question
where you going to school,question
let s say your spouse is on a particular drug,request
c but my goodness laughter d you know it it could have easily,statement
it s been good talking to you,general
isn t it mexican,question
cytosine but f uh put all the glass in one place and plastics like milk jugs f uh orange juice jugs things like that,request
f uh noise,general
is that why you said i had more experience than you,question
c because she was always breathing very very conscientious about recycling things,statement
d well do you all work for t i or for,question
i feel like they focus too much on things that a i don t know d you know,statement
how do we get some of these guys that have been in there for so long children,question
f uh do you f uh find it useable,question
c and then i think we are starting to see now some tendency of women at mid thirties,statement
you ve vex to go attend that,request
take your glass f um d you know pickle jars or or whatever f uh smooth jars d you know,request
are you interested in that at all,question
laugh sure,general
we got lucky,general
d well have you put any posters up or anything like that,question
okay lewis,general
c but d see we don t even push the fact to the high school kids that there s other means of education out there rather than college pause to go either as an apprentice which they they do in other countries just doing it which i think would bring the education back up d you know,statement
what do you teach what grade,question
did she did she did you all not talk about the topic at all,question
whispering yeah,general
this is just their aluminum cans,general
is that what he uses,question
d well it comprise good to talk to you,general
uh we have good policing at least in this state and and several of the surrounding states and probably yours too of car pollutants,statement
you don t like patsy cline,question
e i mean our kids where would they be without nintendo and d you know their t v shows,question
sure go onwards,request
f oh how was that,question
then we f uh have come back just this summer,statement
probably you feature to heat it up for a good farad oh,request
it used to be in georgetown years ago,statement
i d like to be able to to evaluate your boss,statement
bleep okay farad uh,general
and did you find that you like the foreign cars better than the domestic,question
c but c but then we haven t needed to either,statement
straightaway it s upward to you,request
i think it s now is what f uh from what i understand it s air conditioning units,statement
c so we ll talk approximately that approximately,request
c and i hope you love your camping trip,general
f um there s a commit to look into f um f um,request
i ll let you part this time,request
c and then you get some rattling sharp cheddar cheese,request
c and they do that at night too because,statement
c and f uh actually in the midwest especially a lot of the schools have like university of missouri will have a main campus like columbia which is big multi disciplinary,statement
f uh swallowing it s the house is eighty years old,statement
c and you can you can,statement
f uh how you perform,general
and ate in a restaurant,statement
instantly you sentinel,request
c and everything everybody said prints out on your screen as they re typing it,statement
c and so you get some real sharp cheddar cheese,request
c but barbecue is it like steaks,question
c and the real sturdy boxes that copy room paper comes in with the nice lids those get thrown away,statement
is it five or three,question
e i mean people that may have been close to the edge just go over because they see something or read something,statement
d now how old are your girls,question
fluorine ohio yes,general
f um hullo f um,general
laughter mortal take care of me,request
d now in amarillo did you fish any of this,question
i approximate i better go laughter,general
i ve got the phones for lunch hour,statement
c and you only cook it until the mixture begins to furuncle,request
c but they they what if they never agree,question
d like a few days ago they had a a nice article on einstein d you know,statement
ergocalciferol well f uh i ll let you start i guesswork sniffing,request
d well ane ane need to go ahead and and wrap it up,general
is it choice or just business,question
i don t have to worry really worry too much about price considerations because i d you know,statement
f oh excuse me just a minute talks to someone in the background,request
have you ever camped on sand,question
c and f uh what about you,question
i ve enjoyed it laughter,general
noise f uh how much f uh how much pork do you buy,question
you don thymine think thus,general
i m sharon,general
d well she is into a little bit of everything,statement
we all live in southern california,statement
are you involved in any of that,question
i saw it when i was a kid,statement
you too bye bye,general
tell maine what you think about the annam war,request
i hate to put it quite that way,statement
do you have f uh do you have a family,question
lipsmack snow and today i ll let you say something laughter,request
it s hard to tell how much has been that or how much is just her,statement
snow so we ll just wait,request
that would be good,statement
c and you have to make sure that you f um that you apply pretty early because they do have a administer of places have very long waiting lists,request
have a vacation in irak for a year laughter,request
is she of alzheimer s or something like that,question
sounds like it,general
you want to start first laughter,request
if you want to go first go ahead,request
uh but i i just loved that car,statement
i i m just thankful that i don t get all the government that i pay for,statement
how does the word wrap work on that,question
f oh f huh,general
f uh did did the judge f uh hand down sentences,question
c but x onward laughter,request
c so what kind of luck you been having with buying and returning products,question
c so do you what do you think is good about the schools,question
d well good fate to you,general
c and maybe we ll run across each other again,general
if you don t like it scoot move along to something else,request
static children d so how do you feel about capital punishment,question
correct music noise,general
do you paint or anything like that,question
where do you like to go,question
isn t it great laughter,question
f um f um,general
coke so we ll have to talk about the future,request
afford maine the money,request
c but f uh d you know find out when they are holding pause the petroleum fair f uh,request
you might put some d like some yellow catfish in there,request
suspiration ugh,general
d well i guess we should stop now,general
c and f uh you smell at their society,request
how many stories,question
allow them simmer indium the sauce itself,request
pass disturbance,general
then you wouldn t then you don t get f uh out of breath,question
c but d you know you know what s really funny,question
take for instance f um a large construction company ane used to work for ed swampers,request
barely a moment beep,request
you go veracious onward because i,request
laugh you overly,general
c but i pronounce d you know they commit crimes lease them be overcrowded laughter d you know,request
c and i realize these things d you know,statement
cytosine and afterwards that s cooked you take it out and pour this on top of it,request
hold along one second,request
c but she don t like it,statement
ohio approve,general
noise it s going to say f uh edited by charlotte turgeon editor of,statement
century and have a happy grace,general
if you re ever in town we ll go see axerophthol movie laugh,request
c so c so to make one successful e i mean e i mean what do you all do,question
it s hard to accept the fact that you re unable to pursue life throat clearing at the level that you did before,question
laughter breathing d well,general
adjudicate that,request
you privation to start firstly laughter,request
i don t think there is any mountains to stop the wind laughter,statement
i i do it on my own schedule,statement
lot of people will buy in your situation will buy a four bedroom house and convert maybe the garage or something or the or do something,statement
do you think that the weekly magazines provide you with as much detail information as you d like,question
do you like ken,question
c and you have a good weekend,general
c and you need to go in the saltation when all the flowers are in bloom all up and down through there,request
kalli k a l l i,question
f oh did you see that,question
d well do you do any recycling,question
we ll see you,general
c and how much does it cost,question
i don t know all of them,statement
d well leslie it s been real nice talking to you,general
c and you beat this cornstarch right into the mil the milk d you know,request
breathing the meatball you just f um after you form them fry them in a pan until,request
c and i ve never seen another bill,statement
d well let s start with you laughter,request
c and we ll talk another time perhaps static,general
c but for how many years,question
just a crummy d well d actually,statement
do you go to school,question
c but f uh put all the glass in i place and plastics care milk jugs f uh orange juice jugs things care that,request
c and maybe we ll get to talk again,general
let s representative farad uh,request
e i mean they just they can rack up a a hundred fifty k on them,statement
c but my mother was always the famous pie baker in the family,statement
just put f uh put amp affair on it,request
d well it be squeamish talking to you,general
c and i guess we d better get back to work f huh,general
d forthwith come on let s be realistic,request
i would non recommend that method,request
put some fresh little fresh prawn,request
c and yet you know i have grandchildren,statement
boy we d like to get back over to the east coast,general
why assume t you go ahead and start,request
c then d yeah do it as foresightful you can sniffing,request
i was about to say you ought to experiment on astatine least a small part of it earlier you just tackle the whole thing laughter,request
century and so when,request
d well approve,general
i guess maybe this week someone may start getting them if the truck that picks them up is outfitted in time,statement
would recommend it to anybody,statement
c and now it just seems just such a large amount of money to spend that that we do have a used car,statement
c but d you know you ought to gravel him to g pull the weeds,request
d well you bet,general
one s four,general
listen to bruce williams fluorine uh for fiscal advice,request
course they re talking about f uh that we re going to be able to do our grocery shopping and laughter,statement
they re worse than american cars i think or just as bad as far as resale goes,statement
laugh thank you,general
c or do you cook for others,question
do you do you hope to have children,question
you farewell ampere message,request
scarcely don t mind me if i bounce support and forth,request
if you neediness to go initiatory go ahead,request
you go ahead beginning if you d ilk,request
what s more important picking up the garbage or educating our kids,question
c but it s really worth your effort once you see how you do,statement
do you plan on staying in in the dallas area,question
have a nice memorial weekend,general
f uh d well they range anywhere from about five bucks for your basic city type course up to fifty sixty dollars for a really really nice course,statement
f um what did you do when you did exercise regularly,question
put them inch jail laugh,request
i m house now,general
c but i think it s f uh it s the f uh the amount of effort that s required to f uh to stay healthy d you know,statement
throat clearing alright,general
was that arnold schwarzenegger,question
if you had f uh no financial requirements if you could buy any car in the entire world no matter what it cost what would you buy,question
c but then the,statement
c but i ve got to go stop and go traffic and everything,statement
c surgery you can just get around d you know regular red peppers,request
you might attempt farad uh,request
laughter somebody take care of me,request
e i mean did a couple of people sort of gradually sort of assume f uh sort of a moderator role in the trial,question
isn t that nice,question
d well with my kids i don t,statement
c and so how do you relate as to whether this particular armed robbery was a d you know worth five years or twenty five,question
yea apparently,general
i ve enjoyed talking with you,general
c and the question is how much of it e or how some of it,question
wait axerophthol second nipper talking,request
i had a friend,statement
oh very faint,general
c or does it work out pretty well,question
is he young,question
nice babble with you too,general
d well that s just it,statement
f uh c so have you ever used outside child care,question
we re not i don t think,statement
are you north of sarasota or,question
just a bit beep,request
no very faint,general
c but do you own a gun,question
d so why why are we doing this,question
bye nowadays telecasting,general
yes respire,general
wherefore don t you belong first,request
are they d like pretty much train for a specific job,question
depart me in the air condition,request
you need to chop pica up real fine,request
e i mean they had a problem out here with it last summer wearing these shorts that were d you know the real wide full ones d you know,statement
c and there probably some other things that i don t about because we re a real large company,statement
d you know let the world train them what to do laughter,request
you re making one more month s payment every year,statement
they re doi they re trying to get all different amount of people,general
c and he s so funny,statement
you ought to rent the farad uh farad x part unrivaled,request
c and they do all these studies on which ones pollute more,statement
substantially d you know,general
have have you all been getting rain storms down there,question
c and that god would move in that sovereignly,statement
do you find you do most of your your f uh crocheting or your knit work around christmas time,question
f oh i know exactly where that is,general
c but basically the saame matter,general
the other one you involve to go see is sleeping with the enemy,request
front at the the smith tryout,request
d well it sounds like neither one of us are real movie buffs,statement
c and it s like i said at our expense,statement
i m callie in coronal,general
i would not recommend that method,request
tell me about your computer laurie,request
get the computers tabu,request
c so we ll just expect,request
d well if you if you can get green card go for it,request
f hm okay,general
look at the cowboys now noise,request
nice little conversation with you jack,general
faint yeah,general
do you think that would be,question
what kind of things do you think can be done in in f uh in the long term,question
save it damp,general
c and the next night they ll stay at the motel d you know or something like that,statement
who was the quarterback,question
now you tush c either use d you know the kind that comes in the small tush,request
c but i don t think of that every day even,statement
have you ever had any injuries from jogging,question
then you hit it,request
c and d now where are you in new york,question
c and then that s just one more thing to have to worry about,statement
where d you live up,question
c and it only had had very very low mileage on it,statement
d well i don t know what the answer is,statement
c but f uh it is a big problem,statement
is that where it is,question
what about you,question
good morning,general
it f uh it would seem to me that there are other things that the administration could do,statement
d you know right,general
c and i m i m speaking about people that are d like born rich,statement
calciferol you know calciferol like yea,general
how you doing,general
c and c and as we become more efficient in developing machine operating systems we re going to develop more efficient human operating systems,statement
what about what about you,question
c and farad uh you ought to get it,request
c merely don t retire laughter,request
think we ve f uh covered all the subject,general
handle along,request
c and those that aren t participating they have the specific drop off sites where you can take glass and newspaper and aluminum,statement
c and then in in my back flower bed i have f uh tiger lilies,statement
do you think we re paying too much,question
is it is it hard to keep track of it,question
c and we were involved every weekend in just f uh,statement
tell me tell me where you re calling from,request
that s f uh i think i think that s getting a little more common too,statement
how come f uh you don t have any now,question
d considerably you should of just ripped the whole thing out,request
c and f uh f uh swallowing just like the burning and looting,statement
d well let mho face it,request
d well what do you think about it,question
c so f uh if you re dear that age laughter or you know someone who is,request
carbon and you microwave it on high for seven minutes,request
do they require you to presort it,question
you work then,question
that s kind of the way i have felt,statement
i have a son in kindergarten,statement
he wasn t,statement
d well is redbook still in existence,question
c and you add f uh about a tablespoon of what i m victimisation straightaway is jamaican curry powder,request
ergocalciferol well it was really undecomposed hearing from you,general
did you base it on what you wanted to major in or what you would feel comfortable with or what you could afford,question
coulomb or coulomb or maybe just exercise at home,request
e i mean we re within walking distance of of stores and shops,statement
the last development i know of was the military and financial assistance columbia,statement
f oh yeah laughter,general
you you wouldn t be able to under our system,statement
oh really,general
got to see pike s peak,request
why did they do that,question
that s just fantastic down there,statement
c and you get to a point where it s completely impossible,statement
throat clearing d well it should be used as a deterrent do you think,question
light menu you mean like cooked light or,question
c but f uh f uh thank deity for small prefer the f uh f uh,request
ergocalciferol well take proficient care,general
he used to work at f uh f uh university of texas at d,statement
do your kids and everything like to,question
c and you ve got to come up with a decision,statement
sh let s state,request
c and f uh c and those are really helpful i think in helping f um,statement
it comprise really nice speaking to you,general
get the calculator kayoed,request
and see,general
d comfortably go indium don t go indium the winter,request
i think we are,general
c so in in contrast to the women s changes f uh d you know the men stay steady,statement
c and what would that be like a clam or f uh,question
where you felt like,statement
laughter calciferol swell i really can t think of anything else,general
did you go alone or with a group or,question
exactly let him bask himself laughter,request
maybe they re burned out or,general
fluorine um i visualise,general
c so that is something you power keep your eyes outdoors for,request
ventilation laugh okay,general
f oh if you don t have a v c r a we just scram one after nine years don t even spend your money on it,request
spill noise your turn,request
i mean,general
c thusly you should think about coiffure something like that,request
c but e i mean,general
laughter are they e i mean is it like mystery c or,question
what s your favorite color,question
c and it was tossing around the car,statement
ergocalciferol well steven it second been,general
c and they kind of boil down to f uh,statement
uh huh cosset,general
c and they have that new f uh,statement
e i mean what does this have to do with getting d you know a computer science degree or whatever d you know,question
explain it,request
c and they re giving speeding tickets,statement
that s you need to do that i ll i ll i ll give you a hint,request
would that be f um perhaps,question
c so how,question
it s it s great while they re really little,statement
you don t throw the baby out with the bath water,statement
you think f oh i ve got one portion of my seat belt on f uh,statement
c and you put it on a genuinely scummy heat,request
do you want to go first,question
d see you need to go there,request
ours are the double pane,statement
do you know what,question
c so f uh i m sort of at a loss where that s concerned,statement
f oh d well laughter,general
you sound ahead foremost if you d like,request
did it work,question
d you know c and f uh she pulled him out of that one and put him in a another one that was excellent,statement
it s pathetic,statement
mix up axerophthol little farad uh mayonnaise with some dijon mustard,request
d well do you have separate trash cans at your desk,question
c and nobody brings two children in these seats d you know because,statement
have you seen f uh canine,question
c and then you take it out of the juicy,request
where do you enjoy dining out,question
c and d you know when f um when last year the elections were going on the governors election and state and d you know,statement
i m originally from maine,statement
okay d well it was very nice talking to you,general
c or d like what what percent do you then save or something,question
you recognize give them a fine whatever,request
d well d well when is the party here laughter,question
f um d now do you have a lot mountains,question
do your cucumbers come good,question
c so i ll tell them that,statement
i don t think the newer automobiles are as polluting uh frankly,statement
d well is it tahoe where you ski from,question
c so where do you live at,question
f uh c and i was just really grateful i only had one bad child care experience,statement
c so f uh c and if you don t have the money then utilize a credit card,request
f uh oh,general
what grade level would that be,question
dependable babble to you beth,general
there s nothing wrong with sitting and being bored,statement
d so what car do you drive,question
this is laurie,general
what are yours,question
coke and then you get some real sharp cheddar cheese,request
c and you turn it single time,request
d well good to talk,general
bask your fluorine uh weekend,general
is that usually what you tell them in the letter,question
it s not all that long ago is it laughter,question
buzz uh huh,general
what is it f uh the act where they had to cut everything across the board,question
ready,question
look what we ve done here astatine thymine i,request
f uh laughter,general
c and it s f uh f oh it s just i don t know it s it s a total free relaxation,statement
is it chicago and,question
c but what you serve or what would you laughter,question
f um you should always have three months of your salary inward a savings account inward case there s a major need for that,request
c but if i wasn t doing that the money wouldn t be being saved anyway d you know,statement
where is he from in france,question
is it doing any good,question
it so fo much playfulness to babble to you,general
f huh d so you,question
we had no damage to our house or anything,general
we ll talk for quintuplet transactions,request
bye bye clicking noise child talking tv,general
do they call it the barrio down there,question
now i don t know what the current texas laws are,statement
laugh fluorine um yes,general
d so f uh do you happen to be working for a large firm,question
c and we ll hopefully we ll get to talk again,general
i believe that f uh,statement
impart me roughly wiseness catherine laughter,request
f oh they are,general
f oh iodine see f huh,general
you slide,statement
d well f um i think we have been talking probably about four and a half minutes,general
c so there possibly were because you know you always have conflict in the world,statement
c but yet,statement
d well we ve been here since january,statement
d well i m going to have to get some,statement
you dismiss utter,request
c and f um maybe we ll talk again,general
they have been,statement
nice talking to you too beth,general
good talking to you too,general
that s great,general
c so they ve been pretty close together,statement
who who do you work for,question
c so move ahead and say laughter,request
c and that s probably the way i feel about it is breathing is f uh it kind of depends on the crime that s committed,statement
c and when you re ready to get another car just pay cash for it,request
c but is not that difficult to do when you are working full time and have to come home and prepare a meal and,question
f oh have you heard that that i m trying to think of what company it was there was a company that was going to f uh be giving out information about your financial status,question
throat clearing uh huh,general
d well right,general
do you live in a real small town or or out in the country,question
d well you all have a nice day there,general
it s sad to think that we would do that to people,statement
living going,request
c and they just didn t care,statement
could i ask you to hold one minute,request
do you know what is on the way yet,question
i enjoyed it,general
d substantially it was nice talking to you static,general
yeah f ohio,general
this is new orleans,question
carbon but my other draw is blinking,general
d well okay f uh,general
c and f uh c and i i sigh i don t know what sigh what has what has set it off or what,statement
they probably didn t know what they were talking about,statement
c and you make sure that you save up with them for the next metre,request
is it asphalt shingles,question
now when when was this,question
laughter yea laughter,general
c but i would much prefer,statement
goodnight,general
snow so that worked out real good,general
i think that s where a lot of the problem is at first,statement
did you have to do that,question
who who s supposed to make the change the the state the govern the federal government d you know,question
it s bad enough that the soviets do it,statement
reduce the wildness in the prison,request
it really does except when you have to fill them up,statement
tell me what record you read,request
e i mean look at viosterol you know the leader they had,request
c but d you know you ought to get him to g pull the weeds,request
d well it was northward overnice talking to you,general
c or did you do that yourself,question
i guess f um d you know,general
c and c and gun safety was taken very seriously,statement
i hadn t thought about that f uh,statement
c and you cover it,request
c but f uh once the children were grown,statement
what have you been to lately,question
do you see any out for us,question
d well f um c so d well do you do you feel that it was worth what we did over there,question
a lot of my travel has been sort of based around conferences or business meetings,statement
let s talk about cultivate,request
bye bye talking,general
it s d like okay,statement
d well now wait a minute the thither,request
throat clearing d well it seems like they always,statement
coulomb and you kind of clean it out,request
they could p probably do it again,statement
c and some of the really nice ones that really take care of their people are so expensive because,statement
let them simmer in the sauce itself,request
d intimately sure have enjoyed our talk,general
what fluorine uh go ahead and tell me about your home laughter,request
calciferol well you have got to generate one of those ladders,request
e i mean what can we do,question
c but the bats eat the bad spiders,statement
scott let s f uh talk about advice that we can offer a parent where the baby represent going to go to a university,request
don t bewilder maine to lying,request
c so we resolve we ll try in a couple of years,general
f oh d swell i ll permit you go if you want to go ahead and take that,request
c or is it hour,question
c and good talking with you,general
bye now tv,general
f uh what do you think was different ten years ago from now,question
right record ends with nobelium further conversation,general
laughter you just go hunting,question
c and we work around a lot of explosives,statement
f oh dances with wolves have you seen that yet,question
do you think that f uh for whatever taxes we do pay that f uh we are getting value for it,question
do they have classes for them during the summer too,question
you probably don t want to take them to see silence of the lambs,request
why don thymine you start,request
you know where saint joe is,question
what s his name again,question
keep going,request
d well i fanny go ahead and start and tell you mine,request
is that where you you are originally from around there,question
f oh you you re at the office now,question
c and then you take and f uh lipsmack cover that with drained crab meat mixed with one of the small bottles of chili sauce and spread it over the top and spread it on triscuits crackers,request
do you rent movies very often,question
does that happen in your part of the country,question
c and he never did,statement
it has been so long since i did it that,statement
along your commodore,general
d well do,question
a government,statement
laughter donna reed laughter,statement
wh i what would we do without it laughter,question
okay child crying,general
d well go ahead,request
how strong is it,question
d well i think that s all that we need to say,general
d so do you all keep a budget,question
d so f uh describe your family budget,request
down there it s just like meat and potatoes d you know,general
d well it was nice to meet you,general
let s talk about college basketball,request
for example there is a f uh condominium complex next to the apartment complex where i live,statement
my name is f uh donna donahue,general
isn t it funny how families end up living in one room in the house most of the time,question
i don t think that there is enough being done,statement
when you talk about the trillions of dollars,statement
c and f uh you put that in,request
c so we determine we ll try in a couple of years,general
it wasn t much,statement
f um are you f uh are are have you have you been singing a long time,question
c and d you know c and then what those problems has been eliminated,statement
c but i never drove it,statement
c or you can set up your work program and your husband s so that one of you is there entirely the time,request
she run,general
it has been real interesting,general
i think that it thirty years ago when f uh i was newly married family was very very important,statement
c and then right now i m teaching part time at a private school at a noise catholic institution,statement
hey how you cause,general
i m glad to find there s another reasonable person in garland,general
here hang on just angstrom second,request
it just seems like the weather around here goes so quickly from being winter to d you know muggy and hot,statement
shaver yeah,general
d well back back to this visiting affair,request
c and f uh everybody brings lots of food,statement
racket yes,general
don tetraiodothyronine get me to lying,request
have you been backpacking anyplace exciting,question
the f uh the f uh,statement
d well you always,statement
c and there s some interesting problems of of of how d you how do you challenge the kids today,question
d well nola i have enjoyed talking with you thoroughly,general
coke so coke but f uh calciferol well you ought to try that,request
c and you can leave a message,request
c and f uh i ve got carrots e i mea d yes i ve got a few carrots up,statement
guess i like to talk that s all laughter,general
c but f uh that is one area where it noise that i can see might change but i really doubt will change laughter,statement
viosterol indeed yeah,general
f um i think they re okay,statement
let them go and pay their offense oregon their time doing something else,request
f ohio don triiodothyronine be concerned,request
c but c but yet d you know we have to think about that,request
hello lynn,general
c but f uh you think you d buy f uh an american car or a european or japanese,question
go ahead you showtime,request
c or either they ll have a computer at home and in the hospital where you can just d you know just continue right on with your work,statement
baby talking huh,general
welcome to the net,general
have you gone d like to fillmont with the boy scouts,question
don t answer your phone hello,request
it wa rattling pleasant,general
f uh in terms of what it s going to mean to a society,statement
f oh selfsame faintly,general
f uh you name it,request
cholecalciferol well that s okay,general
are you in an agricultural area,question
is that the eagle,question
laughter d substantially commit them in a salad though,request
c and you scarcely need to take the little unmatchable,request
c but i don t even know if they re still new york yankees,statement
fling ahead laughter,request
cholecalciferol comfortably thanks for your time,general
keep on watching those movies f huh,request
they don t need to be out there and f uh d you know constantly flaunting their ego to get things accomplished,statement
c and f uh i am afraid that they were treated as castaways for the most part,statement
f um was it a home that you ve had for quite a f few years,question
what do you like to cook,question
let me tell you it s f uh,general
have they put the cap on the interest rates,question
w which one have you got right now,question
c or e i mean what do you think long term,question
f oh o laughter,general
you give got to see at least once,request
thanks sherry,general
could you hang on peerless minute jim,request
awaken improving,request
wherefore don t you go first,request
ho how old are your kids again,question
it is f uh like i said,general
c and f um c and another question to ask is if they re f um state demonstrate,request
c but it s been a pleasure talking with you,general
it randomness been tangible nice talking with you,general
d well you got any more,question
d substantially go forrader,request
i need to go help my daughter do something,general
c and i sort of i see perspectives on all sides,statement
snow and iodin hope you have a real good day and week,general
right in right near d c,general
f uh let s see before i had this car i had a f um i bought an audi five thousand,statement
c and f uh d you recognise make my annual pilgrimage to the lone genius brewery,request
f um do you go to the operas that they sing english or go to the ones that they sing other languages,question
c so that worked out real good,general
f ohio groan,general
skillful talking to you today,general
put it on the lease,request
claim them,request
you know which one i m talking about,question
d well do you have a family budget,question
d now is there anything f uh are there any mountains or big rocks a person could hike around this area,question
in what manner,question
don t ever drink scotch,request
what did you major in,question
laughter okay laughter,general
what next,question
i i do a fair amount of cooking,statement
do you have any strong opinions,question
it gives it a an extra,statement
let to delay a couple years,request
d nowadays tell me your favorite team,request
well i guess that s about five minutes,general
yeah screeching,general
do you work at t i,question
blow and then throw them inwards with the rest of your salad sometimes,request
c but they still come up to the front door and f uh d you know walk around,statement
th this town house is pretty big,statement
yea interruption lipsmack,general
c and hold on a minute,request
you get showtime,request
cytosine and we ll sing to you later,general
good luck in school,general
blow and drainage it real good,request
d well hawaii is my f uh is number one,statement
i don t like tuna salad unless it s got lots of mayonnaise in it,statement
or do they,question
you leave your car for ten minutes,statement
what do you usually wear to,question
c but i i think that s a small f uh number could,statement
ergocalciferol well it s good talking to you,general
you just rinse it off after the winter is over and,statement
c and f uh d you know draw my annual pilgrimage to the lone star brewery,request
laughter you remember that,question
fluorine um differentiate me some about your camping experiences carolyn,request
did you see ghost,question
c but f uh we try to avoid them with a passion because of the percent of interest rate,statement
c so you derriere guess the rest of the plot,request
very light oh,general
e i mean i i think when you say heavy metal i m i m thinking about like cinderella d you know,statement
c and i got her when she was d you know just this tiniest little thing like,statement
noise like water running you know what scares me too is that we have yet to see other the biggest effect of the crack children,statement
it seems like nowadays everything is so electronic d you know magnified and animated,statement
d well i have enjoyed talking to you too,general
something else has to go away laughter,statement
c and she has enough room,statement
c so in order to have a reason for being there especially as they got older i became involved in it too,statement
do they charge a lot of interest on that card,question
d well do you keep up with the statistical stuff,question
c but do you think there s accounting on an ordered of magnitude or or that that they really do understand how much money it is,question
doesn t wisconsin have a f uh state f uh medicare program or health program,question
a although i ll tell you d you know over the years the cars get more complicated,statement
c and f uh you just set it in there,request
do you do you have any f uh credit union where you work or anything like that,question
th that goes back to when f uh america was a a colony of england,statement
get a get a few,request
don thyroxine let them watch it,request
blast out,request
f oh i see tv,general
c and when you ra ready to get another car just compensate cash for it,request
i did switch to one f uh sponsored by the credit union though that seems to be a pretty low interest,statement
c but i m really having questions if if i can deal with that system and and have a good conscience about d you know what i do,statement
martin do you do any exercise,question
f ohio really child talking,general
what do you watch,question
c and d you know d like hold on hera,request
d you know let second go stake to our original thing with d you know our experiments and all the d you know our actual exploring of space and and all that,request
c and you overreach this cornstarch right into the cc the milk d you know,request
at the university of rochester,question
c and you re not going,question
what do you believe in,question
what is your f uh community f uh currently doing with regard to recycling,question
proceed it moistness,general
ergocalciferol entirely right i ll talk to you later baby crying,general
d well perhaps you can f uh make that one charming and and make a little bit money f uh,request
d actually i m excited tomorrow i have a f uh luncheon appointment with a perspective client to do,statement
d well i just have to be honest about it,statement
breathing the meatballs you just f um after you form them fry them in angstrom trash until,request
rest yes exhale,general
d well what s your opinion about capital punishment,question
you too dear,general
c and f uh as a as a f uh an airline pilot i have to take random drug testing,statement
thank you very much,general
f um can you f uh hang on again hon,request
c and then anyone making these calls have to check that registry for that area,statement
c and you only cook it until the mixture begins to boil,request
farad uh yes,general
f uh c and where you are,question
c but because there s no strings attached it d like gives them a freedom to give us something back,statement
is is that what you re talking about women working out of their homes,question
f um d well i like to have f um sometimes when i have a dinner party i ll have f um everybody bring something,statement
i volunteered,statement
what do you do georgeanne,question
don t,request
ah ok,general
did you ever see the original f x movie,question
no laughter,general
c and prevail on a second,request
if you don triiodothyronine like it shoot move on to something else,request
d now do you work outside of the home,question
i think they re fools if they ever bring him back laughter,statement
have you started exercising at home,question
you re going f oh you are going to school,question
you maiden,request
did you take kids along,question
hi f uh,general
this is donna donahue,general
make them do civil tariff whatever,request
farad uh telecasting,general
my wife talks with other people,statement
laughter no,general
d well it just means if you don t pollute d right or you pollute very little you don t have to pay any tax,statement
that does cut into your,statement
do you like to read mysteries,question
whatever subject you pick do it the knowledgeable way,request
they ve got an olympic pool and and basketball courts and sand volleyball,statement
c and e i mean it filled up my light fixtures because they re the old kind,statement
c but c but you have to say at what point isn t the help becoming negative,statement
c and d you know i didn t move out of there until i was d you know twenty seven,statement
is it a looter that got shot by a store owner,question
c so here lately with all the middle eastern news we ve had some very interesting conversations over lunch,statement
c and there are a group of teachers,statement
o okay,general
c but basically the same thing,general
i think it gives off f uh in the emissions it gives off gases which combine up in the atmosphere f uh and form a a weak acid,statement
c and you continue,general
laughter d well we can farad uh complain together or swear we can complain together about the humidity laughter,request
heed to bruce williams f uh for fiscal advice,request
c and so you take it out of the fatness,request
f uh f uh so do i,general
d well f uh how do you all communicate like to plan it and every thing,question
because if you f uh use drop cloths to cover everything and you use masking tape to trim out f uh all the parts that you don t want to slop over onto you don t accept to be quite as precise about how you make it,request
c and after c but the deduction is so little for kids that they wind up having to pay more in taxes than it costs to raise a kid for the year or something,statement
you consume got to perish tobogganing and sledding with them,request
i don t know if,statement
what brand of car are you thinking about buying,question
are you looking in the paper,question
felt so dumb,statement
c and you cut up tomatoes and lettuce and grated cheese,statement
you look at the merge states,request
laughter d well i ve enjoyed talking with you,general
he ruined his sweet position laughter,statement
c but so heat them good in the sauce itself,request
c but d yeah next time you become f uh d you know handicap into it,request
c and he was good at distance spitz as a swimmer d you know,statement
your family have reunions on a regular basis,question
can you hold just a second terry,request
f uh every now and then country and western,statement
i come up there i ll have to stop by and have try approximately of your baking,request
d now amount on let s be realistic,request
f huh what do you take i thirty five,question
d well since i don t ingest a whole lot more to say along the topic,general
c and think what what s it going to be like for my my youngest an my oldest son when he goes to school,request
i course i don t know any of the newer ones that they have,statement
d well how did he get out,question
f um matter of fact we ve gotten rid of all of our credit cards except for a mastercard and a visa,statement
do do you think there s going to be still a family unit,question
let s just hope we don t get to that point laughter,request
c and then they have bad drawbacks too,statement
c and it c but it does have the under d you know,statement
d well let s bulge with you laugh,request
do you work outside the home,question
do you think that it s right,question
use the greens if you get them when they re young and tender d you know before they have grown too,request
in texas,question
which,question
d well good talking to you,general
sniffing coughing ohio,general
c and then f uh don t ask me what the other hair i hit,request
c but e unity mean,general
i have not played the course,statement
put it on your horseshoe instantly,request
just get it out calciferol you know,request
it was just a f uh,statement
i ve i ve heard some horrible horrible stories about high high school teachers,statement
adenine while,general
uh operate onwards,request
c and so they ve already shifted the risk,statement
only only it was foggy,statement
c and f um yeah,general
c but f um once the muffler needed to be changed,statement
f uh being an engineer now i believe in it even more strongly than i did before,statement
coulomb and then you take ten percent of it,request
yea indulge,general
c and it s pretty flat there,question
sledding that is what you have got to do,request
c and f um c and another question to ask is if they re f um state licence,request
yeah sniffing,general
wasn t it your state that had the f uh guy that committed all those murders,question
farad oh don t made any justify for him laughter,request
laughter f oh yes,general
i i have got to run to a meeting,general
d well my my sister and them and her husband do on weekends,statement
it s all new wiring up in the attic,statement
what do you think of that,question
pickax out where you want to live,request
i see,general
calciferol well you can wait till you graduate,request
c but the same time everybody can t go,statement
uranium uh huh,general
have you ever f um,question
c and then it rained that night,statement
did you get a catalog or something from these people,question
d well i can go ahead and beginning and tell you mine,request
c and norma it is scarcely wonderful to talk to you,general
e i mean would the camping be part of a long hike,question
do you stay home with kids,question
fluorine oh go ahead,request
c and f uh she wanted me to bring it in,statement
c and f uh it s too bad that all this stuff is just being cast into a data base and that none of the mind or thoughts are being used at all laughter,general
what time is it over th,question
you you maiden eve,request
yo you know what i m saying,question
okey leslie,general
the only thing i ve had problems with is f um,statement
c but if you have to d you know how do you make sure,question
c but there s an element that can t,statement
yea voices fade,general
texas is the big one,general
right clicking,general
is that all we need to say,question
what time is it now where you are,question
f uh read any good books lately laughter,question
d well if you ever get one be sure the walls are good and thick because if they re not you can hear,request
is it a two eighty six or three eighty six base machine,question
d well you have a good night,general
laughter revel it,request
c but f uh do you have horses or anything at your dad s farm,question
you actually have students with with beepers,question
d well if your ever in f uh d c come look up wayne sherman you ll say f oh yeah talked to that guy,request
uh yeah,general
c and i guess d you know,general
i get from wy,general
f um f um f oh yeah,general
viosterol well it was nice talking with you besides craig,general
you guys child talking f uh do you get much of a chance to hunt or anything,question
c and i ve been just f uh trying to get,statement
do you have lowe s up there,question
c but f uh i i m from california,statement
f uh it it s hard,statement
do you have relatives in vernon,question
c but now that i m there e i mean it s it s a lot more convenient because there s so many kids that doddle,statement
what can we do,question
sesame seeds and bread crumbs,general
they re both females,question
you too tonya,general
you father t have to wait for them to order,request
c and they at that time they had no testing whatsoever,statement
they think they know all there is to know in the area set path and d you know printer come in and put my time in from nine to five,statement
is your brother younger than you,question
it s kind of skillful to breathing to see old quaker now you see,general
farad um yes,general
b i r d,question
telecasting hi wanet this is his last distinguish,general
fluorine oh go ahead,request
d so where,question
c but it s nice that it s there d you know,statement
me to,general
the only thing i ve ever heard about hondas is that the breaks go out first,statement
we had one here,statement
does that help laughter,question
exempt maine,request
tight turns hard acceleration,statement
d well you ought to hail to union carolina,request
d well i enjoyed,general
you had pretty good luck with one coat type paint,question
hi nola,general
it randomness skillful over there,general
c but i m concerned about the killing that went on there because i just feel like god has a better way to handle it than that,statement
order maine about your computer laurie,request
c and c and cultural diversity is just something we really don t understand,statement
i don t know how many times i ve done that to do something,statement
d well if our time is up we can quit,request
d anyway very faintly,general
c or is she going to,question
other than you use them or you don t use them,general
c and started dri driving,statement
i was brought up with tuna fish d you know where you put in f uh f oh chopped hard boiled eggs which is,statement
you do in your home,question
wh what kind of time frame is it f uh looking for the f uh different shifts up there,question
fine thanks laughter,general
f uh we ve we ve f uh taken how much we have d you know write down how much we have coming in each month,statement
then would you condone the burning of the capitol building,question
f ohio don t made any excuses for him laugh,request
laughter it was nice talking to you,general
fluorine um uh huh laugh,general
does your husband deal in f uh stocks and bonds and mutual funds and all that kind of stuff,question
d easily you accept got to get one of those ladders,request
cough e relieve me c but f um anyway that s the family reunion story,general
who who was in that,question
c and go to f uh sole star,request
child talking okay,general
f oh lord e i mean yeah,general
d like i d you know,question
farad aah,general
my mom didn t go back to work until i was in junior high school,statement
since you ray being you can talk for hours go ahead,request
i may still be,statement
just rinse them out a little bit,request
what do you think going to happen to the rangers,question
d now come on let s be realistic,request
d well let s trust not,request
c and what you do is you just f uh wash it,request
c but this is probably typical of the women s movement too,statement
what did you do when your kids were growing up,question
f oh d laughter,general
c so you might f uh think near that,request
chink yeah,general
whe i every time i see one run over i just you know,statement
here in saskatoon at least the majority of central f uh,statement
farad huh yeah,general
f oh you should try it,request
who are you,question
that s funny that uh we can t have it in moderation instead of having either a drought or having too much,statement
fluorine uh you list it,request
maybe again,general
you tour right forward because i,request
do you have a set amount that that you spend each month,question
did you did you sue him under the civil system,question
you too laughter,general
what kind of fish,question
he was f uh f uh essentially like you said a tycoon,statement
c merely then we can back up,request
es pardon me go ahead,request
c and d isn t that where they have a summer music festival there too,question
what kind of pet do you have gail,question
where would you camp,question
instantly you can tell maine what you do,request
c but of course they have a little river going down their area too which is kind of nice laughter,statement
do you have a favorite recipe,question
di did did you learn it in computer science,question
d sure you rhenium welcome,general
are you familiar with what a serger is f uh the serger sewing machine,question
i guess f uh they don thyroxin care if we terminal it early,general
c and you put back maybe two tablespoons entire of the oil and sauteed some f um bell peppers and onions in in that little bit of oil,request
laughter d well how s california today laughter,question
directly l let me ask you this,request
d you know let the humans train them what to execute laughter,request
hi cynthia,general
c and i i think it s great,statement
f uh you said you did it in the high sierras,statement
c so what are you planning to go into,question
laughter f um yes,general
i really didn t notice at all,statement
it s f uh,general
d well you can you can severalize me a little bit more about it because i don t think we did that in utah,request
what are dialing services,question
you can t understand what they re saying on some of those songs,statement
i guess the american cars had a bad reputation,statement
d so what kind of car do you drive right now,question
why wear t you tell maine about your choir,request
f oh did they end the whole series,question
ask them laughter,request
as in f uh martini,statement
c and i think it s a good thing,statement
it makes a fantastic f uh f uh salad with cucumbers and,statement
c but c but other than that i think it s it s a good idea to get them involved in city and community activities and d you know d like the f uh shelters and f uh breathing lipsmack that kind of thing,statement
do you do you feel that the first two years that the f um,question
kuwait was the nonaggressor,statement
f oh f oh i see,general
f um i guess i guess i m a fan of democracy,statement
c and you put it inward,request
f oh it s national,question
laughter how are we going to make that happen,question
d well try it,request
laughter d well do wear t ever get one for a pet,request
f uh c and it s there by the copper mill restaurant used to be the hayloft,general
c but they like to have enough to be comfortable,statement
that s about as much as we can do with current events,general
snow and you put a bay leaf and put some f uh red pepper over it,request
no one would want the job laughter,statement
c but then i got i got to thinking the the number one killer of men seems to be the prostate,statement
d well one of my friends doesn t eat any cheese at all,statement
laughter huh uh,general
do they e even do they have father leaves or anything like that,question
swallowing yeah,general
d well how do you get the edge though,question
was that the animated version,question
isn t there a kmart everywhere,question
where are you bob,question
d substantially i tooshie t either,general
yes f uh,general
f um do you have any advice for college,question
it s been nice,general
f ohio can you can you hold on for just a minute,request
noise sounds like in a room filled with people what do you think about the benefits in jobs,question
go justly to personnel,request
laughter that s about what it looked like,statement
thank you sandy,general
hi donna,general
d well i ve enjoyed speaking with you,general
c and i i just couldn t get over the fact that reagan beat him,statement
my constitute follow lowell,general
how big is your band,question
have you ever seen that yet,question
did you ever see the original one,question
f oh i probably spend an hour or two,statement
sigh ugh,general
maintain upward the cross stitching,general
d well d so d so,question
how do you think we re going to pay for it,question
they hold it on the weekends,question
d well i think i don t know if we ve done five minutes,general
hi diana,general
c and i guess i m not as f um recycling minded as i should be laughter,statement
take it easygoing,general
what is the favorite thing you do with your children,question
f oh which state is that,question
c so actually,general
snow but f uh then the knot f uh the cauliflower you,request
c so f uh d you know let s let s stick with that original trust i guess,request
do you f uh have a family budget,question
you you ray beginning,request
hello talking,general
f uh back to the topic,request
she got about two thousand dollars,statement
farad ohio lord,general
righto laughter,general
suppose f uh d well d you know they had a group who be construction oriented,request
coulomb and you put a little fleck of that over it,request
breathing how do you feel about it,question
we f uh,statement
i think we ve i think it s come to an optic conclusion,general
it kind of kept you guessing on on f uh what was going to happen next laughter,statement
was that when you were f um d well,question
you know impart them a exquisitely whatever,request
c or you can take the f uh three seat out and just use the two seat,statement
uh huh noise water profound,general
c so c or i guess do you have things like presentations to do or anything like that,question
d you know where you should hear,request
they d you know you just pay that admission,statement
ladies first,request
f huh faintly,general
are what they re,question
i mean y you re uninsurable,statement
lipsmack can i option your brain about how you got rid of those corner,request
i i also lived eight years in ohio before going to f uh going away to college,statement
it s been interesting,general
f um in your opinion good or bad or both,question
it was nice talking,general
throat clearing d so yeah,general
fluorine ohio thank you,general
d well they they re they re balancing their attack,statement
what s what s the lady s name,question
these institutions of th thirty thousand students and such,statement
d so anything else you cook laughter,question
children yeah,general
uh huh barking,general
very faint f oh sniffing all right sniffing,general
f oh f oh ane see,general
d well tell me about your van,request
how is the weather up there,question
c and you take to await at when you if you do decide to go with child care you really take to to await at what your options are and and await at the what they offer,request
cytosine and f uh nobelium,general
d well i ve never tried any other kinds of painting besides on a surface like the house,statement
sounds like fun,statement
calciferol well you live ahead,request
d well i guess then i will go,request
for us it really took d you know a business application,statement
good to talk to you,general
buzzer maybe we ll talk again buzzer sometimes buzzer,general
f ohio coiffure,general
are you on an exercise program now,question
c and then once you woof that spot out woof out what you want to do,request
c but it is because we f uh came to this area about the same time laughter,statement
farad oh d comfortably,general
hundred and then search at the weather we have down here,request
century and so when,request
f uh i taught for richardson school district,statement
c or make everything dieting,request
c and d you know they want f uh privacy fences,statement
f oh th,general
i ve enjoyed speaking with you,general
c but then they have full care,statement
it s e i mean not just exercise but anything,statement
try to do it early in the mornings,request
d see c and i don t know i don t know i can t tell the future that s what scares me so much about it,statement
f uh that has a a whole lot to do with it d you know,statement
ask them laugh,request
d well do you think the u s should even be involved e i mean as the world leader in the sense trying to resolve these issues,question
carry on beep,request
do you en do you enjoy doing that kind of work,question
f a f oh i see,general
c and the matinee starts before i can get away from work,statement
it s represent skillful talking to you,general
okay bill,general
c or is it all funded out of local taxes,question
in biographies,general
have you ever made that or had it,question
c and they have nothing to gain one way or the other,statement
believe it or not we did we found one one newer,statement
farad uh huh,general
d so can i just ask you are you canadian,question
what school you going to,question
ha have you ever seen those bunnies,question
you don t want the gum on the back of the masking record to get dehydrated to hard,request
do you like mexican,question
d well it s just f uh been delightful talking with you,general
what what do you think can prevent crime,question
calciferol you know where you should hear,request
oca ok,general
just a moment honk,request
can you hold on just for a second,question
c and f uh that s one thing we can enjoy equal good delicious food,general
d well i sure enjoyed,general
snow so i savor it,general
is it formal policy that they said they might test,question
pause f um c but f um what else has been on and about,question
we talk around sometimes travel up to chincoteague,request
i have people that want to go to dallas,general
e i mean just get so mad he d just wham that club up against a tree and break that rascal,statement
oh uh huh,general
c and sure enough just pure dumb luck that the connection over by,statement
i have enjoyed talking with you kathy,general
laughter really,general
c but use use good f uh stuff and steal it at adenine paint store where they have the right brands,request
c and do you have children,question
laughter somebody take care of maine,request
yes f um,general
do you feel like that s an in invasion of certain people s rights if not everyone is tested,question
c so f uh yeah,general
c and my kids of course will be in school then,statement
c but e i mean is not that,question
c so f uh he was checking to see if i was going to stay in because i ve been so busy with this presidential search,general
what is his name,question
c but you do have to have it d you know you do have to have it hot when you cook it e unity mean,request
mike you take care now,general
ohio f um,general
coke and coke and stress that to your children,request
what time of the year do you usually embark on your,question
beat axerophthol beat axerophthol few,request
d well what did you think of reagan as a president,question
f oh really children static,general
do you have an opinion on that on the u s r,question
f uh have you ever done any painting outside,question
i know i had a job until let s see a year ago this past december,statement
c and you vex this cornstarch right into the mil the milk d you know,request
got to wait adenine couple years,request
cholecalciferol well i enjoyed peach to you cathy,general
i just felt terrible,statement
totally rightie,general
c so i ll do my orders and that by phone,statement
how is how is apartment dwelling living in terms of general privacy and noise and things like that,question
do you still have the car,question
d swell if you ever get one be sure the walls are good and thick because if they re not you can hear,request
yea farad um,general
f oh baby talking,general
c and that actually f um as our population increases and d you know our of course our our cars d you know our number of cars increase per the population that s the problem but also like you said the industry pollution,statement
c and you only cook it until the mixture commence to roil,request
cholecalciferol well listen they ve farad uh they ve had this one,request
farad uh back to the matter,request
d well do you you watch f um a what is that show who s the boss,question
just put your theme in the same localize every day,request
worried that they re not going to get enough attention,question
f uh d you know with farming being so mechanized,statement
i guess i better go laugh,general
what are you telling that student,question
yeah dishes,general
i m i m glad to see more and more companies implementing the policy,statement
nice talking to you linda,general
i m f uh a that that s a whole pleased with the pr practice that is they,statement
it wasn t stallone,statement
breathing d well you too,general
c and i said i think the only way i would be in big favor of gun control is if they could absolutely guarantee that nobody would have them,statement
c and then drain off completely the grease,request
have a good time,general
i m living in that dorm,statement
c and f uh f uh i liked bowling as a as a kind of a relaxing sport,statement
sh rent s tell,request
have you seen the new f uh dodge stealth,question
mightily intermission,general
c but yes,general
boy current events is not a good subject for me,statement
and that it s mostly sales tax,statement
f oh okay sniffing,general
c or do i keep on going d well we ll wait and see laughter,question
have you seen the mov,question
what area do you live in,question
c so of course the the attorneys,statement
what was the reason why somebody was trying to find out all that stuff,question
c but d you know i don t think that that would stop people,statement
d well you are not missing too much then laughter,general
i ll go ahead and begin recording that,request
pass pass directly,general
c and go to f uh lone lead,request
do you think our government agencies should test,question
how would you go about organizing a family reunion,question
f huh very faint uh huh,general
i guess i didn t realize that,statement
we talk about sometimes going up to chincoteague,request
i really have no need for it at all,statement
did you have any dealings with the f uh underwater sound reference laboratory in orlando florida,question
fluorine um then then just laugh,request
whatever subject you pick do it the versed way,request
last year we wanted to show my husband what a baseball game was because,statement
goodby goodby now,general
it s angstrom pleasure talking with you,general
c and they used to have a program called t news and just updates of of different things that were going on within t i,statement
c and mayhap we ll get on air again,general
it looks like our trees don t have any grass under them,statement
c but f uh c so who do you thinks going to win the playoffs,question
minor holler uh huh,general
that s something since we all seem to have an abundance of those plastic grocery bags laughter,statement
you could be responsible for that yourself,request
what f uh what s your experience been like,question
get them people go,request
d you know i m not really that big on watching what i eat,statement
to me it seems like the schools are reflecting society in a bigger way,statement
maybe this is a fantasy we can to talk about any kind of car,request
c but you ll see,statement
does he got them locked up all the time too,question
d like give maine some examples,request
c so f uh i think that probably i will end the call,general
thank you static,general
nice to birth spoken with you too,general
f oh if you don t have a v c roentgen a we just got one after nine years don t even spend your money on it,request
okay then,general
c or do you get butterflies in your stomach when you go there,question
it live about the same weather here,general
okay laughter f uh,general
indium their ain community,general
c and keep your mind on positive things,request
c and you wonder d you know what kind of quality job would they do d you know,question
d well it s been nice talking to you again,general
ergocalciferol well you look at places care turkey,request
d now did you cut a quarter wedge in this,question
uh huh indulge,general
you consider how much f um,statement
you me too,general
c and i revalue your having called,general
e i mean d you know there s d you know individuals with their own own f f uh growing their own food,statement
laughter child talking i k telling you go peerless way or the other,request
c and she hit me and did about eleven thousand dollars worth of damage to my car,statement
we ll talk for five minutes,request
fluorine uh nobelium,general
d well i got to be going,general
d well okay,general
we just lived up there,statement
release foremost,request
calciferol well you should of just ripped the whole matter out,request
d good let sulfur hope not,request
i think the budget is really out of hand right now,statement
c but the way they drew these little patterns and stuff i i i guess i m a little cynical of the of the power base,statement
c and have a good afternoon,general
d well you can you can tell me a little bit more about it because i don liothyronine think we did that in utah,request
could you hold along for just a mo,request
can you really see it though,question
yep fluorine uh,general
c but f uh seems to me that f uh kids these days f uh throat clearing can really get away with murder,statement
inhaling i am more into rock and roll myself,statement
that entropy you demand to do that i ll i ll i ll give you a hint,request
c so f uh are you originally from michigan,question
coughing yeah noise,general
laughter d well dress don t always get one for a pet,request
just angstrom second talking to child in background,request
were you looking into becoming a reporter,question
laugh unity see,general
c and maybe we ll run across each early again,general
where do you wo,question
what are your favorite shows,question
his his attitude is i think a little bit,statement
c and i do feel fortunate that texas has so many good schools,statement
listen to bruce williams f uh for financial advice,request
that was seventy three seventy four kind of before the the f uh the civil war really picked up down there,statement
c but it was it was all right kind of funny,statement
you all have a good day,general
c but f uh d well lynn i ve enjoyed talking with you,general
d well how does this grab you how did this grab you,question
his his parents were divorced when he was young so his mom always worked,statement
f oh it s a f uh it s a question of your your gut reactions to something like that versus an intelligent reason response,statement
morocco,general
have you made pasta before,question
calciferol well tell me this farad uh lowell,request
remember that sniffing dishes,question
okay beep,general
have you ever had that,question
f oh have you,question
it s getting worse,statement
is this in dallas,question
narrate maine how yours works,request
d well the thing that i m children wondering about is how we get a new congress,statement
c and d you know c and then they ll leave,statement
f oh do you,general
there s probably five or six which would be an equivalent of our joint chiefs of staffs that are in positions over some of these soviet states,statement
put it on your skid now,request
tell me what you think,request
c but this particular case e i mean they had a complete confession from the guy,statement
whitethorn live,general
go ahead you first laughter,request
c and f uh that s a terrible kind of thing,statement
c or are you going to buy it,question
what do they get paid,question
one one guess d you know one d like you to maybe state something here,request
what do they get,question
c but i m not sure i could afford three,statement
i i guess i ve just about run out of,general
d well both of mine are boys,statement
go to work for uracil t,request
what do you see f uh changing in the future,question
c or they didn t,statement
c but i think there s a lot that we the public doesn t need to know,statement
laughter right,general
f uh do you have any experience in f uh finding child care,question
f um how do you like it,question
yeah very faint,general
f uh tell me where that exist f uh,request
have you ever tried f uh deep sea fishing,question
d advantageously tell me this f uh lowell,request
two girls,general
they were expecting an influx of something on the order of fifty thousand people or more from the navy,statement
how about your community,question
uh huh very faint clink,general
have you seen dances with wolves,question
fluorine oh god you go to the center,request
c hence go ahead and say laugh,request
cholecalciferol well do you think we ve,general
this is really going to be fun i think,general
f uh do you know where oakland and hatcher are,question
inspire my distinguish s gail,general
selfsame fainthearted okay,general
c and i went to u v a,general
rest laugh okay,general
do you like it at all,question
i don t know if my paltry graduate student fees are going to get us through,statement
c but we did break down and put a c d player in it,statement
have you had any in the la ha,question
c but if a man s convicted of two murders f uh d you know there s a pretty good chance that something s wrong,statement
maybe they re fire out oregon,general
do you have anybody that you f uh are close to that decision on or anything,question
c but one of the the two things that thumping i m really,statement
c and f uh what s the one comes on after that,question
c and the one right after us that f um their parents did not want to acclimate to the united states,statement
how do you feel about it,question
c and f uh c and eventually d well especially when it was so bad last year d well i guess it was the year before now f uh it was so hot that year,statement
not be a very good conversationalist on fishing,statement
this is archie,general
c and what you coiffure is you fair f uh wash it,request
d well what do you think about d like a device a meter right on a tail pipe,question
ace would non recommend that method,request
c and i think i guess in in f uh ironic way a lot of good came from the vietnam war toward this war,statement
do if you get one like that do have somebody teach you that,question
c and they re almost on the verge of saying that you if you re going to draft men you re going to have to draft women,statement
nice talking to you today,general
d well you can await till you alumnus,request
scott let s f uh talk about advice that we can offer a nurture where the child is lead to go to a university,request
is it going to be,question
lipsmack can i pickaxe your brain about how you got rid of those trees,request
c and you need to go in the spring when all the flowers are in peak all upward and down through there,request
who is that,question
d well secernate me about your van,request
as a freshman,question
d fountainhead steven it s been,general
e i mean i i would advocate you look astatine that book,request
wait at the the metalworker trial,request
have have you been up to that,question
it was a gladden inch talking with you,general
c but we ll see what happens,statement
sniff all right,general
laugh sure,general
noise sounds like child s record hi,general
wouldn t you really like to know,question
uh huh f um pause,general
and uh most of the time with a three year old we re trying to to get him uh,statement
in their possess community,general
c and you put it along a record,request
you you said you seen no way out,question
i ll let you go first,request
keep on check those movie f huh,request
i really appreciate your mesmerism,general
d well you can come over to my house and spend it laugh,request
differentiate me about the car that you ve got,request
what do you think of the public school system,question
scott let s f uh talk about advice that we can whirl a parent where the child is going to get to a university,request
where does she live,question
it doesn t work on that,statement
c so f uh c and if you don t suffer the money then use amp credit card,request
f uh those are the ones that are in texas,question
have you done that,question
c and it was so much fun,statement
you screw,general
do you make cheesecake,question
laughter d well we can farad uh complain together or swear we can complain together about the humidness laughter,request
f oh okay breathing,general
d well i have a bicycle laughter,statement
f oh cosset talking,general
i sure hope they don t pass something like that,statement
d swell it was n nice talking to you,general
viosterol well it s sound to talk to you,general
c and i m sure that twenty years ago that never would have happened,statement
yeah d you know,general
are you in that part are you in the south part of town now,question
laugh oops laugh,general
f uh what about you,question
c and i appreciate your having called,general
i don t like japanese cars,statement
laughter c and would you f uh would it be appropriate to f uh drink with the f uh prior when you have the hors d oeuvres,question
my kids want to see rescuer s down under,statement
do trust god because i don t know kids embody a blessing,request
d well didn t he just sign a twelve year contract with the rangers,question
c and my pet peeve with magazines,statement
d comfortably go in don t go in the winter,request
d so tell me about where you live,request
farad um then then just laugh,request
you too ellen,general
jean it s been awful nice peach to you,general
below bricks or below wood,general
did they were they able to draft anybody this year,question
can you stand up in it,question
have s talk about the baby,request
c but f uh how do you how do you f uh stay aware of most of the current events f uh newspaper,question
if you have a chance to rent it at least,request
c and it s just amazing,statement
you mean it s stronger there,question
i really like,statement
carbon and f uh i d say run to f uh midland once just for the heck of it,request
f oh is that what dallas is,question
and does that mean like flus and everything else there are all these different strains of it,question
i m we only get the paper on the weekends,statement
i really think,statement
what are some of your favorite foods,question
it s also got a full insid inside basketball court,statement
i don t d you know,statement
e i mean face it you can buy pharmaceutical grade cocaine for what ten or twenty dollars an ounce,question
you think you re getting your money s worth,question
c so assume tonne worry about it,request
everyone had a two way wrist watch t pentad s on their wrist,request
did you have them in a center or something last summer,question
c so d well,general
d well what do you think can be done to reduce that sort of crime,question
d well do you have any,question
d now was that the f um f uh green f oh a i don t know some guy that was attacking women jogging,question
let s listen about your hobbies,request
peradventure this is a fantasy we can to talk about whatever kind of car,request
c and they have a wesley hotel there that they serve food,statement
c and i needed basic really simple education that you can get pretty much anywhere for the first couple of years,statement
c and i m out at brookhaven college,statement
c only laughter d well tell maine,request
i i apply me nitrile,request
c but i just never wanted to get into the hang up of using credit cards and,statement
it is so cool you wear a jacket d you know,statement
what part of maryland are you from,question
c and i do think f um the schools,statement
you want to chop em up real fine,request
we we ra in pretty good agreement actually along it,general
d well you go forwards,request
c but it sulphur nice talking with you,general
farad ohio rea,general
e excuse me go ahead laugh,request
good talking to you too don,general
can you hold ringing on just a sec,request
e i mean you can tell him from maine,request
c and f uh now that was very competitive,statement
d well i did too,general
coulomb so tell me about your home,request
c and hers isn t a social thing as much as it s a stage they go through,statement
you look astatine the united nation,request
c but then what do i know laughter,question
c and i live in raleigh north carolina,general
would you tend to chose the one that does,question
i m just engaged,statement
doesn t matter whether you re democrat or republican,statement
d like cheeses or fruits or vegetables or,question
things like that i like to listen to,statement
d well where do you take those things,question
c and d you know of course they can use the excuse,statement
c but i know it has been successful,statement
if you were deciding do you think that they would have been different,question
unrivaled moment delight,request
know d you know how to get how to even go about getting money,question
f um do you get east winds a lot of the time from the ocean,question
put it to sopor d you know,request
i was d you know i was d like conditioned to it,statement
d you know once they they have been arrested,statement
i am sure i bequeath,general
i mean you just don t know,statement
e i mean i m fifty three years old,statement
weren t there a lot of hurricanes there,question
i think it could affect the outcome d you know could make it unfair,statement
d well i just got back from taking my little girl to her brownie meeting,statement
assign it on your shoe now,request
f oh d well,general
an unlimited source,statement
i don t know i anymore,statement
d well since you seem to like f uh italian music have you ever f uh gotten into gabrielli or anybody there in that era the f uh period right before actually before vivaldi i guess,question
f oh that s not bad,general
the cartoon or the,question
how much does uh planting more trees and things like that help,question
i have got to go,general
laughter is that the kind of music that you like,question
c but it s it is very nice,statement
okay d well,general
you bathroom go back to work now,request
ventilation yeah,general
c but breathing anyway i guess that s about it though,general
it was nice talking to you too,general
what if you re looking down the barrel of a hand cannon,question
he did well,statement
farad oh you ought to try some crawfish,request
f uh for example throat clearing the f uh local high school f uh they ve already found two students with sawed off shotguns,statement
c and f uh it had a whole lot of miles on it,statement
it really is motorcycle,statement
give maine the money,request
yea unchanging,general
d easily it equal good to talk to you,general
go hinder to that one to tenner scale where one,request
do they,question
kind of pop you know rock,statement
set we cover everything we need to,general
ergocalciferol well do not tell that to entirely my friends,request
coulomb or crap everything diet,request
do you read f um,question
do you get hit up for local taxes there,question
d ilk for instance say fluorine uh,request
d well are you into that that rock music d you know all that druggy stuff and all that e i mean,question
hm laughter,general
c but if the pers has d you know their social s her social security number i d be real concerned that they f uh that she s not f uh blacklist on f uh tel what is it it s telecredit or something,question
you look very odd in the water,statement
c but look who she constitute running against cholecalciferol you know laughter,request
you haven t,question
would you say that you have a fav,question
f uh audiology,statement
are you one who gives dinner parties very often,question
f oh hurtle,general
c but i have not even seen it,statement
commit commit them to wi,request
i have had a recipe that someone has given me that it s kind of like you just mix cream cheese and stuff,statement
c and i have two native texan children too,statement
accessories,general
is that how you re supposed to do,question
uh huh fluorine uh,general
c and f uh good luck in your this venture,general
c and right now i m kind of stuck because i d like to have children,statement
c so c but f uh d well you ought to try that,request
f uh although i guess europe now that the communism is falling apart that maybe there ll be won t be that much of a rush to get out of all the communist com countries f uh,statement
all right nice,general
c so they re doing this in school or what,question
c but the more conveniences we have the more that s expected of us,statement
c and you knew this,question
c but d anyway it was really good talking to you,general
laughter then you got to get him to,request
f uh what do you want to concentrate on,question
e i average i i would recommend you count at that book,request
ane love it,general
d well does you husband f uh,question
do they use highway people,question
my name is nick,general
how s his karate,question
f oh yeah f uh,general
c and d see i ve had somebody tell me that regarding henry d you know the harrison,statement
have you ever had a f uh a it s kind of slightly off the subject but you ever had a f uh a blood workup done recently or since you ve been biking,question
i i d love to do it,statement
you indigence to try em,request
um throat clearing,general
i would just promote you to do a little traveling though before you get married,request
middle eastern food have you ever had those,question
c so pause d well i guess i ll let you sire back to feeding your picayune one there,request
f uh faint yeah,general
there have been several things that have happened where i felt like if i had been involved in it i would have had to to go along with with that being the punishment given to to the people,statement
have you have you retired,question
d now have you ever been to a professional football game,question
what age f uh if you don t mind me asking,question
c and i think it s i think i can think of movies i have less fun during,statement
d well they get to that stage,statement
f uh watch out,request
c and you have a nice evening,general
c and maybe we ll meet up again around time,general
if i can the other side of the strike for a consequence,request
d so f uh what are your what are your thoughts on the subject there,question
c and f uh even if they re even if they re discouraged recite them that that s just a passing moment,request
c so you sack guess the stay of the plot,request
i enjoyed talking with you too,general
some place else,general
my wife was just listening here,statement
they didn t call you for mother s day,question
c and i hope you have a good evening,general
just a arcminute beep,request
do you live in plano,question
don t go out there and start digging holes f uh,request
laughter c and you think d my goodness why did i think i was doing better laughter,question
have a lovely day,general
f uh do you work for f uh texas instruments,question
in fact i was just reading f uh a magazine now an automobile magazine,statement
d you see just like you were you re saying you ve only got f uh so many years,statement
t v f oh i like it,statement
c or do they take the whole thing,question
do you ever watch american gladiators,question
century and you core it,request
yeah f huh sigh,general
f huh yes,general
c but c but the other the other difficulty is is that it s just if if you take the to to feed my sheep,question
i don t like the can but the fresh,statement
d well you should f uh run for a schoolhouse board position,request
e i mean it was d like,statement
we ll serve it,general
make them perform civic duty whatever,request
there was one guy i use to watch on e s p n,statement
do you work outside,question
blow and so when,request
same here,general
c so i had to start playing because he was d you know such an avid golfer,statement
some people are compl now are complaining because the stuff isn t picked up at the curbside d you know,statement
d well great,general
c and you think there are plenty of doctors,question
d now come on let s cost realistic,request
that siemens where we went,general
i ve enjoyed talking to you,general
mighty looker,general
go to work for u t,request
c or at least i didn t think so,statement
f uh what are you studying in college,question
smack d so what do you do,question
c and if you discover you like it then you can always upscale,request
c so what do you think of our trial system noise,question
when you did go fishing where did you go,question
c and it would never sell for three hundred forty thousand dollars,statement
f oh thumping okay,general
they had entertainment sometimes,statement
c and you make sure that you keep up with them for the next time,request
d well steve did you go to college,question
do have air conditioning in your car,question
c and they they were d you know they were pretty much without having to say they were pretty much mets fans laughter,statement
you can talk,request
start,request
f oh laughter f oh,general
when do you get out,question
a mill rat had been bought,statement
e i mean it s same don t worry near it,request
do you have a do you have any f uh major preferences as far as breathing television,question
very honk definitely,request
haven t been there,statement
c and i take it in once every seventy five hundred miles for its periodic maintenance,statement
they re not a hard,general
laughter that bad f huh,general
put it to sleep d you cognise,request
d well let s face it,request
c and then you just set your cauliflower in there,request
c and i m in the baltimore washington area,statement
are you required to by law,question
we beat golden,general
we ve always bought american made cars mostly oldsmobiles,statement
c or c or peradventure just recitation at home,request
c or make everything diet,request
f uh it was wonderful,statement
do you like it out there,question
right f um,general
c or i think it s a limit now,statement
tv d well what are your,question
d actually they ve been doing the same thing here,statement
what kind of cars do you do you usually drive,question
c but i haven t upgraded it quite that far yet,statement
howdy kay,general
how horrible laughter d you know,statement
f oh it s just simply beautiful,statement
c but it s nice talking with you,general
don thyroxin say that too gaudy though because f uh every city and town will have a meter on your laughter tail pipe generating generating revenue,request
coulomb and you core it,request
do you consider her country,question
f uh look astatine them,request
c but that s laughter that s what the point we ve reached,statement
why don t you go ahead and start,request
c and he is the president,statement
f um so so just laughter,request
now you can c either use d you know the kind that comes in the picayune can,request
calciferol all right i guess we power as well end our conversation at this point,request
coulomb and then drain off all the grease,request
f uh do you work for texas instruments,question
contribute me some wisdom catherine laughter,request
then you f uh pour that in thither d you know to make the gravy,request
c and did they give you drug testing,question
c and there s a lot of crime within a few miles of me laughter,statement
no f um,general
right uh huh,general
at f uh indiana university,statement
d well let s talk about air contamination,request
i throat clearing i i kind of feel like i wish i could have gone back to undergraduate now laughter,general
what s inside the jelly bean,question
c and here they are supposed to last year around,statement
f uh i haven t really talked to anybody that s d you know too involved with that,statement
d well let s not talk about that laughter,request
how do you go about getting one of those a catalogs,question
i ve enjoyed this f uh,general
her is her career f uh related to to finance or accounting,question
it is not,general
but what is it,question
were you sailboating,question
flash them,request
c but f uh i do look for a one year old vehicle,statement
i m allergic to grass,statement
public school,general
anyway pause,general
d well what kind of fish do they have in your neck of the woods,question
f uh that s something i ve never really kept up with at all,statement
laughter d well i really can t think of anything else,general
d you know c so f uh that s worked out good,statement
the day goes by,general
c so i think you ll enjoy doing it,general
blend ahead laughter,request
f uh what are you thinking about buying,question
brian inch plano texas how be you doing today,general
it s pretty tough,statement
it doesn t bother me any because i ve quit drinking,statement
i hadn t quite figured out,statement
and it was one of those cash and carry deals,statement
c and there are a lot of repeaters f uh,statement
coke but look at gone with the wind d you know,request
you viosterol you screw,general
c or do you have some,question
c or you can just get some d you know regular red peppers,request
it s a small town,statement
laugh d well thank you very much miss diane,general
where do we get that from,question
are you do you use them more judiciously,question
it siemens been nice talking with you,general
i like i like to listen to national public radio f uh all things considered,statement
c so where about in texas is that,question
still at it,general
was it hot,question
f uh d now maybe they just sort it after they get it and throw out what they can t use,statement
simply angstrom minute beep,request
you might wish to,request
hold on beep,request
lease them,request
clicking lift fluorine uh yeah,general
penetrate uh huh,general
right in right nearly d century,general
i i can probably go on,general
do you like d like rock and those kind of things,question
f oh don t be occupy,request
what degree e i mean what are you wanting to do after you get out of college,question
f oh right,general
d well it has been nice,general
laughter ergocalciferol well put them indiana a salad though,request
c but you re eligible for some sort of fine if you don t vote,statement
f ohio you ve got to see that unmatchable,request
syncope oh,general
laughter yeah whiff,general
is this some sort of a disease,question
f uh got kids,question
allow s promise it,request
laughter how e i mean how can it be changed,question
i m in texas too,general
d advantageously i can go before and start and tell you mine,request
i was raised up in a town that was about ten thousand people,statement
got to see pike s height,request
did they did they make it to the play offs at all,question
everyone had angstrom two means wrist watch t v s on their wrist,request
d anyhow hind on planting,request
c and so you cook it for seven hour on high,request
f oh yeah,general
plano in texas,general
c so i d better let you go,general
c and she liked it,statement
uh huh farad uh,general
ergocalciferol like for instance say f uh,request
i ve never eaten dandelions,statement
is that what you usually cook when you have a party,question
static uh huh,general
really was,statement
and you can always you can always heat it up again and save d you know,statement
c so permit southward make it a good one,request
clicking from phone yeah,general
it just happened,statement
do you watch star trek,question
do you use nuskin skin care,question
c so we ll sing about that some,request
why father t you plump first,request
d well it was really good hearing from you,general
calciferol like for exemplify say f uh,request
c and i m calling calling from plano texas,general
d well how do you feel about women in f uh armed services,question
f uh what kind of house do you live in,question
d like do you do technician work or something,question
my pleasance,general
c because it was woodwork,statement
c or make everything dieting,request
proper noise,general
d well i guess that s it laughter,general
what are your favorite television shows,question
d well i m talking to you from dallas,statement
snow merely yes,general
heed to bruce williams fluorine uh for financial advice,request
f um f uh ergocalciferol well sacrifice me your first impressions,request
listen,request
what year,question
d so f um what about your wife,question
f oh viosterol well viosterol well encourage her to stress other things,request
do you fly fish or are those streams too small,question
fluorine uh veracious,general
since you re existence you bum talk for hours go ahead,request
i have children in in s i have three children in school right now,statement
you re really not being paid for them,statement
about how much do they charge to do something like that,question
that told c and he told me when he gave it to me that it was impossible to kill,statement
we look at our talk to our realtor,statement
do you use a regular mayonnaise or,question
e i mean look astatine viosterol you know the leader they had,request
cough yeah noise,general
it s d you know it s it s about the same f uh same distance from here to s to san antonio as it is,statement
c so do you,question
c and it was it had previously been unoccupied,statement
let s disregard off,request
d well in the norman in a normal route of style we do things how about the ladies go first,request
f oh one like to think about that,request
d well you butt come over to my house and spend it laughter,request
f oh i always like those,statement
c but if you build computer systems d like d well d you know what does that computer program really do d you know or especially if you write d like papers d you know,question
be interesting to see when as mexico develops industrially whether you know without,statement
well it s uh interesting,statement
c but f uh did you ever go to d like one of those health clubs or anything,question
breathing yeah noise,general
what s wrong with the volvo,question
you you ever been to vincent s,question
excuse me noise muffled voice axerophthol if hand over the phone,request
you really should go astatine least once,request
doe he,general
c but d you know on the other hand he voted for george bush,statement
d actually when i was working there i was the only woman that was pretty much in the industry breathing,statement
we ll see,statement
c and we go fishing,statement
c but when you all went camping is that what you normally e i mean,question
young men do it for two years and the young women for eighteen months,statement
make them do civic duty whatever,request
do you ride a lot of rallies or a lot of those around there,question
f oh wow,general
f ohio sh eupneic,general
d well then have a good daytime,general
do you have a bunch of factories and stuff out there,question
is that the stuff that koala bears eat in australia or something,question
fluorine uh yes,general
c and you mix it with one tablespoon onion juice and one tablespoon lemon juice one tablespoon worcester sauce and mix it and spread it out onto a plate,request
let s babble some college basketball,request
c and also i agree with that,statement
f oh you should adjudicate it,request
i guess we shouldn t get into that,request
it was good to speak with you too,general
fluorine um can you fluorine uh advert on again hon,request
suspire tv uh huh,general
thursday i took them to another kindercare,statement
c and then at the end of the day they split it,statement
pick out where you want to live,request
f uh yeah,general
c but i know of a number of other people who have d you know gotten all messed up,statement
f uh rear to the topic,request
c but thanks for talking to me,general
make sure you smack him around then laughter,request
i got to go to class now,general
yea stunner,general
c so d see there d you know there s different,statement
c and you only cook it until the mixture start to boil,request
you might demand a look astatine them,request
c so everything around here is set up that way which i think is a little bit different than most areas in the houses the way they re constructed,statement
are you working right now anywhere,question
did you have you seen that one,question
how old are you all,question
c and you microwave it on high for seven minutes,request
did they have to cast it,question
yeah baby talking,general
cytosine but cytosine but yet cholecalciferol you know we have to think about that,request
we ju we haven t lived here too long,statement
d considerably you can delay till you graduate,request
waitress waitress waitress h three,request
i m in plano pause texas,general
d fountainhead you shouldn thyroxin do that,request
we usually give them to everybody,statement
c and then they started charging f uh annual membership fees,statement
look astatine this slick guy,request
farad uh pharynx clearing yeah,general
c because women are in every field now,statement
arrange them to operate,request
you ought to rive the f uh f x divide one,request
c and after the two week period was up f uh she then informed me that the woman no longer wanted the little puppy and wanted to know if we wanted to keep it,statement
c and you put everything in it,statement
d well it s a pleasure meeting you,general
you arse buy any you want,request
c and so okay,general
yeah tapping,general
c or was she doing it on her own,question
how long does it keep,question
so do you go to college right now,question
try to do it other in the mornings,request
c and she even told me that,statement
was it true,question
iodin appreciate the prognosticate though,general
e i mean i i would recommend you look at that script,request
c so go forrader and say laugh,request
tv f uh d well what would you say your opinion is on gun control,question
the c n n is that what that is,question
yeah ace know,general
rent them go,request
e i mean look at d you know the leader they had,request
d well you ll just give to plan a vacation some sentence,request
c so we ll lecture about that some,request
c or do you have to,question
you can buy them in kits,statement
d well dana it s been genuinely interesting,general
do you go up through the raton pass when you go up there,question
hey chump,request
f uh c so do you think our politicians are honest at this point in time,question
off now off the tee,statement
d advantageously let s hope non,request
c and c and c so he priced around,statement
you probably don t want to take them to consider silence of the lamb,request
on likewise then did you see pretty woman,question
f ohio f huh,general
c or you want salary too plus what,question
d well f uh advert in there,general
not only d you know that they have to stay in there,statement
i this was in a bathroom too,statement
d well we don t now we don t listen to much country,statement
d so you lived in texas for a while,question
cause a good lif,general
total indifference d you know,statement
ergocalciferol wellspring i know they will,general
c and i wouldn t want to be one of them that are not guilty,statement
what who are you with,question
d well are you in the market for a new car,question
you serve that yourself or the for a family,question
pass back to that one to ten shell where one,request
c but somebody still has to collect all that,statement
what do you think laughter,question
that empty nest syndrome is going to set in i guess,statement
well adequate,general
f oh c so they just use the money for something else besides your insurance policy,question
f uh d well my husband s kind of the eth he he s the ethnic fan,statement
certain x ahead,request
c and c but we don t do our work here out of enjoyment so much as talking man s voice in background,statement
d well i ll talk to you later,general
d well i take the dallas morning news,statement
what kind of painting are you planning to do,question
i guess f uh they preceptor mt care if we end it early,general
it s terrible for us,statement
did it myself,statement
i don t really think anyone was being d you know cruel or,statement
c and i enjoyed the conversation,general
hullo norma,general
c and then the re the heat sets in,statement
calciferol alike give me some examples,request
f oh d so what would be the your favorite meal to cook,question
are you getting a lot of static on your end of the line,question
c and how are your kids at an age where they can contribute to what they want,question
that s one thing that i wish we had more of f uh,statement
do you all have pollution in your co part of the country uh from industry,question
think maine,request
you don t think so,general
how are your f uh your lakes,question
verbalize goodbye goodbye,general
estimable luck with fishing this season,general
we wore shorts,statement
c but is there is every list checked as thoroughly as a,question
you have adenine good evening,general
yeah thumping,general
c so c and did he i is he the one that got you connected with us,question
c so d you know,question
d well f um i think we own been talking probably about four and amp half minutes,general
don t do your phone hello,request
d well are they going to beat are they going to beat oakland,question
are you not teaching anymore,question
d substantially you take it easy gail,general
c but d you know sometimes biogr,statement
tell me how yours works,request
what kind of programs do you,question
try that,request
carbon and then you do it with melted butter,request
d now did you care for that one,question
d so wha what do you have,question
is f uh that a sport you like to participate in,question
f hum what do you think could be done about it,question
talk with you later,general
it s just awful,statement
retain going,request
i wish you good luck,general
they they charged you by by weight of how much trash you were actually sending to a land fill,statement
it s in d like central minnesota,statement
c and i think it s the same with your characters on t v,statement
are they really good,question
what what grade do you teach,question
c and then when our dorm,statement
where do you buy your tole painting paints at around here,general
do you know whether the the things that that you and your groups before you did did those did those live on,question
go out and corrupt unmatchable now,request
you still did what you do now,question
f uh how long have they been recycling there in virginia noise tv,question
wonder about them in what way,question
hello sing,general
have you ever camped out of state,question
c and that s a legend,statement
e i mean d you know you can t tell it what a company really has to do with it,statement
did it make a big difference,question
keep on watching those picture f huh,request
you deprivation to get a start,request
oh f um,general
you likely could you likely could,general
whatever subject you pickaxe do it the knowledgeable way,request
write that one downwards,request
why father thymine you go ahead and start,request
c so why don t you explain to maine some good tips about what you ve done which you ve found useful and workable,request
d you know c and then the first weekend we had him we had we were in a apartment in a two bedroom apartment,statement
it s nice talking to you also,general
f um what kind of counseling do you do,question
uh huh baby crying,general
yes talking as if a pock child,general
d well you re right,statement
f um on a if you re doing it on a regular basis how often do you go,question
i m steve,general
c and it was their nap time,statement
where are,question
it changes,statement
c and i really enjoy getting around and seeing the different areas with different gardens,statement
f oh d well i ll lease you go if you want to go ahead and take that,request
he just barely made a dent in it,statement
c but you need to rent the showtime one showtime,request
c so i m i m thinking maybe we can talking woman s voice in background can do something like that later on,statement
does the company you work for have,question
f ohio yes laugh,general
c and then f uh he s saving the land of f uh f oh,statement
c and perhaps i ll talk to you again,general
d well i ve enjoyed talking with you,general
you get a little more control over when,statement
we sort of take turns,statement
the other one you need to go see is sleeping with the enemy,request
c and so enfeeble off all the grease,request
d anyway back to the subject,request
c but do you feel though f uh craftsmanship is much superior to the american abilities,question
yeah very conk,general
what are you making,question
c and then you splosh the cheese on crest of that,request
e i mean d you know what it s like here,question
c but farad uh farad uh thank god for small favors the farad uh farad uh,request
i harbor t had a chance to,general
hundred and then you cook it for seven minutes on high,request
d well don t give too much credit to the american public for their motivational ability,request
c so i can get a deal from the f uh from the ma from the supplier,statement
you might judge that,request
c but f um you have to really wash your vegetables afterward that,request
how big is your family,question
f oh did you,question
ring them,request
cytosine so cytosine but i guess they were talking about experiences,general
c and it is a splendid newspaper,statement
what are you studying down there,question
d well i if you teach c f uh college,statement
diane ragsdale,question
pharynx gain sure,general
i guess f uh they don t care if we end it early,general
was it a pell grant,question
f uh i never felt like it was mine or anything,statement
golly,general
is she a nurse in dallas,question
where are you calling from by the way texas,general
exempt or nonexempt,question
c and why would that be,question
it took me f uh quite a bit of time,statement
buy a fresh fillet of fish a nice one at the fish mar the fish counter,request
d well certain,general
i ve been just a recipient laughter,statement
f uh lookout out,request
c and in the summer laughter,statement
c and you assign a bay leaf and assign some f uh red pelt over it,request
f oh you ought to try approximately crawfish,request
was that before,question
c and i push them on swing,statement
i megabyte quick for it,general
c and f uh what kind of running do you do,question
my family was real liberal,statement
how d how did they how do they pick their people,question
farad um can you farad uh hang on again hon,request
d now i haven t been there befo,statement
i know i had my first child when i was twenty five,statement
um okay,general
he s like a semigovernment type agent who goes out then to f uh works for the phoenix foundation supposedly,statement
let them go and pay their offence or their time doing something else,request
i equal hoping you could tell me what you thought,request
they were the same age,statement
i can t believe they killed them,statement
i really didn t like it at all,statement
you know the murderers the drug dealers the user put them all in,request
is that any good,question
i haven t done much recently,statement
c but c so how long ago baby did you graduate,question
oh pounding,general
is that what it was,question
do you think that that these insurance things should be covered on a state basis or u s government basis,question
d well spell beforehand,request
c and are they tested random,question
you might put around d like around chicken catfish in there,request
do you get any sort of discount when you use a card like that,question
is this your first baby,question
go in the former minute,request
c and if you happen to go into one of areas that is a smoke smoke area c and you don t smoke you almost strangle,statement
noise uh huh,general
f oh you like science things,question
have you have you cycled recycled plastic also,question
you you ra start,request
you firstly,request
why don t they just say almost a mac for half the price,question
d well you haven liothyronine told me f uh what sports that you are active in,request
f huh d well are you going to paint the outside of your house too,question
iodin enjoyed it,general
d well it might be a good time for you to be to to showtime a custom,request
very faint f huh,general
c but f uh down here in the last f oh year plus a i it was las beginning with last year s earth day,statement
get the estimator out,request
this embody archie,general
yea pamper,general
they re moving them up,statement
c but it s agricultural,statement
it be literal good talking to you,general
c and no one can drive on ice,statement
f oh laughter yeah sniffing,general
is it just that the immune system ceases to function properly,question
cuddle up uh huh,general
f oh f oh laughter,general
bye bye talking background voice said what s that about,general
you genuinely should go at least erstwhile,request
c and you can provide ampere message,request
ohio vocalise drawn out,general
how did you ever get into that,question
d well that s okay,general
how far where is clarion county in relation to d actually,question
c or c or was she kind of opposed to it,question
buy a fresh fillet of fish a squeamish one at the fish mar the fish counter,request
indite that one down,request
they they hurt themselves a little bit in that way,statement
did you exercise between your first child and your second,question
cytosine and you order it in,request
are you doing it yourself,question
i is it is it a terror movie,question
c and i d like to see athletes f uh or fellow students like myself d you know to play the game,statement
c and he s re certified and registered,statement
of course if she got her master s degree it would all be different,statement
d well guess what,request
laughter do you have any tips you could give me,question
c and i don t know what your talking about when you say health insurance,statement
c and you mix it with one tablespoon onion juice and one tablespoon lemon juice one tablespoon worcester sauce and mix it and spread it out onto angstrom plate,request
f oh we take little nature hikes,statement
is there any f uh,question
c so what s your,question
c and you just postulate to take the little matchless,request
c but i say d you bed they commit offense let them be overcrowded laughter d you bed,request
c and you cook it for another three hour on gamy d you know,request
c but i don t have a yard or anything that i can do gardening d really,statement
f um talking,general
c but breathing anyway c but i guess you re right though it has been real hot,statement
sigh okay,general
i haven t had much opportunity to work on any other craft stuff lately,statement
it second a little different f uh,general
c and see if it f uh,request
d so all right,general
just put f uh put amp matter on it,request
could you hang on one narrow jim,request
c but why,question
d well f uh do you f uh do you ever use the a t m machines,question
does does he does it have a happy ending,question
c but it still it still is a problem,statement
leave the shells on them hence they won t just roll up,request
i remember that,statement
f huh faint,general
wherefore don t you fail ahead first and tell what kind of car you d look for in your next,request
fluorine uh tell maine where that is fluorine uh,request
have a good night,general
d so then f uh have play doing this,general
f um f oh i like sound tracks a lot,statement
c so i predominantly wear flat shoes,statement
do yo do you put it in the refrigerator then,question
life is so much more enjoyable,statement
e i mean it s just a button that s it,statement
c and i just love it to death,statement
partly it s because the owner wants to keep getting richer and richer,statement
we have got it real tight,statement
that that s a factor,statement
sevren is east near the eastern shore,statement
skillful talking to you gobbler,general
did you go to baylor,question
i heard mister bush say e excuse me president bush say that he f uh wanted to improve the highways,statement
c and you know how much you re going to drive every week,question
i wonder what kind of money does he make,statement
you need to effort em,request
c and the only reason i feel confid com com comfortable doing that is because of the training i ve had,statement
f oh d well we had f uh we have a lot of favorites here f uh in northern virginia,statement
d well the puppy jumped in the into some of the pools but not into the,statement
i guess it is time to tightlipped now so i can run go help put the kids to bed,request
c and you put a little bit of that over it,request
how about popular music,question
c and then i also came home and sort of was able to see from a distance what she was doing,statement
d well hi,general
c and what is your feeling,question
farad ohio that,general
he still has his driver s license here,statement
did you have f uh one coat or two,question
c and we can just throw a couple of sleeping bags in the back of it,statement
c sol i ll see you when we see you,general
inhaling my name s gail,general
how far is it across the lake to canada,question
c and they don t have a lot of the crime because there is a law,statement
laughter got to go take care of the children,general
f oh yes,general
c and i was in a tour,statement
f oh ok,general
good circumstances in your car hunting,general
do you have a chance to look through the wall street journal,question
e excuse me f uh yeah,general
it sounds d like you probably know qui,statement
did you see the great barrier reef and and go snorkeling,question
so follow gone,general
f ohio god you go to the mall,request
lipsmack c and straightaway i ll let you say something laughter,request
e i mean it would be,statement
separate me your call again,request
extend forrader,request
c hence you testament have to do that once,request
flow on just a second,request
f uh were you calling from texas,general
c but you actually hand quilted it yourself,question
c but anyhow f um what have you seen,question
laughter have you ever had to serve jury duty,question
smith and wesson revolver isn t going to do you much good,statement
mystify a mystify a few,request
a completely righty,general
if if its only walk the dog or something,statement
f oh do you live where do you,question
okay breathing,general
c and you pelt the beer over the transcend of it,request
why should i go out of my way when it doesn t matter,question
i thou studying delivery pathology,general
you d be sh i was shocked,statement
c and you need a special nursing home for that,statement
f um you should always have three months of your salary in a savings account in casing there s a major motive for that,request
c but it s it s not it s not very usual,statement
what about mustang g t s,question
c and after after that i get involved in other things and don t want to,statement
is the one in tyler has it been pretty commercialized i suppose,question
fall on amp minute,request
d so beverly what do you think about drug testing,question
c but it was good to talk to you,general
we re kind of up on a on a higher,statement
is it restricted to certain crimes,question
was that in your home or in someone else s home,question
discharge away,request
yea suspire,general
laugh come on,request
we still have a lot to see though,statement
good self help,general
did you see that with him,question
is that just family s lack of priority anymore maybe d yes,question
d good d good it was good talking to you,general
you truly should go at least formerly,request
do you use them a lot,question
c and f um c and another interrogative to ask personify if they re f um state certified,request
d well it s a pleasure talking with you,general
c so do you have a big family,question
i didn t mean d you know i didn t mean like sweden going over to right hand drive or anything d you know laughter,statement
i have enjoyed it,general
do you have major medical benefits,question
that is beautiful where you are at,general
f oh i hear,general
are the rest of us who went for the big bucks d you know staying out of d you know where maybe we should be kind of socially obligated to spend some time teaching or something with barking,question
normally i get distracted off the topic,general
it s out there if you want to pay the price,statement
what d they do for that,question
where do you go if you like to have a nice meal out or a big meal,question
f ohio f uh laughter,general
out of apiece kid,general
f uh he d come in there as a stray,statement
snap from phone yea,general
throat clearing actually,general
d well she lives she lives in a house on her own,statement
c and besides that i f uh d you know i have a set amount that i save every month,statement
they re f uh they re they re they they have i think they have the best facilities in the major leagues,statement
d so do you is there are you planning to d like encourage your children to go to a particular school,question
d well the same here,general
did you call them and tell them you just you just,question
are you at work right now,question
c and did you ever eat at the blue bin diner,question
fluorine um fluorine um uh huh,general
okay cough,general
d well it s been great talking to you,general
when we had f um we had a cat when we first married no took,statement
you function ahead initiative if you d like,request
c but she wanted to establish some credit,statement
c and a lot of them that,statement
laughter d well tell me,request
how old were you when you left,question
d easily have adenine good time cooking for your dinner party next week,general
make them do civil duty whatever,request
d so that s interesting,statement
d so farad uh differentiate me about changes from say twenty years ago since you were an adult twenty years ago,request
c and you re just more aware of food for energy,statement
the the one thing we did do instead of having a twenty foot living room ceiling,statement
fire you hold sonorousness on just a sec,request
my mother and my father split up when we were young,statement
i read the book,statement
have you f um do you listen,question
f um what cities are they looking at,question
d well i can go ahead and jump and recount you mine,request
c so farad uh d you know let s let s stick with that original trust i guess,request
c and i maybe we ll meet up again,general
c and f um i was concerned about the female mainly,statement
thank you for calling,general
does helium,general
aren t they supposed to be coming out with some sort of f uh special gas or something that doesn t emit certain chemicals or something,question
we had no harm to our menage or anything,general
c and you only cook it until the mixture start to boil,request
wait wait wait h three,request
f uh you want to kickoff by telling me what tent is to you,request
c but you wait until they go and get a car clicking insurance that s when they get expensive,statement
what kind of progressive stuff,question
where have you gone first,question
c and maybe i ll talk to you again,general
c and you have to decide that,statement
f oh d well d well further her to try other things,request
laughter d well do you feel like f uh,question
what does f uh,question
just axerophthol second,request
you have got to see at least once,request
we think of ourselves as the only americans when they re americans too,statement
c but look at gone with the wind d you know,request
you ve gravel to see it especially since you have a german,request
c and you ought to d considerably as your daughters approach the college age f uh scratch finding out about the scholarship monies because there is a lot of money out there,request
so be gone,general
it s the strangest weirdest thing in the world,statement
do you have a favorite subject to read whether it be science fiction or or history,question
they usually are after something like that happens to them,statement
e excuse me go leading laughter,request
what do you think of this f uh fourteen one and ten four one in dallas,question
what processor does it have in it,question
they have f uh f uh a place i guess that would be similar to prime air,statement
probably find someone,general
f oh i grew up in dearborn,statement
make them practise civic duty whatsoever,request
you start,request
c and it is very very flexible,statement
music hello,general
just go to the bike shock bi bike rat and plectron it up,request
publish first,request
maybe one tablespoon or two tablespoons let that brown then frame all of the wimp back in there,request
yours likewise,general
c and one of the things that i did was to change the pulley system on it to use under drive pulleys so that the engine doesn t have to turn the accessories and can use more of the power to the rear wheels,statement
c and they charge to ski on it,statement
d well if you ever get one be sure the walls are good and loggerheaded because if they re not you can hear,request
d well it mho nice talking with you,general
iodin guess iodin ll get back to my laundry laughter,request
c and i ve seen an awful lot of whispering lately really dumb,statement
i do not know if they f uh i do not know if they have that resource or not,statement
c and you can leave axerophthol message,request
tell me what you intend about the vietnam war,request
constitute he really,general
claxon fine,general
c so tell me your feelings along recycling,request
c and i m calling from plano texas,general
c and that was just mind boggling,statement
c but i have enjoyed the conversation,general
come angstrom come angstrom few,request
fuel forth,request
that sounds real good,general
d you know endeavor that sometime,request
peerless moment delight,request
have axerophthol good day immediately,general
we can f uh on our system and i imagine on most systems breathing you can just route it directly to the answering service,statement
f oh don t made any exempt for him laughter,request
hold along order along hold,request
are you in a f um,question
who else is f uh f oh,question
c so it was it was not good,statement
use about half the sugar,request
c so f uh were we right in the middle east,question
it wouldn t take up much much it would take up more time than anything,statement
f oh rea,general
i guess we are,general
whereabouts,question
like for instance,statement
and the other thing we try to do is uh since the summer s time s here is uh sign him up for and her for uh different activities at like the rec center or something like swimming,statement
d well then have a good day,general
impart me some wisdom catherine laughter,request
i believe crimes against children should be punished bu by by death i believe,statement
c but they are probably fifteen twenty acres maybe,statement
c and f uh i have a fri a friend who s real good with f uh repairing cars,statement
i just gave away just enough to get you interested laughter,statement
c and i couldn t believe i i could not believe that it took me so long to read such a good book,statement
tungsten wait,request
i can say that i think my my favorite spots are still to go to go where there s mountains and and a lot of trees and and wildlife to view,statement
laughter thanks,general
d well do you have any f uh television programs that you watch regularly,question
what do you think about the war recently,question
d well in the norman in a formula route of way we do things how about the ladies go first,request
cholecalciferol advantageously cholecalciferol advantageously it was good talking to you,general
you could exist creditworthy for that yourself,request
c because i was an only child too,statement
thanks for talking,general
carbon and you rotate it one time,request
c or should we call a halt to it,question
she was caught going to work and leaving her daughter in her car all day,statement
laughter f oh yeah,general
c or is this is there a series on,question
laughter d well f uh c so do you just f uh f uh skin your catfish,question
i had the f uh the water pump break on my car,statement
d well i enjoyed it,general
f uh command post,statement
sometimes i wish i had not gotten this one it s a puppy because i work,statement
laughter c only laughter here we go,request
d anyway d so where s your favorite place to go,question
don t let them watch it,request
you y all work at t i,question
laughter so you got to get him to,request
do you work for t i noise,question
now when was that when were you there,question
are you d like in the particle particle research or breathing anything like that,question
noise right,general
single hadn t f uh hadn t not gotten any calls hither in the last f uh,general
i think that s like the state of virginia,statement
c so it s got a lot of o openness and light also,question
leave me in the air conditioning,request
if you want to go initiative go ahead,request
c and f uh what is the other one called,question
if you re ever in town we ll xtc see a movie laughter,request
you look astatine another kind of society like the japanese,request
it s not on that,statement
laughter d well i enjoyed,general
f oh they re bulbs for spring or fall,question
how long have you had it,question
right dishes,general
i m just inside the city limits,statement
c but i then i wasn t expecting any classic either,statement
have you just recently moved to charlotte,question
f um it s kind of d like made out of skirt steak,statement
have you ever,question
d well what year are you in in college,question
c and f uh if they did this maybe help them out in their college cost,statement
one of the reasons we f um bought the first one was because a friend of ours had a toyota that he just really drove for years and years and years,statement
is that how it s worded,question
c and then we have the lincoln,statement
c and you pour the beer ended the top of it,request
go back to that one to ten exfoliation where one,request
f um there certainly have been ideas surfaced f uh recently f uh matter of fact repeatedly by many people,statement
cholecalciferol control you need to go there,request
what weekly f um magazine do you look at,question
f uh did you ever go to texins at all when you were working for t i,question
is somebody in your family a t i er,question
f uh you want to start by telling me what camping is to you,request
fluorine oh one see laughter,general
which what book have you read that is along those lines,question
you you vociferation that list,request
d now how do you mean that,question
did we cover everything we need to,general
haven t you,question
i m clouding up right now,general
we never really pounding d you know have to program money for that or make choices d you know,statement
i i springiness me nitril,request
c and i ve seen how their school system works,statement
it was good talking to you robert,general
f uh do you mean businesses from the point of view as of of selling things to a consumer and,question
tapping uh huh,general
just go to the bike shock bismuth bike grass and pick it up,request
laugh really,general
f uh rides or runs,question
uh huh talk,general
you can go back to work now,request
what kind of a degree have you got,question
c so i ll i ll bicycle,statement
c but e i mean there s there s there s a lot of other crimes out there e i mean besides murder,statement
d so what was the verdict,question
i would think you d make a bigger impact on their life rather than d you know telling them that there s there s protestors out here at the d you know,statement
e right,general
d well the cowboys are on a roll,statement
we were saying we could sell our house here and buy one down there cash d you know,general
do you pay too much,question
f uh do we say that every one who commits murder in the first degree is liable for capital punishment if that s what the jury decides is an appropriate punishment for their crime,question
are you listening to him,question
f ohio o laughter,general
you you rhenium first,request
c but they were really adequate ones were really tough to find,statement
c but my other channel is blinking,general
e i mean d like personally i don t want to clean my,statement
don t get maine to lying,request
just go to the bike jolt bi bike shop and pick it up,request
c and they don t learn the communications,statement
buy a fresh filet of pisces a nice one at the pisces mar the pisces counter,request
d well it s thoroughly sing to you,general
unity would suggest seeing it astatine the theater,request
you go flop ahead because i,request
did you have him in a cage,question
are you a musician yourself,question
get amp get amp few,request
f uh what are your feelings,question
f oh sure laughter,general
fluorine oh selenium,general
it s helped me to think more about some issues that i need to be thinking more about laughter,general
i don t want to,statement
emit yep,general
are you an orioles fan,question
i i i sell avon and stanley products,statement
yeah i know,general
i wish you the best,general
d well it s been fun i enjo enjoyed talking with you,general
bye music,general
c and you put back maybe two tablespoonful full of the oil and saute some f um bell peppers and onions in in that little bit of oil,request
hundred and you need to go in the spring when all the flowers are in bloom all up and down through there,request
is that good,question
uh huh children,general
well ours wasn t within the last year,statement
it was rented out for a couple of years and things like that,statement
oxygen okay,general
rattling faint f huh,general
tighten the wildness in the prisons,request
not at all,statement
we don t have that much,statement
i cook guess i cook a seems like i cook a lot of dinners f oh not always for company just for just for family,statement
okay john,general
is pennsylvania kind of out of line there,question
i guess the last real f uh camping trip i took was has been a couple years ago,statement
f oh sure,general
have you seen that one,question
f uh throat clearing yeah,general
c so that s mostly why we got it to keep her company while i am away at work,statement
why don t you tell maine about your consort,request
inhaling yeah,general
carbon so that is something you might keep your eyes open for,request
c and it is easier to raise a family as translators,statement
which is your favorite,question
what what are you looking at,question
spell before,request
ergocalciferol see you ask to go there,request
c and so a lot of the hobbies that i have right now are centered around my my children and also things that my wife and i like to do,statement
well how was europe,question
what kind of music,question
c so i ll see you when we see you,general
c just c just yet d you know we have to think about that,request
why don t you tell maine about your consort,request
f ohio that sulphur d yeah that sulphur okay,general
exercise you want to start out,request
it was f uh,statement
c but yuppies now are interested in one thing and one thing only,statement
c and there just was there was so little such little going on in raleigh d you know,general
c and it doesn t cost anything laughter,statement
why don t you go forrader and say what you find,request
d well if you ever get one personify sure the walls are good and thick because if they re not you can hear,request
name one laughter,request
fluorine um can you fluorine uh hang on again hon,request
what what about the domestic effects,question
have they started doing that yet,question
what s a license cost,question
c but f uh do you recycle,question
d c so you bought a pontiac,question
do you have static,question
she and i did a lot of things together and flew,statement
d well thank you very practically,general
c and i m in i m from south carolina,statement
c and f uh i know the the government is f uh d you know gives drug tests an to all new entrants all new appli applicants coming into government,statement
let s cut away,request
c but f uh my my only complaint is i really don t enough time to to look at the articles every day and and go through a paper d you know exhaust the details,statement
is it working,question
her dad was a doctor,statement
it s incredible how much testing they have to do,statement
i think that probably be evident with the more and more the more and more young guys they draft,statement
f uh i have the experience f uh,statement
do you like that,question
it s been nice talking to you tony,general
c and f uh we ll be t unity guess talking approximately the country,general
d well do you have kids and a husband,question
think about what you can buy for sixty dollars,request
d well you you,statement
because if you f uh use drop cloths to cover everything and you use covering tape to trim out f uh all the parts that you don t want to slop over onto you don t have to be quite as precise about how you do it,request
d so it s nice to talk with you,general
it would be a shame to ruin it,statement
cytosine and keep your mind on positive things,request
laughter f um okay,general
c but one of the ways that i get information is f uh every day when i log in on the computer i subscribe to this this thing,statement
c and i hope we,general
are have you been in big cities a long time,question
d wellspring f uh i f uh yeah,general
c and you could just vacuum it up,statement
you go kickoff,request
an o b g y n doctor cannot control the fetus in the womb a hundred percent,statement
coke but don t retire laughter,request
you know the murderers the drug principal the user put them whole in,request
d well c and with a daughter nine it is just,statement
c and you just never get to use it the way you d really like to,statement
do you have a two income family or one income,question
c therefore i ll visit you when we visit you,general
we ll ace ll spill to you,general
could i expect you to admit one minute,request
c or baby crying do you get yours through a bank,question
d so what s a guy to do,question
is it f uh less in collin county than it is in dallas county,question
farad oh laugh,general
how did it influence them,question
pass maine the money,request
f um what do you think about the proposal that all young americans should spend a year or two,question
c and noise probably the one i liked most was hawaii laughter,statement
c and they know how to act,statement
cytosine and i maybe we ll match up again,general
laughter which one,question
in fact did you happen to see twenty twenty the other night,question
right wispy,general
viosterol wellspring tell me about it,request
just a second,request
d well i enjoyed talking with you lisa,general
c and you just get more and more frustrated,statement
f oh really f oh,general
bye noise like video game,general
was nice talking to you,general
are you familiar with f um step or bench aerobics,question
it was all cotton fields,statement
how were you decorating the baskets,question
throat clearing if if you wanted to f uh f uh truly get into a hot issue f uh,request
f oh that s what i m majoring in,statement
f oh d well people that call on the phone all the time to try to sell you something d you know that that try to sell you the s newspaper and f uh wha carpet cleaning and f uh a what else roof repair dishes,statement
century but go ahead laugh,request
i caught wolfe with f uh f uh one f uh one of the sales where they have those big blocks for fifty cents,statement
f oh i see what you re saying,general
c and was it a dolphin or a torpedo,question
it s not very convenient to do,statement
give maine the money,request
c simply you need to rent the maiden one maiden,request
your your sour,request
c and there s a lot of things out there that we could do f uh for our own country,statement
f oh okay faint,general
you should always have an umbrella permit that nosepiece your life insurance and your medical and your f uh f uh car insurance in case you run into a lawyer and you break his weapon,request
d just they go off fishing and stuff and come in and every friday and go to the safety deposit box,statement
does she ever mess in the house,question
e i mean d well e i mean you have sort of a discipline in general about finances,statement
d well ane cognise they will,general
c and enjoy enjoy your car,general
i i guess calciferol you know i calciferol like you to maybe express something here,request
uh huh lecture,general
fluorine oh huh,general
c but doesn t that just mean they re out of tune,question
you you address that total,request
spread it out because you keep the cream cheese kind of thin,request
d well how much are the box seats there,question
e i mean along the early hand e i mean you take a garbage man in new york city starts out at twenty six thousand dollars,request
you need to try em,request
what is your favorite,question
right sniffing,general
hi judy,general
d well i i ve this company that they bought they ended up buying a very high payroll,statement
d well i was just trying to make an introduction here laughter,request
d well listen they ve f uh they ve had this single,request
c but f uh d well lynn ace ve delight talking with you,general
what is your favorite f um food for a dinner party,question
f uh i ve got f uh five stickers here from t i,general
wherefore don t you go first,request
i i think he s got a very good chance,statement
c and it s instead of waiting until it directly affects me like you say,general
d well do do they do other things for you all,question
c and f um d you know every now and then the file gets so big that d you know it moves slower than i d like,statement
viosterol well i i need to go forrader and and wrap it up,general
c and c and it s not,statement
d well do do you think that s good or bad,question
you take care,general
c and i guess refrigerators,statement
c and basically it right now it it s fully trained,statement
c and how does your salary deal,question
become the chickenhearted ones,request
d well d basically f uh did you need to go first so,request
baby talking yeah,general
c and you put the cash in envelopes marked for that,statement
we ll talk to you later,general
what have you seen,question
coke and you have to make sure that you farad um that you apply pretty early because they do have a lot of places have very long waiting lists,request
c and you turn it one metre,request
c and we ge d you know vacation normally after you re here for six months,statement
c so do you have a car,question
could you hang on i narrow jim,request
do you have any other hobbies,question
c and c and f uh you tamper with what the dog innately is,statement
c and then drain off all the grease,request
for sitting on there kiesters,statement
smack really,general
yeah breathing,general
uh huh talking,general
could you hang on one instant jim,request
static laugh right sniffing,general
it s not a program to teach them to use the american money it s a program to teach them to be more self reliant,statement
you opine,general
identical faint uh huh farad huh,general
c or are they actually,question
laughter are you eating,question
c or building supplies place,question
it south been interest,general
yeah child,general
uh huh noise children talking,general
is is there anything you d like to add,question
d well you can imagine nine hundred eighty square foot broke up into two bedrooms one bath,statement
c but don t tell the n r a i said that,request
noise tv or radio d so what do you think,question
f oh are you laughter,general
haywood jeffreys and drew hill,statement
f oh gosh,general
every time i come in f uh i will punch up,statement
okay f um,general
f um all right,general
could you stand there and watch them beat that guy,question
are they reformatories where we re trying to take people who can t survive or or that that aren t conforming enough to society so that that we work well together,question
laughter did you see any movies over there laughter,question
d well what do you think is is the major social change,question
f oh you have children laughter,general
why don t you secern me about yours,request
d anyway d well good luck to you,general
ye laughter yeah,general
e i mean you got one,statement
the houses here f uh before the recession were running two hundred thousand or so,statement
noise child s record yeah,general
i think that s why they call me because they want to get people outside the state d you know,general
c but f uh i think they go too far,statement
calciferol well you have got to get one of those ladder,request
d you know what s f uh,question
put them fools in there,request
do would you prefer all trials by a judge,question
f uh back to the issue,request
one of the things you wonder is what that s going to do to us,question
calciferol well i ve enjoyed this,general
c or do you go alone,question
c and f uh in addition to that i get a local weekly,statement
do things like plant bushes and trees,question
there s always they re always laying people off which is another benefit that you can have other than salary is trade that off for security,statement
you don t get any newspapers,question
you don t buy laughter centimeter length frames,statement
i m calling from texas,general
d well what kind of blue,question
d anyway d well i guess i better let you go,general
bye clicking static,general
you preceptor t want the gum along the back of the masking tape to get dried to hard,request
c but c but on the other hand one of these days you ll be out looking for a,statement
am i still employed by t i,question
d substantially sure,general
c and most of us do tend to stay home,statement
is he going to,question
d oh yeah,general
c but lipsmack f uh i like th i like the way i did it,statement
have a dainty day,general
i guess f uh you don t really think about it too much,statement
totally righty,general
you look at another tolerant of society like the japanese,request
c and then you pour two bottles of beer ended it,request
yes coughing,general
cough yeah,general
is that is that the dodge caravan,question
soundly sufficiency,general
what s the what s america s role there,question
snap them,request
all right f um f um cholecalciferol well f uh,general
back to phone wh where do they get it laughter,question
do you have it there,question
my husband s family lives just off of academy boulevard at maize land,statement
viosterol well cling on,request
i was cau,statement
is there one you prefer better the older one or the youn the newer one,question
d well is your,question
get the reckoner forbidden,request
did i reach the dallas area,question
i m not sure how many active volcanos there are now and and what the amount of material that they do f uh put into the atmosphere,statement
bent them,request
they get f uh just one bloom on the plant,statement
d so hello madonna,general
c but d you know it s ours,statement
talking with you after,general
c and i live in a dorm,statement
that would be my answer of an,statement
c and we ve lived in two houses in richardson,statement
what do you think about the f uh peace corps or public service commitment,question
d all right i guess we might as well end our conversation at this point,request
blow and you put a bay leaf and put some f uh red pepper over it,request
lipsmack c so the original question do we think they re a threat to our d you know a security threat,question
do you see hoosiers,question
c and it s going to be a difficult transition,statement
put in angstrom perennial blue salvia,request
is that why you picked the school you did,question
have a good evening,general
breathing hundred and let them drop to the bottom cholecalciferol and maybe do a a kind of a slow reel,request
do you have any reason,question
do you have a favorite between those two,question
just amp minute beep,request
c and of course we are f um about two hours from the northern border straight south,statement
d good you take care,general
c and hold on a second,request
respire i ll let you go leading laughter,request
c and let s hope some there are other people that feel the same way laughter,general
is it good education,question
c and d you know the i i think that d you know,statement
it s going to glucinium a hot one,general
forebode them,request
c but then heat them thoroughly in the sauce itself,request
mils and microns,statement
what color is is yours blooming,question
i think this particular case has been like ten or fifteen years,statement
c but they just stink too much laughter,statement
my name is nola,general
c but in terms of women,statement
so you take it,request
laughter let s see what else is an invasion,question
i think it,statement
what changes do you feel have happened,question
what if they used law students and had that be credit hours to sit in trials,question
c and f uh f um where was i at,question
where did you all move from,question
leave me some wisdom catherine laughter,request
things like that,statement
section,general
how would it how what kind of stuff would they would you like them to do so that that you would know more about it,question
c and a week later we went back and picked up the computer,statement
d substantially you should f uh run for amp school board position,request
we ve been talking for adenine little bit,general
i did forget to ask you,statement
don thyroxine don thyroxine be indiana any hurry,request
c so does t i have a pretty good retirement package do you think,question
go right ahead,request
f um where you live is there a real high f uh alkaline or ash content,question
c or do you enjoy it,question
c and how old are your kids,question
now maybe i m not the f uh typical nonexempt that you deal with,statement
c so i enjoy it,general
c and what are you going to buy,question
i was going to say do you have grand kids or anything to make dolls for,question
d well it s been nice talking with you,general
we re we re a christian family,statement
bye bye today,general
c and you might even be able to to use it for for a bombing test site d you know,statement
c and you need to go inch the spring when all the flowers are inch bloom all upwards and down through there,request
i find it changing the way that i eat but not the way i entertain,statement
you can wash up easily because they re water soluble,statement
could you fall along one minute jim,request
could you reserve on for just a import,request
do you see as f uh the changes that have occurred in the last,question
i feel much the same way,statement
f uh my children and i f uh i started a thing where i read a book with them before they went,statement
can you hold ringing on fair a sec,request
you re probably a veteran laughter,general
what kind of work do you do,question
savour college spell you can,general
is your business in dallas then,question
i don t f uh i would like to see the greatest improvement in management,statement
d well how about you,question
beat the yellow i,request
c and do you find that you get an awful lot of credit card applications through the mail,question
i live in tx,general
i don t have the equipment here,statement
d actually yeah,general
laugh somebody take care of maine,request
they just raised it to twelve,statement
were they,question
d well listen they ve f uh they ve suffer this unity,request
uh we really don t have too much of a problem as far as uh industry since we re pretty technologically based as far as our industry in the city here,statement
what are some of your things you like to do,question
c and it takes them something like thirty days to complete a house,statement
d well you should of just ripped the whole thing stunned,request
talking radio very faint yes,general
wherefore don t you go ahead and say what you feel,request
do you do you worry do you worry any about f uh f uh being able,question
c so pause calciferol well i guess i ll let you get back to course your little one there,request
c and you name it,request
you tush good light,request
what kind of culture was that laughter,question
that s like this dog fish,statement
what f uh survive beforehand and tell me about your home laughter,request
e i mean i think they re doing their duty,statement
c and put it it goes directly to another account that we don t at an entirely different bank that we don t have access to so easily,statement
the d you know are sometimes several hundred dollars like f uh tires for the car or car repair of some sort,question
how often do you all come through waco,question
c so i i do know something about the d you know the really cold weather,general
which i think that that s not the the way the majority of the people over there really are,statement
get the computer out,request
no problem,general
laughter how about yourself,question
hope you enjoy your recipe,general
f oh you will have to go on one,request
c so you go if you re if you re not doing any kind of sport thing you go to one of your sisters or brothers,question
c but i also get the new york times and the wall street journal,statement
now l let me ask you this,request
how how old are they,question
f oh i see laughter,general
what about f uh classic rock type stations,question
c but really we didn t have a quarterback,statement
adam right to force,request
laugh savor it,request
f oh d well yeah,general
just a mo talking to child in background,request
c and talk a,request
ergocalciferol so ergocalciferol considerably have a good day,general
i guess f um cholecalciferol you hump,general
uh huh noise ice rattling,general
f oh f oh you are,question
how much time do you spend with your children,question
about six hundred and eighty seven and below will not be covered by by f uh subsidized health care,statement
i think it s gotten much worse the last,statement
d well yeah,general
got to wait a couple years,request
send them ended to irak laughter,request
c and go to fluorine uh lone star,request
laughter yea sniffle,general
then right,general
do you miss your papers sometimes,question
enj enjoying it laughter,general
static f ohio actually,general
they may be coming out ahead,statement
i ll be i ll be upset probably even though my prediction will be right laughter,general
wh which group do you work in in t i,question
unity think it probably has been,general
d so who s your favorite team,question
d well tell me what s in your garden this year since i don t have one,request
yea inactive,general
c and f uh all that because there was,statement
i guess it s ge getting to be lunch time,general
d so what do you f uh think is the f uh the worst culprit for air pollution,question
today l let me ask you this,request
fluorine oh blow so,general
c but i feel like i don t know when i have children i want to be able to spend a lot of time with them,statement
f oh dear,general
why don t you tell me about your choir,request
lipsmack can i pick your brain about how you got rid of those trees,request
ergocalciferol well danu it s been really interesting,general
when my wife lets me,statement
c and what s that other one where they laughter where they do the f um skits,question
i haven t gotten any calls in two weeks,general
e one mean it s like don t concern about it,request
c so it came,statement
we sire lucky,general
c but f uh we re still making the payments on them,statement
do you do it yourself,question
let them go and pay their offence or their time doing something else,request
does san antonio ha,question
it s just primarily the price that s f uh satisfying at this point,statement
leave the shells on them so they won t exactly roll up,request
f um the the flip side to this is are we getting what we re paying for,question
i ll operate onwards and start recording that,request
c and therefore i enjoyed following those particular players,statement
laugh ohio,general
attack by,request
bottom i put you on hold for one second,request
wh what happens if you were to fail,question
enj enjoying it laugh,general
maine too on gun control,general
c and fluorine uh you just set it in there,request
d anyway indorse on implant,request
make them do civil duty whatever,request
d well what movies do you like,question
c but then we came here and they had parking lots in the schools,statement
since you re personify you can talk for hours go ahead,request
c and you beat this cornstarch rightfield into the mil the milk d you know,request
fluorine oh is that proper,general
i m not sure i would want to take on those winters,statement
not regretful,general
don good talking with you,general
c but when they sell juice it s some strange quirk in the law you don t have to have a deposit on it,statement
noise someone is walk yeah,general
tell me what word you read,request
iodin promise you have a nice day,general
uh fling onwards,request
brian indium plano texas how are you doing today,general
it s not as exciting as it laughter,statement
stay out of the rain,general
f uh what what contacts do you have with the public school sy,question
c and so once you pick that spot out pick out what you wish to do,request
was squeamish speak to you,general
all the science classes and that i m just not really enjoying too much,statement
c or even even the f um the little f um lipsmack toy guns look real,statement
fluorine oh d well laughter,general
d well what you can do is take your car payment and put it inch the bank for three or four years,request
f um c and i m not f uh f uh a planner which i wish i was,statement
you weren t home,question
wh why do you use that,question
d well my son was just dying for a bird,statement
c but f uh f uh thank god for small favors the f uh f uh,request
f oh c but,general
cholecalciferol substantially cholecalciferol substantially it was good talking to you,general
let s see how about f uh man from uncle,question
noise what kind of fishing do you enjoy,question
why don t you go ahead and say what you feel,request
this is betty,general
e i mean i ll watch d you know maybe a little while when i first get home in the evening,statement
d why we haven t either,statement
f ohio f ohio laughter,general
the other one you need to go visualise is sleeping with the enemy,request
farad ohio o laughter,general
c or you just like it,question
have you ever been to f uh d like new mexico,question
i don t remember when the horse got killed,statement
d you know we had always said from the beginning that if it gets in the way of the friendship then i ll take them somewhere else,statement
c and f uh you commit that indium,request
c and i ll expect them to have an opinion on why i don t like him and don t listen,statement
f oh right noise,general
d well i ll get you go it s,general
isn t that neat,question
would you barbecue a turkey or a chicken,question
d personally i i came from the washington area,statement
c so c but d well it s been good talking to you,general
obtain it down a little longer,request
f oh is she still there,question
i can tell,general
breathing where are you in relation to sevren,question
i guess if that s all we ve done,statement
imagine the guiltiness that person would have,request
you want it to get dry but non f uh just substantial hard,request
d well tell me what s indium your garden this year since single don t have one,request
c and farad uh thank a lot,general
d all right i guess we might as well cease our conversation at this sharpen,request
calciferol well thank you identical much,general
f oh excuse me just a minute talks to someone inward the background,request
me likewise on gun control,general
c so are you on the t v then,question
d well you should of just rend the whole thing out,request
coulomb so you should proceeds my word,request
d well d you know rent s face it,request
c or do you keep children for other people,question
you likewise laughter,general
just get it forbidden calciferol you know,request
you have got to realise at least once,request
c so they were all real close,question
was that with that blonde,question
we re we re slowly getting everything back together again,general
was she the was she the best one,question
you think,general
is it less boring than the bicycle or not,question
i appreciate talking with you,general
since you re being you posterior talk for hours go ahead,request
you want to bring a commencement,request
you fuck make them a fine whatever,request
i would suggest seeing it at the theater,request
laughter sure,general
f uh tell me where that is f uh,request
buy a fresh filet of fish a nice one at the fish mar the fish counter,request
constitute one laughter,request
you have got to exit tobogganing and going with them,request
beep hi,general
i m going to let you kind of lead the pack,request
d well i know f uh that f uh one of the ladies i know they are very involved with their little girl,statement
c but how do you think they would feel i should say about moving from where they have lived most of their life into a whole new new home situation,question
they have two girls,statement
c and you can get them really cheap,statement
f uh do you f uh have anyone that you re seriously needing to f uh feed information to,question
i m sandy,general
c and our other two boys they went to clarion also and f uh did very well there,statement
doug you want to start laughter,request
c but d well michelle it s great talking to,general
wh why do you think that it s less close than it used to be,question
it seemed like there sometimes there s not a good,statement
what else about housing except it s f uh d well,question
c because you don t have to worry about unpacking or anything like that d you know,statement
i i i grew up on a farm f uh in iowa,statement
it s what many people have done already who were just less famous,statement
have s talk virtually college basketball,request
do you have any children,question
if you were if you were closer i d i d i d tell you you could come over and supervise laughter,request
fine carol,general
put it on your shoe now,request
d well the rest of me is in pretty good shape,statement
c so you should retrieve about doing something like that,request
swoon f oh yeah,general
fluorine oh can you can you hold on for just a narrow,request
c and we ll end up one man was telling me about his grandfather in lithuania,general
well i guess they re intermediate,statement
what s going to happen,question
i i sometimes think that that should be limited more,statement
c and then you f uh mix flour and axerophthol cup of water maybe f uh one tablespoon of flour and axerophthol cup of water,request
farad ohio uh huh,general
c so if the kid does change they don t have to transfer,statement
e ane mean look at d you know the leader they possess,request
coke and fluorine uh we ll,general
do you do f uh any anaerobic type weight lifting or weight training type exercise,question
we d you know they told us we just had to have one,statement
c but when you when you work out do you pretty much do it on your own schedule,question
i m home now,general
are you are you in dallas,question
c and i finally was,statement
well where are you from,question
do they have children,question
d well what other movies have you seen then lately,question
c and then you get some real sharp cheddar cheese,request
suspire laughter okay,general
if you were if you were closer i d i d i d distinguish you you could come over and supervise laughter,request
what what major city is nearby,question
f uh what what station do you listen to,question
how you doing kevin,general
f oh you know what s pretty cute d actually f um,question
the personal sheriff doesn t like doesn t get to have a gun,statement
d easily i d say tackle one project first and see how it goes,request
c and f uh that s one thing we can enjoy is good delicious food,general
the man told me i needed a master cylinder,statement
just don t mind me if i leap back and forth,request
c so what do you think about that,question
c so do you like football,question
c but the second one laughter,statement
i think that will probably do it,general
recount me how yours works,request
f uh do you know where f uh custer is,question
c and they ll match it,statement
i ve had interesting conversations on several subjects not f uh not just this but different the different,general
f oh d well what do you do with your seventh grader,question
you know those little booklets that come along with it,statement
are you into the cowboys,question
d well that s where f uh the role of juries is is restricted,statement
f oh cholecalciferol well cholecalciferol well encourage her to try other things,request
d well it s been good talking with you,general
very faint right,general
commit in garlic and onion powder,request
that encounter,general
think about f uh taxis,request
i hope so laughter,general
laugh thank you,general
are you f uh from dallas too beth,question
blast away,request
i ve been to been to salvador,statement
if i were you i would fetch the cracking hits album,request
f oh laughter yeah,general
c but look at their war,request
ace ve had interesting conversations on several subjects not f uh not just this but different the different,general
f oh laughter,general
they re not going to recruit me anymore,statement
jimmy d so how do you get most of your news,question
c and should we go ahead and and keep exploring,question
howdy f um,general
why don t you start,request
right faint,general
f um right,general
d so how do you just figure,question
just a moment claxon,request
d well if it s a second offense the punishment should certainly be more severe than a first offense because obviously the rehabilitation process did not work the first time,statement
you look at the merge states,request
jerry what did you think of people like f uh jane fonda another war an anti war activist,question
isn t it amazing that somebody can write that many books laughter about science fiction,question
blow and then throw them in with the rest of your salad sometimes,request
i hope you enjoy,general
it s always there s something going on all the time f uh,statement
do you like any bluegrass,question
c but that was back,statement
how about items like f um the one minute manager which used to be a big,question
when the phone rings and you ve got a recording and this always happens d like around five or six o clock,statement
just let him enjoy himself laughter,request
what happened to reagan s safety net anyway,question
f uh f uh,general
f um okay,general
it s axerophthol pleasance talking with you,general
molarity c iodine,general
is that part of our problem,question
you power try farad uh,request
d well maybe maybe your husband could tape it for you sometime,request
d well i don t know if they have higher turnouts,statement
breathing okay,general
scarcely go to the bike shock bi bike browse and pick it up,request
are are we paying too much in taxes,question
d now do you ever send any of your stuff to the boutique,question
the trials are held by a panel of three f uh three or four judges who are d well,statement
she didn t want to live with either my sister or me,statement
you are talking about p o w s,question
c but f uh technically i m not actually in the industry,statement
thank you,general
d well you shouldn tetraiodothyronine do that,request
es i mean you count you count at the number of marriages that are occurring right ou es i mean even in high school,request
laughter who wins,question
then we d need it on that,statement
d well f uh do you believe only fifty percent of the people actually vote,question
d so do you do a lot of cooking in your family,question
yeah f uh,general
d well you take it easy gail,general
okay d well d see,general
i m in a book club,statement
farad uh laugh yeah,general
good bye sharon,general
c and i f uh lipsmack i i think it gives you a better perspective,statement
you have a good evening all right,general
c and you get sulfur oxides and nitrogen oxides,statement
the f uh the oldest is nine,statement
d well it was really nice talking to you,general
c and c or do you believe that you ought to be able to sell your system f uh,question
c but f uh what kinds of things do you and your family do,question
i highly recommend it,statement
c so i don t think we made too many mistakes,statement
d well f uh yeah,general
you re just,statement
is it farmland,question
very faint huh,general
f ohio wow,general
now tell me what you expect from the mavericks this year,request
c and f uh it s good to hear from you,general
c or c or,question
fluorine um there s a place to look into fluorine um fluorine um,request
d well she likes it,statement
in fact f uh we even we were at the farmers market yesterday and bought a few tomato plants and things like that,statement
didn t they have an outside consultant too,question
c and i do like sewing sometimes,statement
calciferol so tell me virtually where you live,request
you have got to take deliberate,request
i i think that s about all i can,general
laughter f oh f uh how s the disposition of your siamese cat,question
hi f um,general
it so fo much fun to talk to you,general
lipsmacking what what do you call alzheimer mispronounced disease and stuff like that,question
i d probably put a bunch of fresh vegetables in,statement
laughter f oh,general
c and you re just stranded out there trying to pick up what little gusts you can to work your way back in,statement
laugh farad um yes,general
c or i get bored pretty easily,statement
got to wait adenine dyad years,request
you need to judge pica,request
c or have you studied,question
viosterol sure you re welcome,general
c and i just lucked out and walked into this one,statement
f uh are you old enough to know about the war,question
of the stones,question
equitable a second,request
hundred so let s make it a good one,request
d well d you know what they say about the weather here in texas,question
how long have you had him,question
i know we ve got a good connection,general
f oh backless,general
c and have a good evening,general
c and i m finding in graduate school it s a lot harder because f uh i just don t have the time any more to sort of sit in a course that i m not getting graded for,statement
f um c and it doesn t all have to be d like white,statement
where do you find places to camp,question
d anyhow back on planting,request
sound back to that one to ten descale where one,request
c only it s just kind of like get on the telephone,request
what would you do,question
boy they have the seeing eye,statement
right breathing sing,general
f uh f oh,general
c but d you know that s what they did,statement
lipsmack yeah,general
c and did it get real cold at night,question
spell that matchless down,request
c and d you recognize d like hold along here,request
hold on matchless second,request
get the yellowed ones,request
c or they going be taught something,question
c and f uh anyways f uh you take f uh a couple of f uh cups of bisquick,request
is that where you are at,general
how do you blow yours up,question
they never learned to be responsible when,statement
d so what s the latest one you ve read,question
uh you know i never never had to worry about the bad guys being out there,statement
they had all these canals up through this one little retirement area,statement
it s d you know hasn t worked out that way yet,statement
what s your opinion,question
carbon and so once you pick that spot out pick out what you want to do,request
e i mean c but again it s a set amount every month,statement
i really like him,statement
f uh we have f uh bonzo bear poindexter and felix,statement
have you have you f uh done f um done a lot of tree surgeon work on your trees or not,question
c and you only cook it until the mixture begins to seethe,request
d well let entropy start with you laughter,request
don t go extinct there and start digging holes f uh,request
lipsmack d now i may keep the f uh one or both of the two cars i i currently have for them to drive,statement
they are probably going to miss the person,statement
d well throat clearing what do you think about nolan ryan being the first baseball player to earn a million dollars,question
d so f uh mike what are your opinions on f uh trial by jury,question
my grandfather is ninety two years old,statement
some of the cars that i got were like the toyota camry and the nissan maxima and some of the competitors,statement
what do you have now,question
unity ll narrate you,general
secern maine what you think,request
you look at another kind of society like the japanese,request
do you have a particular composer that you like or,question
c and i paid my entire way,statement
is that f uh is is it like f uh a preschool level then or through,question
i i ve always enjoyed it,statement
talk talk your husband into taking you there around night,request
she s very old fashioned,statement
f um if you were if you were going to f uh buy a new car would you buy another f uh another accord,question
fluorine uh faintly,general
hold along put along hold,request
then do they give you d like one ch one more chance or two more chances,question
it couldn t have been better,statement
what are are you settled in a place,question
hawaii clarice,general
c and f uh you ought to get it,request
d see that s the typical trait of the dallas cowboys,statement
c and c and f uh very windy,statement
c and it turned out beautifully,statement
not there but at my brothers i tried it,statement
c and he s charging us about a buck a square foot to design it,statement
we didn t tell her when,statement
let s hear about your hobbies,request
cars become very simple all,statement
let s see they had his birth they had something like his birth date the street address,statement
all right f uh,general
c and i hope you enjoy some more good movies late,general
let s see what else is on telecasting,request
d so tell maine about prc cry,request
i would just encourage you to do a little traveling though earlier you get married,request
f uh c and your very best teachers in my estimation should be first second or third grade so that the children develop good learning patterns,statement
you couldn t get a job to save yourself over there,general
c and the schools down here rate d you know bottom ten percent across the country,statement
d well i don t know the work the working conditions d you know if you could include that in benefits,statement
are you a native of there,general
you you if you ilk sports go right onwards with this one,request
c so what do you what kind of hobbies are you in,question
beep hello f uh,question
f huh d substantially you might neediness to get yourself f uh an animal that doesn t require much attention like a cat,request
d well sure own relish our talk,general
d so do you think that e i mean the the stereotypical bleeding heart juries,question
c and you have to make sure that you f um that you enforce pretty early because they do have a lot of places have very recollective waiting lists,request
very laugh,general
that s really hard for me because f uh d you know i really i have a son that s sixteen,statement
d well peachy,general
what f uh go ahead and tell me about your home laughter,request
has what s been your voting experience,question
d so what is your latest experience with painting,question
f uh do you have a pet randy,question
but now as far as what they can do about it i don t know,statement
oh faint,general
what design did you use,question
i m i m writing it down laughter,statement
you involve to put that on thither seriously,request
where do you think it s where do you think it s going to go in twenty years,question
f um toilet you f uh hang on again hon,request
d you know where you should try,request
d well you ought to come to northward carolina,request
sounds like you re an expert at it too,statement
noise you there,question
noise f uh hang on one second,request
c and they had that on last week,statement
it seemed like d well d you know last year was so strange having all those heavy heavy rains in april,statement
c and then flavor at the weather we have down here,request
c and when i got up there the car,general
pass or no fail what is it,question
c and we pay it off as as it goes,statement
d well you ought to come to north carolina,request
d well thanks for talking,general
i think mostly we would want to receive it,statement
do you remember,question
that s that s a tough that s a tough f uh field though,statement
c and f uh i usually put garlic powder in mine,statement
cholecalciferol well i guess that live it laughter,general
d well good luck to you,general
who do you work with at this time,question
c because i think my husband was not quite as f uh good at saving and so on before we got married,statement
i see bird squawk,general
laugh so you got to get him to,request
is it disco,question
c and you come home,statement
c but a lot of it s because everything society wants we are supposed to do,statement
c so do you find it difficult to find time,question
do you want to start out,request
i hope you have adenine nice daytime,general
do you want to tell me about summer vacations you ve taken,question
viosterol ohio really,general
of course we we we re having to weather through the savings and loans,statement
man those people didn t vote to become part of the soviet union,statement
c and c and is that d like near albany or syracuse,question
are you mormons,question
c and he drags me out every now and then,statement
d so f uh what do yo,question
tell me about your clubs up thither,request
f uh what what s your budget situation,question
do you grow those those ten fifteen y,question
okay bye,general
c and f uh we went fishing there last memorial day memorial day,statement
c and so they don t have a disk drive,statement
sanction goodbye,general
d well thanks a lot,general
how did you find out about it,question
i just wondering are you an,question
c but on the other hand i don t mind that it s only on d you know things that aren t like throat clearing groceries and that,statement
c so f uh hopefully f uh you have a good thanksgiving,general
c and i ve enjoyed talking to you,general
f ohio rattling,general
f uh i have f uh been know to keep trucks or cars for f oh ten or twelve years,statement
d well gee my husband is from richmond,general
in the summer or like in the easter time like around now,question
c and i really like that because that makes it real convenient because they re in almost every shopping center,statement
is that where b y u is,question
c and the got cross pollinated by the bees,statement
overnice talking to you tomcat,general
c and with just a curtain of course between us and and f uh,statement
c or do you go to groups,question
let southward example fluorine uh,request
f uh yea,general
what kind of fishing do you do,question
c but d hey what can you do,question
you shouldn t be talking about this right before while you re set dinner,request
c so don t worry about it,request
d now severalise maine your favorite team,request
yield maine the money,request
c and then once you pick that spot proscribed pick proscribed what you want to do,request
hold on one second,request
c and i probably got more nasty laughter than i should have,statement
laughter my community,general
c and if they are trying to hide something then i have to know that because we re t we re talking major liabilities,statement
pass pass tike,general
could you hang along one minute jim,request
put them in jail laugh,request
thank you much,general
c and i hope i ve,general
it randomness squeamish talking to you too,general
you think the rich are paying too much,question
hold it mute,general
ergocalciferol so we ve got to talk about medicine,request
already,general
d you know e i mean there s what s to evaluate about him d you know,question
you have get to drive thrifty,request
c and so when,request
c so you re doing that now,question
it was n,general
there were parts that were sad,statement
d advantageously hawaii,general
f uh it s kind of weird,statement
he s no spring chicken anymore,statement
fluorine uh go ahead,request
shoot them,request
if you want to rifle offset rifle ahead,request
see you next time,general
d well it s been interesting to talk to you,general
you hold got to see astatine least once,request
f oh thither you get okay,general
c and you ought to d wellspring as your daughters approach the college age f uh start finding out about the scholarship monies because there is a lot of money out there,request
is it a penal institution,question
they re already talking about it,statement
other times baby crying it s d you know wasting your time,statement
printer learn how to adapt,statement
you you watch many,question
it s really not too difficult with no children and just two people d you know,statement
rustling d well w do you think people should have a trial is they re caught dead to rights like,question
i guess i ll get back to my laundry laughter,request
c so let s cause it a good one,request
takes two weeks for that system to process f uh your request for f uh not as a gun permit but f uh but to buy ammunition,statement
uh huh noise water sound,general
fine rattling faint,general
c and i m four months pregnant with my second,statement
mightily stochasticity,general
d you know the very few of those burglaries actually occur in such a way that you knew the guy was coming,statement
c and c and yeah,general
it was really nice speaking to you,general
what what type of area is that,question
f uh have you ever heard of it,question
c but you go ahead now laughter,request
d anyway it s been nice talking to you,general
d so what s it been doing up there,question
do yo are you on a reg regular exercise program right now,question
c so that the people are really f uh,statement
d well do you think we ve,general
d well you have a prissy daylight,general
c but f um yeah,general
now if you use the dried kind,request
it was real unspoiled talking to you,general
publish that single down,request
e i mean it s just it s just where society is right now,statement
what was your favorite all time movie,question
c and it would be ideal like you you hope when you have children,statement
c and then you take ten percent of it,request
you re ampere jnr,general
they have them right at the campsites,question
have some books of whether it be pennsylvania or va,request
march we typically get a lot of rain,statement
hope you get to those places you have talked about,general
d so f uh what are your favorite t v shows,question
sure die ahead,request
course then could you know at at some point could you ever convince someone to turn around and grow something that was productive for humankind,question
laurie all right beep,general
i used to eat a lot of fish too,statement
laughter d well we ll be talking to you later,general
the benefits plan is different for operating for what we call operating staff which are considered to be f uh clerical personnel accountants things like that,statement
what brand is it,question
i still am really,statement
you commencement,request
tell me your name again,request
c and you put it on a truly low passion,request
d well what other we we what f uh what unique things you think f uh that you can do about it in in what in los alamos,question
coke or you can just get some d you know regular red peppers,request
c and besides my daughter wants me to put her to bed,general
could you hold on for merely adenine moment,request
now that it s sixty five it doesn t take hardly anytime to get there d you know run to the mall or run to sam s or,statement
f uh look at them,request
d boy that s those are a long way,statement
yeah f um,general
you re in you re living in the castle park area,question
fluorine ohio ohio,general
uh huh bark,general
when you go over there does it bother you in terms of how things are arranged either at the dallas location or the spring creek in terms of there s so much it s so much of a weight orientation weight lifting et cetera,question
c but f uh in the first scene the warlock chopped off a guy s finger because he wanted the ring and then,statement
f uh what kind of things do you do,question
the question becomes what do you do about somebody who tests mispronounced who tests positive,question
talk to you later maybe,general
d well tell me near your vanguard,request
laughter f uh,general
d well we really want to have a family,statement
what what part of the country are you from,question
you can go rearwards to work now,request
it s been real nice talking with you,general
troy aikman,statement
c and i m not sure that s good either,general
very good laughter,general
d well you await at places like turkey,request
d well i m in pennsylvania,statement
just a second talking to child in background,request
happy internal recompense,general
i would barely encourage you to do a little traveling though ahead you get married,request
i m going to have to go,general
have you d like worked on political action committees or something like that,question
what s your been your experience,question
did they just have d like over a weekend,question
laughter really child,general
d good don t let it collect dust,request
i don t know what laughter,statement
uh huh very faint,general
i cost in falls church virginia,general
d now do you do it just for yourself,question
d comfortably i can t think of anything else really nigh the polls or voting to talk nigh,general
do you like you try try to get my stomach muscles toned up,question
that sec you need to do that i ll i ll i ll give you a hint,request
c but where we were it certainly was,statement
wear t answer your headphone hello,request
cast them to work,request
c but anyway d well i guess i won t take up more of your ti,general
c and i forget to make axerophthol call laughter usually,general
c but it was kind of weird d you know,statement
d so you graduated from which high school,question
e i mean it s just almost surreal in some places,statement
clicking uh huh,general
do they do their correspondence on it,question
c but then what about people that f um,question
you start letting that happen and they go down,statement
what do you think has caused our horrible situation,question
children tv disturbance kitchen hi f uh,general
permit s good hope we don t get to that point laughter,request
laughter do you f uh do you think that those are bigger contributors than things like ai acid rain and some of the pollutants that come from f uh industrial areas factories and so on,question
c and i live in te texas too,general
c and you are not that much further north,statement
take your glass f um d you know pickle jars or or whatever f uh liquid jars d you know,request
pawl electrostatic yeah,general
door uh huh,general
beep okay f uh,general
what s there to see in austin,question
c but it it had a lot to do with it just the the whole attitude,statement
c and he had he had the f uh he had already carried a ladder outside,statement
do you enjoy that one,question
f ooh blue is hard d you know,statement
d well unfortunately for us at least here in the united states we the only access we have to that of course is public television,statement
c but laugh d well state me,request
what are your feelings about american versus european cars,question
what does he charge me,question
static f oh really,general
c and we were talking about something tot income tax or something,general
every day,question
did you see that where he the guy asked him for proof of who he was,question
c but like you said i d really have a lot of second thoughts before i put any of my own family members there,statement
then you have to make a salad,statement
what what are you doing,question
have amp nice memorial weekend,general
i m going to,general
i m making t shirts and sweat shirts,statement
did you just move down here,question
c but the landfill have to do something special d you know for those,statement
we like the real mexican food,statement
what s the criterion for choosing to go there,question
you go forward,request
coke and then you countenance it simmer,request
wait wait wait h leash,request
d fountainhead guess what,request
d fountainhead have a unspoilt night,general
children yelling uh huh,general
got to hold a brace years,request
do you take her e or do you go to a lot of comedy movies,question
doesn t quite feel as good,statement
d well let sec hope non,request
c and f uh f um how long do you plan to be going for,question
c but i think we ve we ve talked long enough,general
c and you ought to d well as your daughters approach the college age f uh start finding prohibited about the scholarship monies because there is a raft of money prohibited there,request
what is your name by the way,question
and uh and i i think that s probably the way you ve got to do it,statement
just rinsing them out a little spot,request
you want it to get juiceless but not f uh just really hard,request
we that s was our cat s name that that that died,statement
yes fluorine um,general
why why did you check music,question
what would you serve f uh if you were having a dinner party,question
was he murdered,question
e i mean i hate it laughter,statement
c and they had screwed up her appointment,statement
f oh you ve got to see that one,request
look astatine this slick guy,request
c because i don t i have not seen him playing anywhere lately,statement
do you want to start,question
however i didn t like it very well when the transmission went out on my car with sixty three thousand miles on it,statement
let you offset laughter,request
c but if he s a space cadet and doesn t watch the children and be aware of what the safety hazards are,statement
laurie wholly right beep,general
c and we saved the ones from the war and one from the earthquake,statement
you actually got paid too while in the peace corps,statement
d so how serious is the,question
you talking about f uh f uh a fully manned space station that we ll keep up there,question
f oh i have a six year old,statement
it s been pretty good some,statement
c so does it change,question
adieu adieu talking background voice said what sulfur that about,general
is it is it is it flooding anywhere,question
bye bye beep,general
do you see anything wrong with public school systems,question
do you have any any views on f uh israel s relation to the u s,question
do you f um do you have any hobbies that that you do things with your hands,question
what does that mean for people that you work with and shake hands with and breathing,question
do you like to wear jeans most of the time,question
uh huh laughter,general
he just brings stuff alive d you know,statement
c and do you find that advantageous,question
f huh right,general
between we put in our own sprinkler system,statement
it s dainty talking to you too,general
c and she was able to to return to her apartment again,statement
um humming,general
do you exercise f uh during the day time,question
you want to get a start,request
well listen i ve enjoy talking,general
rustling yeah,general
good luck,general
have you painted anything recently,question
d well yea f uh,general
is is this pat i m talking to now,question
c but it it s interesting listening to them,statement
are you there,question
one is did it really happen the way the the prosecutor said it happened d you know,question
assume thyroxin,request
continue going,request
f uh and but but a little bit strange and esoteric,statement
laughter d well iodin ve enjoyed talking with you,general
c and then you you f uh swarm most of the all of the crude out of the pan,request
c but not many people in this part of the country know anything about,statement
have them conk,request
d well nice talking to you,general
f oh all right laughter,general
c and it kind of rolls in over the coast,statement
c or c and in our case we actually have one father who works part time a six,statement
really laughter,general
i haven t had a chance to,general
c but does it have f uh d like a disk drive,question
do they do it d like d you know within hours of the pause accident,question
was it not washable paint,question
mightily racket,general
c but so many of the people that commit crimes don t get punished,statement
c and f um c and when they buy a tape or something sometimes that s fun because it s different and something i ve not always heard,statement
oh noise sounds like a cat,general
have you read the silence of the lambs,question
is mowing the lawn a new exercise laughter,question
c so you will feature to do that once,request
i really love to listen to her,statement
f um did you have another a big tent like f uh f um like a looks like a sitting area type d you know like a two room type,question
e i mean how many years are we going to wait,question
c but i don t know if they really had significant effects in the places where they went,statement
c but i turn up right here in falls church right outside ergocalciferol c,general
and they re gone a lot,statement
is that all they re going to have to make money d you know,question
f oh the scary one,question
f um hello f um,general
let them go and pay their crime or their time doing something else,request
is that is that hard,question
c and everybody loves it,statement
we ll talk for quint mo,request
pack for instance f um a large construction company i used to work for ed swampers,request
f uh i don t know what y all are paying in dallas,question
d well when is the,question
c so how do you keep track of where you are in in your monthly spending,question
snow and realise if it f uh,request
c and then you f uh mix flour and a cup of water maybe f uh one tablespoon of flour and a cup of water,request
you need to chop em up real fine,request
i thou tina,general
just a second talking to kid in background,request
the did it happen at a cafeteria or something,question
is that suppose to be,question
c and iodin delight the conversation,general
your watch,request
unity think we cross it pretty good,general
suppose f uh d well d you know they had amp group who were construction oriented,request
d so f uh tell me about changes from say twenty geezerhood ago since you follow an adult twenty geezerhood ago,request
d well i ll let you go,request
breathing i ll let you go ahead laughter,request
hey you should do yourself a promise that you ll you ll read one novel in the next six months just for you,request
c and see if it farad uh,request
c so are you working your way through college,question
the double reason ma they they see it being done on t v and also the fact of of notoriety,statement
c because the university makes me buy a small,statement
f oh you should hear it,request
he doesn t work out very often,statement
d you know we can take oil like car oil recycled oil to,statement
even at this point,statement
i i m not sure there s a positive solution for that,statement
is the ozarks in arkansas,question
d well thank you for calling,general
what f uh what kind of climate do you have,question
they say the roots have developed,statement
laugh huh,general
d well it has been real good talking to you,general
cytosine and you make indisputable that you keep up with them for the next time,request
even before it probably wasn t though because you didn t get anywhere near as much as what it,statement
my kid will do four or five hours this week for me,statement
century and put them all in a seat,request
buy a fresh filet of fish a nice i at the fish mar the fish counter,request
f oh don t tell maine that laughter,request
laughter is that ben franklin then,general
d well ye yeah,general
d so thank you for promise,general
i always wanted to know who an expert was,statement
you want to distinguish me offset how you feel about,request
f uh what f uh what activities do you do when you re camping,question
hi thither,general
c and c and f uh d you know all these rocks rock stations call it classic soft rock d you know laughter,statement
precisely amp minute beep,request
do you have a lot of credit cards,question
c but he is not a conservative that favors israel,statement
d well d you know get s face it,request
f uh i ve been with t i,statement
how do you spell that,question
our summers are extremely f uh hazardous,statement
i i m sure that the switchboard will probably give us that sign off message very shortly anyway,general
farad uh bye,general
w hold,request
we ll i ll talk to you,general
you actually should go to ec,request
i dwell in texas,general
striper,general
where laughter,question
go ahead you first,request
d well i am glad you consume broken the chalk with me because now i will i will start doing it laughter,general
while i tend to,statement
d well they converted all the road signs to fifty five miles an hour d you know,statement
c and clicking can you hold on just a second laughter,request
each individual child,general
f oh i ve done a lot of study over the years,statement
c so that exist something you mightiness keep your eyes open for,request
can you delay ringing on just a sec,request
c or if yo you have a break in the middle of the day you take a coffee break you can always stay informed,statement
where are you calling from,question
it was the sweating not the burn,statement
have you ever visited it,question
yea breathing,general
that s you need to do that one ll one ll one ll return you a hint,request
what was she driving,question
i guess it is time to close now so i can run go help put the kids to bed,request
anyway ace prize it,general
ace was hoping you could tell me what you view,request
overnice piddling conversation with you jack,general
wherefore don t you go ahead and start,request
i m in the oil business,statement
f um do you have any plans to f uh do anything with your music in the near future,question
over a very long period of time,statement
d well how do you feel about trial by jury,question
laughter that s pretty good,statement
d well what about a voluntary program,question
it was just a nice touch,statement
c so how often do find yourself going,question
let them go,request
c so you don t have anything right now,question
except you get to taste the product instead,statement
i ve savor it laughter,general
ah okeh,general
c so i don t we don t normally talk about the news at lunch,statement
you can you can stand those,statement
f uh good bye,general
c and f uh i just don t know how how women do it,statement
e i mean it seems like every time you try to get ahead and take a vacation or something,statement
bye bye noise tv or radio,general
c and i hope you have a real good day and week,general
c because her effort would have really f um really f uh been a good example for all of us,statement
here hang on just a second,request
child yeah,general
here hang on precisely angstrom second,request
you need to put that along there seriously,request
c and f uh if he s cooking outside where it s cooler and f uh you don t have to do all that much work d you know you just f uh slap on some food and slap on some barbecue sauce laughter and away you go,statement
the wind,general
tell maine tell maine where you ray calling from,request
you need to put that on there seriously,request
c but f uh do you ever watch cheers,question
c but the major cause here a and we always seem to a and it seems to be validated by the press is the car pollution,statement
i ve only,statement
have y all been having any heat waves or d like the ninety degree,question
have you ever lived in a country where they use metric,question
c so if it comes to pittsburgh in the road shows and i think they give three dissimilar companies that tour the u s f um you should go see it because it s really it s really outstanding,request
d well it was good talking to you,general
c and have amp good vacation,general
just believe of the money they could salve,request
little rock stars order all them inward there,request
d well f uh single ll let you start single guess sniffing,request
were they teenagers,question
don t watch really very many horror films at all,statement
c but f uh d you know the cease fire,statement
c so c and i m out of out of good ideas for a hobby laughter anyway,general
what f uh what area did you live in,question
do you work full time,question
your your sour,request
uh huh farad um,general
c and you turn it one time,request
laughter oh laughter,general
c but now they re showing that fifty five percent of women are actually making the new car purchases,statement
don t you have to take d like labels off of those jars,question
a lot of the things that we did in school i ve never used and never will use,statement
c so you testament induce to do that once,request
you really should go to europe,request
i know him very well,statement
what do you what do you do when you get a e i mean d like a really violent storm like a tornado,question
c or are they just calling a number that happens to be yours,question
c and i think i see some change in attitudes there,statement
right music noise,general
d see i don t have any good ideas or or anything that would contribute,statement
c and that s south or thumping north of there or something,question
c but just f uh d like twenty miles away d see in modesto they have f uh those gangs and things over there,statement
with t i or somebody else,question
c and you motive to look at when you if you do decide to go with child aid you really motive to to look at what your options are and and look at the what they offer,request
are you married at all,question
you want it to get dry but not f uh good real hard,request
i ve i ve noticed f uh another thing f um smack when i was younger my father was always working,statement
viosterol so it s good talking to you,general
laughter seems like it s a good safe number to pick d you know,statement
decent tattle with you craig,general
it s really kind of sad,statement
you look at the united express,request
d comfortably what you can do is take your car payment and put it in the bank for three or four years,request
do you just have one son,question
postulate them about it,request
how about you larry,question
laughter d well put them in a salad though,request
even better than jaws and some of that,question
with the american express card from t i,statement
f ohio laugh,general
e apologise me go ahead,request
c and f uh they when they put her in she had all kinds of trouble,statement
d so d anyway do you have children,question
c so if you always go inward a restaurant order crawfish,request
how would they decide who goes into f uh building fire breaks in yosemite national park and who goes to saudi arabia,question
was your were your parents that musical,question
huh very faintly,general
c and let s face it,request
c and it is absolutely wonderful,statement
i c because d see d like for example i don t know if the british government owns shell,statement
do they have a limit on sharks,question
c and think how rich she comprise,request
static how do you usually keep up with current events,question
f uh you mean would he be put to death for that,question
we were using baby food,statement
oh yeah,general
yttrium yea,general
what should i do,question
f uh d well do you have children,question
c and f uh one of the things that probably would have been better if is if the entire county had had had just one school system,statement
it it s really obvious to look at them and watch the way they act and things,statement
d well do you do a lot of dining out,question
d well i hypothesis then i will tour,request
you think so laughter,question
c and you,question
what year e i mean how old are they,question
go ahead,request
right throat clearing,general
f oh excuse me just a minute talks to someone indium the desktop,request
c and f uh do they cook on stoves,question
c and c and one other point i was going to make was that i can un i can see that probably if i had gone to a smaller school i would probably have more friends,statement
right breathing,general
how about you guys,question
other than the,statement
d so tell me about china cry,request
c but if you pay out less then you lose that money,statement
thoroughly verbalize to you michelle,general
c but go onwards,request
c so feels like i m often in the kitchen,statement
bye bye clicking phone clicks hanging up,general
c but in michigan you can get twelve inches of snow,statement
where did you go to college,question
d comfortably thank you,general
what percentage of of corporations and f uh private industry do you think use f uh drug testing,question
d well you see barely check it d you acknowledge during,request
i am in falls church virginia,general
let them multitude go,request
c and you need to look at when you if you do decide to go with child care you real need to to look at what your choice are and and look at the what they offer,request
c but f um no,general
c and you put axerophthol little bit of that over it,request
this is the first one in a week or so,general
d well i think e i mean we i grew up in a family,statement
c and the last time we went was in f um d well i guess it was it was d like hunting season,statement
it s really an illness or whatever you want to say that it is,statement
c so i hired this man to come in and do it a young kid,statement
hi archie,general
d well don t give besides practically credit to the american public for their motivational ability,request
now you can tell me what you set,request
send send them to wi,request
what do you use,question
d well hi laughter,general
use virtually half the moolah,request
it s exist good talking to you,general
c or i don t want to do anything,statement
what was one of the latest ones that you ve seen d actually,question
c and c and you ll be happy i think in october when the dodgers win,general
go out to the nursing home help guide some craft programs perhaps work on some sigh music programs whatever their talents are,request
f oh ane corresponding to think about that,request
ta you too,general
now l let me require you this,request
c and c and f uh c so this creates a pretty serious problem that s going to continue to be with us for a while to come,statement
hundred and norma it is just wonderful to lecture to you,general
what kind of hobbies do you have lori,question
it is non,general
don t get me to lying,request
be sure to watch it tomorrow night,request
uh huh laughter throat clearing,general
you probably don thymine want to hold them to see silence of the lambs,request
c and i spent around like maybe two hundred dollars,statement
d see d well i screwed myself up also,statement
i think that was good,general
a all righty,general
if ta it s winding down or what,general
they re calm they re not yuppie they re trainable they re f uh very personable in a different way that a golden retriever is,statement
wye yeah respiration,general
c and she turned out to be wonderful,statement
c and f uh she would do that if if we didn t tell her that she d better not laughter,statement
c and it s so complicated too,statement
they typically have a better,statement
laughter entirely proper,general
ergocalciferol oh yea,general
c just you die ahead now laughter,request
c so tell me around your domicile,request
is it pretty,question
f oh d well f uh is it,question
f oh what about total recall,question
have you read that,question
lipsmack can unity pick your brainiac about how you got rid of those trees,request
c and with medicine being the way it is you re extending life where sometimes the quality of living has gone down,statement
how old were they when you adopted,question
d well can we ask you whatever happened to clyde,question
c but on the other hand,statement
takes a heck of a long time i guess to get there,statement
d well i guess i d better close now so i can,general
i work in rome f uh,statement
some of them get pretty boring,statement
c but inhaling i ve got eight more payments,statement
they say that it is,statement
d like also the girls are in softball,statement
c because isn t it pretty much everywhere in the world,question
usually i get distracted off the topic,general
do you correspond with anybody other than your mother and brother that s in that group,question
we re supposed to talk until they come on and,general
you just draw it,statement
d intimately listen,request
f oh d well i ll allow you die if you want to die ahead and take that,request
it be f uh alike i said,general
laughter same for you,general
how long was the waiting period out there,question
where did you go,question
f uh i don t like that,statement
d so d so why from argentina why d you come over here,question
c and i m in california visiting right now,general
is it like a kitchenette type apartment where she can fix her own food if she wants to,question
c and then the next year they ll be all,statement
um yeah,general
d well they d yeah they they re a lot of bulk anyway,statement
knife,general
with with what church,question
d well then why did he say that during his campaign,question
have you,question
w d well how do they do it,question
i had d like little piddly things like,statement
calciferol comfortably let s start with you laughter,request
you shouldn t be talking about this right before while you ra fixing dinner,request
c but d you know that just made me think of something that happened down here in dallas last year,statement
just get him enjoy himself laugh,request
i kind of wonder what what kind of tradition we re going to establish for our family,statement
i i really enjoyed it,general
respire laughter ohio,general
have you ever been to f uh what is it original book binders in philadelphia,question
d well it was very nice talking to you,general
i think rolling over and put your belly up and play dead,statement
the other thing about is i think f uh limiting their time in office would be good,statement
are are you at t i austin,question
f um it was really nice talking to you,general
i speculation f um viosterol you know,general
d well d essentially f uh did you want to go commencement then,request
save that unity down,request
door right,general
c and what color,question
go ripe to force,request
then you farad uh pour that in there d you know to throw the gravy,request
channel maine some wisdom catherine laughter,request
thanks so much,general
d well d well speaking of that kind of issue have you kept up with john wiley price,question
i need to go get care of the kids,general
it s almost hardly worth it for you,statement
got to waiting a copulate years,request
bye nipper tv noises kitchen sounds in desktop,general
peradventure again,general
c and f uh it it was f uh good to remember the f uh that that kind of asian philosophy,statement
f huh what s that about,question
c only go forward,request
sniffing f uh yeah,general
c or do you all like mail out stuff,question
d well thank you very much,general
do you knit or crochet d like for sweaters or anything like that,question
sound in the other hours,request
time uh huh,general
you ve begin to see it especially since you have a german,request
d well if you if you lav mystify green card go for it,request
c but f uh c so yeah,general
c and f uh d you bonk make my annual pilgrimage to the lone star brewery,request
refreshen my memory,request
c but f um i guess my favorite is probably switzerland and ireland,statement
what kind do you like to watch,question
how did you do,question
is there a devry in akron,question
saint claude is that sound familiar,question
that you don t do things like that,statement
do you think that in the case of the one that you ve actually had some experience with that the people who operate it seem to have what you d perceive of as genuine concern,question
f oh i know,general
laughter then you bewilder to get him to,request
farad uh farad uh let s see d well name some people that are country that iodin should listen to pause,request
f uh what does what does that mean alternate,question
i i do get somewhat of a kick out of,statement
c and d you know d like postponement on here,request
c and it s are you cooking the whole head,question
how did you like africa,question
oh goodness,general
d so hello mary,general
was it your grand mother,question
yours likewise,general
f um you say you watch evenings mostly,question
you don liothyronine have to wait for them to enounce,request
really d you know,general
c and you know they do ted kennedy,statement
what about you you a,question
c and f uh c but it has been threatening to rain for the last couple of days,statement
snow and you deal it,request
did you ever see the movie star man,question
c but f uh we just have the one check book,statement
do you do barbecues,question
name i laughter,request
it was nice talking to you too beth,general
c and sniffing c and they call back pretty quickly,statement
f oh thank you,general
what do you like to do,question
c and i live in plano texas,general
is is that just the only type of reading you ve been doing,question
d well let me just start by asking what you think of this middle east affair we ve got going on,question
d so do you go to the movies often,question
c or can you remember,question
that came it comes to the simple things like front end alignments,statement
d well do you watch any f uh,question
how is your what is your feeling about f uh f uh expressing yourself by burning the american flag,question
f uh laughter yeah,general
c so you should retrieve about doing something like that,request
f oh is that where you re from,question
c and d you know d like keep on here,request
d you know let s go back to our pilot thing with d you know our experiments and all the d you know our actual exploring of space and and all that,request
now if you utilize the dried kind,request
c indeed unity think you ll enjoy doing it,general
uh huh whistling,general
which program did you use,question
is that lift lifting weights,question
d well do you all have a,question
let entropy talk about the centre east situation,request
breathing yea,general
single appreciate the call,general
talking uh huh,general
yeah tv breathing static,general
are you talking about a a real river creek,question
the other world,general
what kind of f uh throat clearing general motors cars have you had in the past,question
what kind of ex,question
c but you really need to visit that movie,request
sh let entropy say,request
everybody s got that,statement
i was a big dirt eater supposedly when i was a child,statement
c so julie how do you feel about aids research,question
c and f uh i guess invasion of privacy f uh to me for example would be unauthorized use of credit cards,statement
have you ever had to plan a family reunion,question
are you sure,question
c only f uh d well keep up the thoroughly f um,general
c and i watch for special programs that have special a special play a special concert f uh,statement
i ll tell you,general
c but the bad thing was though she would pee in my husband s shoes,statement
f uh one of the things i love to do eat out,statement
d well you see that with the foreigners that come here,statement
c and you have to make sure that you fluorine um that you apply pretty early because they do have a lot of places have very long waiting lists,request
c just look who she embody running against d you know laughter,request
die right ahead,request
because it it it surely didn t come as a surprise that that if the door came open laughter the lady would fall out,statement
d well why,question
c and you make sure that you keep up with them for the succeeding time,request
yeah clicking,general
get s say your spouse is on a particular drug,request
c and you put it on a really low heat,request
c but f uh what kind what kind,question
d well yeah f uh,general
tell maine,request
do you think it s a lack of training,question
c but e i mean time wise how long,question
wouldn t it be nice if you could get a credit back at the end of the year laughter,question
c but f uh inhaling when i was breathing when my kids were young i was teaching at a university,statement
then you f uh pour that in there d you know to make the gravy,request
i i hate to see them just d you know keep getting diverted off to spying on other nations and putting up defense things,statement
voicelessness uh huh,general
c but d you know i i drive a little subaru,statement
what type of camping did you do,question
c or do you think it would be more palatable if we had some sort of regular schedule,question
f oh what s that,question
f um one see,general
c so do you know of any other shows in the even or something that you enjoy,question
did you do it with a jigsaw,question
it it s still got a long way to go,statement
is it like f uh,question
f um f um f um f um,general
c or laughter,question
f oh if you don t have a pentad c r a we scarcely got one after nine years don t even spend your money on it,request
f uh i see,general
laughter breathing f um,general
f oh where do you stay,question
try to remember to respect their privacy,request
c so i frequently purchase and read f uh books mainly on water color because that s my big interest at the moment,statement
right feeble,general
c and they they blew all that and borrowed enou more money than they can pay back now,statement
c so you had the dogs before you had the baby,question
c so f uh it just talking didn t work out to do that now,statement
c and i thought that was very important for kids,statement
th then i had one job,statement
d well it s been enjoyable talking with you,general
c and i think one thing about pets is they re a lot of company,statement
c and f uh have a good life the rest of it,general
i mean it was a real consciousness raiser i guess,statement
d so d so what have you seen lately that f um you think is worthwhile,question
what do you what do you think is causing all this,question
f ohio d considerably d considerably encourage her to try other things,request
c or you sneak out in the morning after daylight savings time starts and with your cup of coffee and see if it has grown overnight,statement
how many times hold you done this now,general
c and you pelt the beer over the cover of it,request
d well it s been enjoyable talk with you,general
throat clearing wha what sort of company do you work for,question
let s see my son got a full total scholarships,statement
c and it was really what i felt was kind of cynical,statement
we have several treaties and several alliances with the saudis that range back for probably forty years,statement
you know what has d you know has has the educational system been watered down to that anybody who s above average is now gifted,question
was it bad,question
c and if so why has crime increased,question
think about what you fundament buy for sixty buck,request
c and it is wonderful,statement
c and farad uh secure bye,general
do you have any kids,question
laugh farad oh yeah,general
what kind of car are you going to buy next,question
d well i enjoyed talking to you too,general
you have a bonus,question
straightaway you can tell me what you do,request
oh i see,general
century and then you cook it for seven minutes on high,request
don t say that too loud though because f uh every city and town will have a meter on your laughter tail pipe generating generating revenue,request
c and then the the f uh turtles try to eat up all my bait laughter,statement
laughter c and so are you an airline pilot,question
f uh we we really didn t go that route and didn t look,statement
have you ever been to biffin s,question
you buy it you buy it as a temper,request
c and f um you place the shrimp in the in the rice steamer,request
the twine,general
were you said you were out of state for a while was that a smaller town than dallas area,question
what into the service,question
d so locomote ahead laughter,request
i probably watch television four hours a week max,statement
ye yes,general
laughter really f oh,general
c but i say d you know they commit crimes have them be overcrowded laughter d you know,request
c so how is that,question
y yeah,general
how far away is it,question
sanction f uh breathing,general
shekels that,request
good talking to you beth,general
laughter yeah d you know,general
go forrader you showtime,request
d well how about having a j jury and a judge work together on it somehow,question
c so you just moved away a year ago,question
c or how many generations it will take until only half of the voters show up in russia,question
whispering yea,general
i was about to say you ought to experiment on at least a small part of it before you just tackle the whole matter laughter,request
c so we ll talk about that some,request
throat clearing i guess i guess by what you said you re you don t feel your f uh privacy has been inva invaded anytime recently,question
y yea respiration,general
don t you have to spend the minimum of two three hundred,question
hold on bleep,request
terminate you hold ringing on just a sec,request
do they budget at all,question
yes calciferol substantially,general
c and it s a brick house,statement
f uh dallas it is f uh ninety two degrees here today,general
it just wouldn t be there whenever i tried it,statement
how many have you had so far do you know,question
c and the roads were all closed,statement
c but i pay most of them on time and everything,statement
d well twenty seven up,statement
xtc beforehand,request
doug you want to originate laugh,request
sure go beforehand,request
f uh unity,general
it s that sweet chinese sauce,question
uh huh breathing,general
talking noise your turn,request
how does it compare to the years past,question
do you have to,question
that wasn t alive for but maybe two years,statement
coke and tell him to take you there for your anniversary,request
c so i m glad that they re staying in arlington,statement
f uh look astatine them,request
f oh f um,general
c or is it more like,question
how long ago,question
you go start,request
you ought to rent the f uh f adam part one,request
right yeah,general
noise background uh huh,general
get the yellow ones,request
have a good weekend,general
oh breathing,general
did you cut them down at the at the ground level,question
throw the lids and everything away,request
c so d yeah do it as long you can sniffing,request
it seems that men are now starting to get into groups called men s gatherings,statement
and how is it really transmitted,question
where do where do you live,question
i use to do a little bit of jumping rope f uh when i was f uh,statement
it s taken them ten fifteen minutes at a time,general
they have such good style that f uh,statement
have you have you ever have you ever been mugged in atlanta,question
vex along the subject,request
f uh that was about a year and a half ago,statement
unity ha unity,general
c or do you like to plant in it,question
i really miss that,statement
c and noise maybe part of that is educating parents better,statement
anybody,general
d well good to talk to you,general
f oh yeah rustling paper shuffling,general
e i mean it seems silly that f um we started,statement
have f um have you ever been to the science it s called the science place,question
c and so we charged them all up again,statement
let s experience what else is on television,request
d well d now what would you say about these everyday invasions of our privacy,question
c and so you sprinkle the cheeseflower on top of that,request
where do you call to,question
i beg your,general
d wellspring it s nice to talk to you,general
we talk about sometimes going upwards to chincoteague,request
go in the early hours,request
c so i really i really like that,statement
i think you ll enjoy it,general
when it thickens the cornstarch might get a little i don t know,statement
yep laugh,general
justify me one second,request
d well bye now,general
could you hold on,request
c simply you coif have to have it d you know you coif have to have it hot when you cook it e i mean,request
c so i hope you enjoy it as much as i have been enjoying it laughter,general
my name is donna,general
d well it was nice to talk to you,general
very timid yeah,general
c and do we approve what other,question
c but work beforehand,request
around christmas time,question
what was your degree in,question
are there kids that are there too baby crying or mostly adults,question
fluorine oh yea,general
my wife f uh she went to f uh the school out there in lubbock,general
d well like i said good luck to you,general
uh huh laugh,general
should they f uh should young americans be forced to do a year of service,question
f um i played piano all through d well i guess from the time i was fi five until i graduated from college,statement
laughter maybe so,general
d well f uh could you give me an example of a case where you think that,question
c or get into a house with a little more space,statement
same to you,general
get to sour for u t,request
coke and keep smiling,request
is this a project you did yourself,question
oprah laughter,general
i guess i better go laughter,general
c and she s got two day cares within d like three blocks of each other,statement
laughter viosterol easily yeah,general
c and just put f uh his big thing last year was throwing it in the water and reeling it up laughter,statement
what do you think that what do you think tell me what you think nigh this,request
go in the other hours,request
do you use them frequently,question
in what way,question
good chance with your singing,general
i haven t gone back over there,statement
are are you working anywhere while you are going to school,question
d well thank you,general
showtime pursue they,request
c and the russian people are all realizing that the communist system does not work to their satisfaction breathing or their way of breathing surviving in this world,statement
we we have one down here in the summertime,statement
breathing laughter oh,general
have a vacation in iraq for a year laughter,request
did you graduate in a certain field,question
as a recurring character every week,question
depend astatine the the smith trial,request
d so what kind do you f uh get,question
yeah f uh f uh,general
d fountainhead tell maine about it,request
there there is some great people from texas a and m,statement
throw the chapeau and everything out,request
c but i ll tell you what there s a there there are a few faults to say the least in the school systems today,statement
throat discharge if if you require to f uh f uh really get into a hot issue f uh,request
conk on,request
c surgery make everything diet,request
good morning laughter,general
d like i think german shepherds do it and probably large dogs,statement
hang along a minute,request
uh go onwards,request
f oh excuse me just a minute talks to someone inwards the background,request
d well do you use your p c for things other than explicit computer work,question
laughter f ohio rattling,general
c and i forget to make a call laughter usually,general
do you get your own washer dryer,question
c and f uh f uh we both appear forward to going to our adjacent reunions i m sure,general
how about silence of the lambs,question
do you think that what they say that they are interested in is at eighteen is going to be what they are ultimately,question
c or it was w,question
it s been pleasant talking to you,general
farad ohio yeah farad uh,general
i forget to,general
enjoy college while you can,general
excuse me one second,request
how bad is it,question
were they jogging on a,question
c and have a good weekend,general
d so we ve got to talk almost medicine,request
d well how about when you were in colorado,question
f uh c but i remember the feeling back then d you know,statement
d so we ve got to talk about music,request
i would not advocate that method,request
there s nothing to block anything,statement
then how does he like it,question
it really is a great place,statement
d well it was good talking to you betty,general
c and you put a bay leaf and put around f uh red pepper over it,request
c and then you receive some real sharp cheddar cheeseflower,request
you mean that you put on a truck or what,question
c and she was already in it,statement
i m phone from tx,general
d so f uh yeah,general
be it on nineteen century,general
laughter constitute that ben franklin then,general
did it change anything for you,question
how did you stumble upon the day care center,question
guess,request
f uh c but th th th then why not pay pay the sales tax,question
e i mean it s wonderful that she s doing it and it,statement
d easily adjudicate it,request
go right to personnel,request
we ve got a two year old son,statement
d well tell me around it,request
security number,general
oh sound drawn out,general
they really yo you really do mourn them after when things happen,statement
f uh do you have the before school care,question
do you have children,question
farad oh i see farad huh,general
c so it s really pretty funny to see my parents get into it,statement
i i need to go to the dentist,general
shall we say,question
there s a poem somewhere,statement
i probably better let you get back to work,general
d well what what is a a good brand a inexpensive,question
fluorine um there s a place to look into fluorine um fluorine um,request
d well f um i hope you have a nice day today,general
carbon and i hope you enjoy the weather this week,general
certainly go onwards,request
we have f uh a news thing on the computer that f uh that i ll i ll try to look at every day,statement
just out of curiosity what what kinds of things were they doing when they were considered a bad place,question
i ll be i ll be upset probably even though my prediction leave be right laughter,general
do you remember when you were in washington sam the argentine baker,question
you know what i mean,question
it s kind of fun,statement
d well what you fanny do is take your car payment and put it inch the bank for three or four years,request
f oh do you have the cherry blossoms there in there or not,question
absolutely,general
f uh do you think d you mean do you actually think we re doing enough right now to,question
d well good talking with you,general
d so tell maine about cathay cry,request
okay d well what do you think about the government providing health insurance for everybody,question
d well i guess that s about it,general
c and d you know when i went into higher education even at other universities they weren t aware of it d you know,statement
carbon and you put it on a disk,request
laughter once they get old enough to talk then they no longer will wear them laughter,statement
f oh d well i ll let you go if you want to go ahead and take that,request
d well single was just trying to form an introduction here laughter,request
just put your paper in the same place every day,request
f uh bye bye,general
enjoy your f uh weekend,general
c so at at any rate this is getting off the topic,statement
c and you really take notice of it too,statement
d so have you had the opportunity to drive a ferrari,question
d well how about who,question
is she the oldest one,question
c and so we wanted a different kind of catch,statement
c but you might be right,statement
i was d actually very amazed when i sort of figured out for myself that everything i grew up with really wasn t israeli,statement
does he have a lot of land to go walking,question
what kind of music do you like,question
you married,question
do you think the jury should have a dollar figure for losing an arm a dollar figure for losing different body parts,question
the whole thing,question
c and to try and f uh try and find time it s hard f uh with jim s schedule too just to get a time that we can both go,statement
it does start to creep up,statement
c and you just need to take the little one,request
c so maybe when i get older children i ll find f uh some joy in that laughter,statement
d well it s good it s good talking to you,general
d you know noise really,general
have you ever owned your own home,question
i was really i was really f um proud of them though that they stayed out of it,statement
c and it started raining really heavy,statement
you demand to put that on there seriously,request
c but i think there s enough out there to pick from,statement
cause if you can t pay the right people d you know they re not to be able to do they re not not going to get the people that can do a good job,statement
is he really,general
d you know if you can live with it and it s d you know your conscience is clear,statement
okay yeah,general
c and f uh we re at the edge of a forest area so there s a lot of pine mulch child,statement
what do you do with your credit cards,question
where did you go on your last vacation,question
d now what what do they pick up,question
that s how it is,general
yea f um haphazardness,general
c and f uh what other benefits do you think are important,question
c and after that s cooked you ask it out and pour this on top of it,request
d well how is the market for things like that in california,question
i don t really get paid for that f uh often,statement
most everybody seems pretty well employed around here,statement
c but isn t that isn t that kind of a blanket racist kind of thing to say the blacks and hispanics and other minorities just don t vote,question
find you following time,general
c and what exactly are they going to do,question
it would be three years,statement
d well nice to talk to you,general
d well i don t necessarily either,statement
c and you pour the beer complete the top of it,request
think about f uh taxes,request
and uh and that was that was more fun to watch those boys trying to trying to kick the ball up and down the field,statement
it sounds good,general
excuse me hardly a minute,request
f um do you do much camping,question
d well d you know let entropy face it,request
very faint uh huh,general
the i it gets cooler when the sun sets,statement
f huh d well you might want to get yourself f uh an animal that doesn t require much attention like a cat,request
snow so we ll talk about that approximately,request
how old,question
have a good day now,general
d all proper thank you,general
c and drain it real good,request
c or you do that as just on the side or what,question
child talking okay f uh,general
c and you pour the beer over the top of it,request
c and d you know you just see those kids going down the road,statement
do trust god because i don t know kids are a blessing,request
d well i ve got two,statement
uh huh very faint jail,general
what d you do with them,question
those are the things that have caused them to drag out i think,statement
imagine the guilt that mortal would have,request
breathing laugh d so tell me approximately your home,request
c and d okay this this candidate tells,statement
my appoint is lowell,general
where where are you calling from,question
i think they re going to go out and find it someway individual sale or something like that,statement
c and then my other girlfriend just d you know tears her hair out and goes at it d you know twenty four hours a day watching both kids all the time,statement
how old are your kids,question
c or is it more f um applied physics,question
that s you need to do that single ll single ll single ll impart you a hint,request
babble with you after,general
did you have a hard time getting used to,question
which which billy crystal movie,question
e i mean what s what good is that,question
breathing laughter okay,general
fluorine oh you should sample it,request
where where do you live,question
assign roughly fresh little fresh shrimp,request
f um there s a place to look into f um f um,request
you should set ten to fifteen pct of your monthly bring home,request
ergocalciferol well i i need to go ahead and and wrap it up,general
nancy do you have any children,question
rent s talk about the baby,request
c and you have to make sure that you f um that you apply pretty early because they do have a lot of places have very long expect lists,request
leave the shells along them so they gain t just roll up,request
do you seem to get it straighter,question
exit on,request
c so they left it there,statement
day cares have have have popped up and become a lot more f um a lot bigger part of of the kids lives,statement
d well do you f uh keep a family budget,question
i came down from colorado,statement
d well it s good to talk to you,general
what did you normally do,question
i m jay indiana dallas,general
c but d you know that s a sign that i m going to have to do something sooner or later,statement
do you f uh do does it f uh need a lot of repairs,question
we ll do it,general
i ve found that most of homework assignments really require some sort of computer f uh simulation or analysis,statement
d you know if someone is something more than a social drinker shall we say yet they re not an alcoholic what do you do,question
c and then i guess my,statement
iodin ll let you go showtime,request
the other affair to do if you re really like the hyacinth a and i do is that before you plant those bulbs stick them in the refrigerator for five weeks or so to cool them,request
d well what kind of music do you like,question
c and f uh we re they ll be there for a while,statement
f oh unity like to think about that,request
snap yea,general
d well if you re insane enough that you can go cut twelve people up into little bitty pieces and bury them in your back yard,question
d well does your r does your job require you to drive company equipment or to ap operate any type of machinery that might,question
c and if privacy is something that comes into your private state and extracts information from it in other words finds something out about you that s another,statement
did you f uh you work in the f uh computer business is that what you said,question
how are we doing in recycling,question
pink uh huh,general
f um can you f uh hang along again hon,request
that s completely beyond me,statement
and it s expensive campaign,statement
i i don t like really camping in the rough,statement
like i say i ve made a couple of calls to texas and,general
we ll talk for cinque minutes,request
bye d now,general
very faint uh huh fluorine huh,general
have you f uh d you know ever thought d you know just how much of that money should should go to other people that really don t deserve it,question
tyke uh huh,general
c or they ll just sit in a chair,statement
hello donna,general
go onward you low,request
anyway unity value it,general
d you know if they re overcrowded just keep cramming them indiana there till they just suffocate f uh,request
c but d you know there s some argument that in in in the blue grass of kentucky that the smoky mountains that that s the f uh the pine trees giving off pollution,statement
d well i think that s all that we motive to say,general
viosterol alike for instance say f uh,request
i i i ve found that f uh the more we do with it f uh,statement
blow and hold on ampere second,request
tell me near your home,request
throat clearing really,general
is it a single story,question
have you had any lately go out,question
d well the thing i d be most likely to attach the death penalty to is the violence,statement
e i mean do people around that area seem to do a lot of renovation,question
isn t that fun,question
do you remember that that song,question
c and i do like them,statement
we can find out what really happened and and base the ver sentence on what the person did not on what we re allowed to let the jury hear baby,statement
identical toot definitely,request
oka okay,general
i can see that,general
if i bottom the other side of the strike for a moment,request
is it is it a real chinese wok,question
what what do you think,question
c and you pose it inch,request
what do they do,question
d so that s about it,general
secernate me your call again,request
cholecalciferol well have a good day,general
c and they wrapped a fictional story around it,statement
huh uh laughter,general
c or c or maybe just drill astatine home,request
we ve been studying this in our school that f um this is one of the symptoms or not the symptoms,statement
everyone had a two way wrist watch t v s on their wrist,request
uh huh suspire,general
cough e excuse me snow but f um anyway that s the family reunion story,general
you want it to get dry but not f uh just real gruelling,request
blow so why don t you explain to me some good tips about what you ve done which you ve found useful and workable,request
noise sound like child s record hullo,general
what are your favorite t v shows,question
c but i haven t been to any games recently,statement
laughter d swell it s been some worry subjects,general
ask them about it,request
d well things are doing pretty good down here,general
d so you re at baylor,question
you don t know what happened to gabriel s fire then,question
d well it sec sound to talk to you,general
c and i ve enjoyed our talk,general
cholecalciferol well get s hope not,request
c but use use good f uh stuff and buy it at a paint store where they have the right brands,request
d well do you really like italian food,question
i think most vacations f uh seven days is enough for us,statement
clicking yeah,general
cytosine and after that s cooked you take it out and pour this on top of it,request
have you been f uh have you been the subject of such a crime such as stealing or anything,question
just pets,general
d well d now i changed for ethical reasons,statement
laughter somebody take care of maine,request
tell me what you like to do,request
d now i i live alone,statement
c and you let it fare to a boil again,request
it certainly is f uh going to be a pleasure to chat with you,general
what if i lose my mind,question
century so we ll have to talk about the future,request
do you know my grandparents live in durant,question
vociferation them,request
c but d you know that s just my personal opinion,statement
c or how did you do it,question
d well maybe you can f uh make that one charming and and make a little bit money f uh,request
children squall uh huh,general
do those can crushers work good,question
d well how do you how do you feel about f uh companies drug testing prior to hiring,question
ohio fluorine uh,general
carbon and then you issue ten percent of it,request
send send them to wisconsin,request
oh sounds like typing noises in background,general
and let all the normal citizenry go,request
bent on a minute,request
my mom she just dear to fish,general
e pardon me go ahead,request
it was very pleasant,general
what do you like to watch on television,question
is that okay,general
and uh i always felt that i graduated high school,statement
farad ohio rea,general
how did you know to choose this subject tonight,question
just a moment beep,request
improving hera,general
i m in addison here,general
tell me what you like to doh,request
child f oh fine,general
do you know anyone that f uh is is in a nursing home or has ever been in one,question
d well what would be your advice to a parent of a child thinking of attending college,question
c but what do you do about,question
c but the key is to always have your line tight,statement
c and you put it on ampere really low heat,request
what if he cried at the wrong time,question
you have to just keep up with everything in the off season,statement
c but what did we do,question
d comfortably let s not lecture about that laughter,request
my don t get very much use laughter,statement
how did you get rid of them,question
you ever been to houston s on belt line,question
f uh pretty much,general
d well especially don t you have what a lot of salt on the ground,question
c so when did it end,question
we ve spent the last twenty years in oklahoma,statement
have you ever read any of frank e peretti s,question
c but f um you have to really launder your vegetables after that,request
d easily i hope,general
c so pause d well i guess i ll let you get back to feeding your little one there,request
doesn t the jury decide on the death penalty rather than than the judge,question
d well it doesn t stay green d you know,statement
adieu adieu toot,general
it seems to take more than f uh for any little thing they do,statement
did you enjoy it,question
d well hey iodin value the call,general
c and you put it on amp really low heat,request
yea fluorine oh,general
d well you look at places like turkey,request
c so really,general
isn t that bad laughter,question
c so f uh c so yo you used your son s macintosh then,question
calciferol well you shouldn t do that,request
have you have you done this repetitively or just once,question
are you married,question
now if you apply the desiccated kind,request
c and then you go over and release it,statement
c but you definitely need to go to hawaii,request
iodin megabyte carol,general
c so f uh i think t i we spend of all the major semiconductor firms we probably put safety and environmental on the utmost foremost f uh f uh first thing we always look at,statement
c and we have a lot of first time moms in their late thirties and even forties,statement
c so does your prime time start at seven o clock,question
d well try and think if it was a hundred dollars a squarely foot talking,request
c and now kids at sixteen years old they have their birthday,statement
f oh don t tell me that laugh,request
c and we ve we ve been going to all sorts of weird type places with it,statement
did you work,question
i m a historian,statement
yeah apparently,general
c or is it all,question
i have i have branched out,statement
it s almost f uh more fun than going to a major league game,statement
c but anyway d well f um i can t think of a whole lot more to say,general
tell maine almost the car that you ve got,request
my mom she barely beloved to fish,general
d well f uh what laughter what do you think about the metric system,question
f oh d well i couldn t live without the family vacations,statement
c and drain it real soundly,request
we have one ugly pine tree,statement
uh huh racket ice marvelous,general
crack mightily ahead,request
they did in miami that time,statement
credit card,question
f ohio d well you need to come out laughter,request
c but f uh c so what are the mets going to do this year without strawberry,question
i i see,general
calciferol good guess what,request
alright beep,general
toot okay,general
c so f uh if you re approximate that age laughter or you know somebody who be,request
that s that s i think it s going to be any where you go,statement
f oh don t tell me that laughter,request
d well who is this,question
c and you you let the chicken you fried kind of drain so that a lot of the oil comes out of it cough,request
c and i m going back at the end of next month,statement
c and f uh he had looked at him himself,statement
our cat hates other cats,statement
are they the same there,question
f oh f oh okey,general
ah okay,general
rest c and let them drop to the bottom calciferol and maybe do a a kind of a slow reel,request
calciferol well it certainly is nice talking with you factor,general
it s almost,statement
c or did he just do it,question
c and f uh d well give you an idea,statement
dungaree it s been awful overnice talking to you,general
c and then d you know you see these little girls in these little bitty things,statement
it s like just put in,statement
take for instance f um a large construction company i used to work for ed swampers,request
let s talk about the sister,request
d you know where you should seek,request
c and my daughter was in girl scouts until just about a year ago,statement
c so did you have carpets and stuff,question
what do you think about the women that are not having families because they want to continue their business,question
i m real a real cat lover,statement
can you hold on one second,request
c and then you ll have to give me a call on garden laughter,request
now that i m a hundred percent vested d you know you kind of look through the book and see d well what exactly what does that mean and what is the pension all about,statement
my my wife has been working with them,statement
farad oh all right laughter,general
fire away,request
c and the price is as reasonable as renting a video,statement
you to,general
cytosine and you f uh put about two tablespoons of f uh water into this bowl and about an eighth a teaspoon of salt,request
d well i quit ten years ago,statement
just don thyroxine mind me if i bouncing back and forth,request
it s f uh just me and my wife,statement
d well do you use credit cards,question
c or you don t alike them,general
c and f uh inevitably everyone is just very interested,statement
have you gone out to f uh fort worth to see the space soviet space exhibit,question
you mean really trying to plant something,question
you know the murderers the drug dealers the exploiter put them all in,request
c but you do have to have it d you eff you do have to have it hot when you cook it tocopherol i mean,request
snow and you let it come to angstrom boil again,request
okay sayonara,general
c so what am i supposed to do laughter,question
just go to the bike shock bi bike shop and pick it up,request
uh huh deliquium,general
but the rest of them now have their american citizenship and are leading productive lives,statement
c and while i don t do any drugs myself i ve seen some people who work there f uh d you know smoking a joint or whatever,statement
c and so i m real proud of them because they re aren t really they don t do that at all,statement
cholecalciferol swell we are though laughter,general
you go onward commencement if you d like,request
f uh i we would be a lot better off if we if we contracted our national defense to a group who rather that operated as a government entity because we would probably have much less waste,statement
could you hang along ace minute jim,request
c so f uh if you ray near that age laugh or you know somebody who is,request
did you put them up in other people s houses,question
i ve heard of the book,statement
it was a pleasure talking to you,general
has it been f uh snowing up there,question
is is the kmart there laughter,question
they got the forms in force,request
decent little conversation with you jack,general
then i m home to pick her up,statement
barking yeah,general
iodin would not recommend that method,request
f huh do you think they should be punished at all or f uh throat clearing d like go to prison f uh,question
c and f uh that guy the short stop is going to be good,statement
c and do you know what he told me i h needed to do,question
better than europe,question
was it really good,question
why don t you tell me near yours,request
what do you do for a living,question
c and after that s cooked you take it out and pour this on superlative of it,request
did you hear our topic,question
why don t you operate ahead and start,request
let s just desire we don t get to that point laughter,request
c so how old is your retriever,question
d so did they get stuck,question
mix upwards a little f uh mayonnaise with approximately dijon mustard,request
c and your car is on a ferry,question
peradventure again,general
don t they really,question
maybe we ll get together again in the future,general
what i think,statement
call again,general
i could never get the hang of it,statement
why don triiodothyronine you tell me almost your choir,request
it it would be nice if more communities could do that,statement
let s see what else comprise on television,request
f um c and you can make a lot at one time,statement
it hasn t,general
d well d anyway i have enjoyed talking to you,general
d well do they stay inside,question
i m not thoroughly opposed to it,statement
laughter yea laughter,general
let s promise it,request
d anyways i have savour talking to you,general
do you all get together often,question
farad oh h,general
c and then the nurses and doctors really didn t put any for forth any loving care for them,statement
do any of your you in your group get paid for any of this,question
throat clearing what is your handicap,question
f oh it just drives us nuts,statement
are you in the car quite a bit,question
d anyway back on planting,request
what could they possibly be thinking,question
f uh it sounds like in a certain sense at least at the present,statement
well listen i got to go,general
century and f um maybe we ll utter again,general
c and he he knew how to get me to feed him,statement
blow so we ll good wait,request
do you see anything wrong with that,question
c but d yeah next clip you go f uh d you know check into it,request
c and right,general
d well what is your newspaper,question
you have mountains all around you,question
anyway i appreciate it,general
i work for plano,statement
breathing not only am am i re reading it to decide whether or not it should be reviewed but also f um because the board of advisers for this f um journal breathing doesn t have right now doesn t have a really respected name f um who s a f uh a scholar on on music,statement
laugh huh,general
f uh my my personal opinion is that f uh the politicians are out for their own good because they they re entrenched,statement
laughter child talking i m telling you go one way or the other,request
you need to chopper em up really fine,request
f um tell maine some about your camping experiences carolyn,request
c and each person has a chore,statement
century and you tail leave a message,request
completely right,general
let s do single,request
d well tell me what s in your garden this twelvemonth since i don t have one,request
tattle yea,general
throw the eyelid and everything prohibited,request
e i mean it s like don t worry about it,request
we re only just a few not a few minutes we re d you know forty five minutes to an hour away from the eastern shore here in maryland,statement
tell me about your clubs up there,request
uh huh d well,general
are you going to go see the elixir of love,question
c but i have noticed since f uh i got married that my husband he hates to do auto repairs,statement
cast it along the lease,request
c and you precisely need to take the little ace,request
beep d well did you get a chance to watch any of the games,question
advert along a minute,request
you want to part,request
c and when i painted them i didn t realize that we didn t have any turpentine or paint thinner or anything in the house,statement
d so what type simply red,question
you go forwards first if you d wish,request
why can t trees break down,question
c or is this early admissions,question
f um most of them have pretty good facilities,statement
bye bye music,general
c and then enfeeble off all the grease,request
c but they re predicting some more hoodwink for our direction,general
where did you live before,question
f um f uh d well give maine your first impressions,request
c and then they check you out and make sure you don t have a record d you know and things like that,statement
d intimately hullo,general
i was about to say you ought to experiment on at least a small part of it before you just tackle the whole thing laughter,request
make one laugh,request
what do what do you do,question
it s called intellect,statement
my name is jean,general
i m going to do it right and see if i can actually play this game or not,statement
you can have them in,statement
snow only thanks for talking to me,general
d well tell me this f uh lowell,request
f oh f oh really,general
they re they re f uh it s like a little house except the whole face is open,statement
c and i think that s when i ll i ll start doing the plastic too,statement
c but now d you know you wouldn t probably read about it here in texas,statement
c and then when d you know they go on one salary will they be able to sustain what,statement
laughter that s admittedly,general
it s kind of irritating,statement
f oh d see i i i watch it maybe twice a month,statement
course we ve got we ve still got it,statement
there s f uh one particular d well there several stations in this area that play f uh classical music all the time,statement
i enjoyed talking with you,general
f oh oh,general
nice tattle to you gobbler,general
d like give maine some examples,request
f oh sh breathing,general
it s been nice talking with you,general
very faint ohio,general
are we going to lose more lives there,question
assure maine about your home,request
abrasion that,request
unless somebody is trying to blackball them,statement
c but you seemed to have s solved that problem without any any external,statement
e i mean some cases go on for years d you know,statement
we ll have to stay home and mow the yard laughter,general
i ve got little pet peeves d you know with my family,statement
really nice speak to you too,general
d so c but what does you husband do now,question
are we willing to pay for it,question
what line of work are you in,question
uh huh mantrap,general
if you could have the car that you wanted,question
c and i live in virginia laughter,general
d you know it it s taking time,general
you might try that,request
laugh d well yea,general
my pleasure,general
put them to process,request
c and after all the whole reason to go over to metric is to have round numbers,statement
really,general
d well i bet it s not bad,statement
coulomb and you name it,request
yes farad oh,general
ours is pitched so shallow that you f uh don t get much room in the attic,statement
tell me about your home,request
i don t think i d like the k g b is monitoring my phone or anything like that,statement
d well it hold been prissy,general
c or do you actually put up a tent,question
child crying right,general
c but in effect i m paying twice for one service,statement
a poodle miniature or f uh full size,question
f uh noise what kind of books do you read,question
very faint all right,general
c so you you ve only known the dog wh how long did you say,question
c but it does serve as a pun f uh definite,statement
c and we did it that way,statement
c and i keep,statement
c but i i think what i would miss is the change of seasons and all because i know in plano we really don t have as many seasons as f uh,statement
viosterol well you too lori throat clearing,general
d well if your ever in f uh d c number look up wayne sherman you ll say f oh yeah talked to that guy,request
uh huh down,general
we need enough help here in this country,statement
viosterol well don t bother laughter,request
mine was definitely not impulse,statement
c but the other one is a d well,statement
laughter thank you,general
what do i do,question
did you ever see american graffiti,question
have you rented any movies lately,question
e i mean what are we what are we becoming,question
c and is that what you re in,question
c and likewise my daughter require me to put her to bed,general
i i i d force them,statement
laughter somebody takings care of me,request
d well you have a good evening,general
oh very faintly,general
nice talking to you,general
are they trying to,question
c and once in a while i buy that new magazine called first on the newsstands,statement
let s promise it,request
c and one went into the checking account that paid the mortgage,statement
f oh i haven t i didn t hear that was coming out,question
just go to the bike shock bi bike shop and clean it up,request
their the mexican kids get a good education along the way,statement
go leading you first,request
coke and what you doh is you just f uh wash it,request
if you impl implemented a flat percentage it would encourage people f uh to make more money,statement
it was good talking to you too,general
yeah f oh,general
my parents f uh bought a home in san diego about four or five years ago,statement
stir it tangible tangible wellspring,request
allow second just,request
c and there just was there was so little such little going on in raleigh ergocalciferol you jazz,general
c and it s just it s like a a spicier baked bean dish,statement
you look at the united states,request
laughter c only laughter here we go,request
what do i do now,general
c and now i m selling them and pretty,statement
c merely it was nice talking to you laugh,general
i ve been there d like maybe a dozen times,statement
d you know if they re overcrowded just keep cramming them in there till they just suffocate f uh,request
but there s a joke about the uh ambassador from latin america that came to visit a senator in the u s and was taken to his home for dinner,statement
f um they just stayed with different ones of them,statement
d so d well i won t keep you any more,general
c and this person s teaching my children,question
f oh is it like an automatic debit,question
you couldn mt get a job to save yourself over thither,general
especially right now we ve got several new products coming out,statement
let s trust it,request
in what field,question
c and so d like you were paying for it,statement
d well i think we re almost to run out of our time,general
that second you need to do that i ll i ll i ll give you a hint,request
is coppell a nice area to live,question
f oh is that the one with that s he s starring in,question
c and yeah,general
unless they re at a point where they re mentally,statement
what do you think that what do you think tell me what you think most this,request
i think i heard fort worth that f uh they ve been ordered to do something because their jail is so overcrowded,statement
she had her own little room and didn t have to share it with anyone and could bring in her own chair and t v set,statement
isn t that interesting,question
post them over to iraq laughter,request
f uh now did you hear about the the control that they have up in virginia,question
is he excited,question
did you both work your wife too,question
c and we were with boy scouts,statement
i come up there i ll have to stop by and have try roughly of your baking,request
that s public,statement
c but you need to rent the first one first,request
bye children tv noises kitchen sounds in background,general
yo you think space would do that much for that,question
what did you wind up with laughter,question
in other words if you ve got a player on your team who s helping your team then keep him there,statement
c but it wasn t enough to offset what they lost over the last four years,statement
breathing the meatballs you scarcely f um after you soma them fry them in a pan until,request
tonight i was f uh,statement
c but go forwards laughter,request
now if you use the dried variety,request
all rightfield okay,general
c but if you do if you do have to go something i guess we can just cut off,general
breathing the meatballs you just f um after you form them nestling them in a pan until,request
hi this is judy,general
c but i ve talked to people in new york,statement
d well iodin ve truly enjoyed the conversation,general
w f uh have you been in it long,question
hey patsy,request
is there anything else that you would like to,general
c and he was a a poor frenchman who had grown up on the on the streets and sort of pulled himself up by his bootstraps and claimed to be a composer,statement
how would,question
c but f uh that s how i m staying up,statement
very beep definitely,request
you re welcome,general
go on,request
e i mean you bathroom tell him from maine,request
shouldn t we try and help our friends,question
c and i ve lived in my home in d well almost ten years,statement
are they oaks,question
was he the guy that got captured,question
i come from florida,statement
c and i think the s and l s were more open with the types of loans that they were allowed to make,statement
laughter nobelium,general
d so tell me ab,request
d totally proper i guess we might as well end our conversation at this point,request
tell maine what you like to do,request
i m tina,general
c but i mea i imagine with infants you throat clearing are most of your time is sort of spent taking care of them rather than interacting with them,statement
c and c and after traveling around the world a few times i realized that things ain t the way they seem,statement
c but it talked about f uh,statement
have you been in that situation yet,question
leave the shells on them so they won t just wrap up,request
you are you from florida originally,question
laughter yeah sniffing,general
i d learn it too,statement
are they going to come back in the spring,question
what did you do put it together,question
d so how about you,question
coke but you do have to have it d you know you do have to have it hot when you cook it eastward i mean,request
d swell i love it,general
how about the kids,question
adieu adieu snap,general
f oh you do,question
c and secernate him to carry you there for your anniversary,request
cholecalciferol well i guess that s almost it,general
is it close to phoenixville pennsylvania,question
a hundred,question
d now have you seen dances with wolves,question
uh huh faintly,general
go right to force,request
c and then yeah,general
c and f uh yeah,general
how come their their kids are getting that,question
have s verbalise about the baby,request
c and of course on the news i try to listen and also read between the lines d you know laughter,statement
under bricks or under wood,general
what is that,question
d like we just moved here from f uh minneapolis,statement
f ohio sanction f uh,general
c and think what what s it going to be like for my my youngest an my oldest logos when he fling to school,request
at how,question
c and i bouncy in virginia laugh,general
d well do not narrate that to all my friends,request
d well d you know f uh what do you do as far as,question
c and f uh they ve got perkins,statement
don t let that stop you laughter,request
yeah voices fade,general
they ra not a surd,general
you you first eve,request
talking right,general
c or does he just run out in the backyard,question
c so you would trust the decision making dec economists,question
now they have gotten this wonderful idea of not taking out as much taxes,statement
you don t think you don t think that good prevails,statement
sniffing uh huh,general
swallowing is that what it s there too,question
f uh it s funny watching them them play,statement
d well it was truly decent talking to you,general
c and i am going to try to help them financially,statement
f oh hank williams junior,question
and he s only four,statement
f oh wasn t that nice of him,question
was it john denver that that tried to buy his way on to the space shuttle,question
c and they all lived down there by it,statement
c and you need to go in the spring when all the prime are in peak all up and down through there,request
yep fluorine uh,general
is it laughter,question
my mention is donna,general
where in arizona,question
carbon and f uh you put that indiana,request
i felt,statement
breathing c and let them drop to the bottom d and peradventure do a a genial of a slow reel,request
yea whisper breathing,general
if your brother or your sister were being beaten,question
c and how do you hold to yours laughter,question
c and you put it on a platter,request
that certainly could happen,statement
now it s upwards to you,request
d you know if they re overcrowded just keep ram them in there till they just suffocate f uh,request
f um laughter do you know that i don t follow performers,statement
on a scale of one to ten where do you stand and why,question
farad uh yea,general
laughter don t ask me,request
can i put you on hold for one minute,request
do you participate in family reunions,question
what difference does it make,question
you buns talk,request
uh huh uh huh,general
do you have friends that play with you,question
what are you learning to be,question
c but f uh c but that s kind of understandable because d you know of course if you watch it more more than once a day e i mean it s the same thing over and over and over and over,statement
c and that was d like one of the highest in the nation,statement
swallowing yea,general
what about what about voters in the other countries that you were talking about,question
we d go every weekend,statement
c but e i mean yeah laughter,general
c so why don t you explain to me some good tips about what you ve done which you ve found useful and workable,request
i m not sure why,statement
e excuse me go ahead,request
talking radio very fainthearted yes,general
calciferol well listen one enjoyed speaking with you,general
what about home repairs and stuff,question
f um we do have a new thing that they ve started a few years ago f um,statement
carbon but fluorine uh no,general
breathing yes exhaling,general
good morning f um,general
if you re always in town we ll go see a movie laughter,request
your views,request
c and you kind of white it out,request
make sure it s nice and brown on both sides,request
i indisputable volition,general
it s that high,question
got to wait a distich years,request
smack yeah,general
it s the first time i ve made a phone call on it,statement
we have lean tos up here,statement
enjoyed talking to you,general
i guess f uh d wellspring maybe the computer will pair us up together another time,general
fluorine ohio don t be concerned,request
cholecalciferol well practice not tell that to all my friends,request
um hum,general
certain fluorine uh,general
c and i think that s what makes one feel invaded is the fact that there seems to be little control,statement
breathing laughter d so tell me about your home,request
c and we have a lot of trees in our yard,statement
c and i start looking forward to d you know having other things to do with my,statement
c and where are they at,question
breathing yeah,general
d well i delight talking to you cathy,general
d well i watch more now because d well i i had been going to school for years and have really been too busy,statement
c and it s almost impossible to swim back up,statement
that s what i needed,statement
d intimately you have axerophthol good day,general
you actually should work to europe,request
thrust the lids and everything prohibited,request
c so i ll talk with you later,general
does it have a big ten football team,question
don t don t be in any hurry,request
d well i can go ahead and start and tell you mine,request
d well that s about all i can say at this time,general
d so what do you you in your lawn,question
harrison ford and how does the story line go,question
f ohio f huh,general
he he s f uh just now really starting to to get interested in a lot of things laughter,statement
have you ever used a lathe,question
f oh d well do you work in a f uh in a setting where you f uh are in the food business,question
c but you perish ahead directly laughter,request
i think if they could get tourists coming to their country they d improve the economy considerably,statement
c and i appreciate your cause called,general
lipsmack f um i was trying to think f uh,statement
c but then we can back up,request
c or do you do it to give as gifts,question
c and d you know i ve i ve in the past i ve had brake jobs done by someone that when i went back and looked at it some months later i d find something drastically wrong with it,statement
d well steven it s personify,general
f oh tooshie you tooshie you hold on for just a minute,request
we just bought a new house,statement
f oh no problem,general
breathing no,general
f ohio huh,general
hi nancy,general
c and you put it in,request
you demand metal instead of fictile,request
that involves,statement
what can they do about the oil burning over in kuwait,question
laughter that s what my husband said,statement
i m glad you re home,general
i used to love to play baseball when i was a kid,statement
abbreviate the violence inward the prisons,request
d well what s your favorite baseball team rita,question
breathing laughter f um that reminded me of a place for lunch that s a little off the beaten track,statement
c so what else to you tape besides american glad at,question
swallowing c so he plays that and and a little bit of piano,statement
do we,question
f uh do you have any favorite things that you serve when you are doing a special meal,question
iodine guess we shouldn thyroxin get into that,request
f uh c but inhaling d you know other other than that with with both my kids being under two it s real hard,statement
d well did you go to college,question
what do you do jeff,question
d advantageously thanks a lot,general
what did you get your degree at,question
f oh boy,general
look look look hydrogen three,request
how how do you look at counting credit cards,question
c but outside of outside of art class in in school i i stopped doing most of that unless e i i mean d like he has a computer,statement
they re they re looking at,statement
c but when you re only at living wage it doesn t matter,statement
gosh it sounds so close,general
how do you manage both of those,question
disturbance yeah,general
breathing laughter do you have a lot of property e i mean a lot of yard around your house now in denton,question
d now do they fire them or do they,question
hello there,general
d yeah to,general
sniffle yeah,general
c but i think in between we got a group of kids a generation of kids who didn t learn to take responsibility because mom left to go get a job and dad didn t move in to fill the gap,statement
c and work to f uh alone star,request
do you go see a lot of musicals,question
fluorine uh tell me where that comprise fluorine uh,request
fluorine ohio yeah fluorine uh,general
little rock stars place all them in thither,request
c then tell me about your home,request
have a good day,general
d well what is your view do you consider the soviet union a threat,question
like what,question
we ve got a good chinese restaurant in town,statement
what what for instance what are you,question
f uh go ahead,request
i had a similar thing that i ve worked on cars ever since i was f uh a kid laughter,statement
d now are you sure they are hyacinths,question
coke and you farad uh put about two tablespoons of farad uh water into this bowl and about an eighth a teaspoon of salt,request
do you f um buy from dealers or from individuals,question
use about half the gelt,request
laughter d well they they do that a lot if you have good credit and you have been paying your bills on time,statement
d see that s how it is in texas too,statement
what are your thinkings on what they can do what they ll be able to do,question
central,general
buy a fresh filet of fish a nice matchless at the fish mar the fish counter,request
bedcover it out because you keep the cream cheeseflower kind of thin,request
children tv noise kitchen hi f uh,general
i had bought a cheesecake f uh,statement
c so we ll have to lecture roughly the future,request
they tried one once,statement
what s your house like,question
what are you going to do,question
wasn t that what part of the lottery is going to go for if we,question
uh huh d you know,general
spread it out because you prevent the emollient cheese kind of thin,request
do we get enough news or something like that,question
go beforehand laughter,request
c and intend how rich she is,request
d well unity ve certainly enjoyed talking with you,general
can i put you on grip for one arcminute,request
c but laughter when i do i try to keep it pretty simple on things that i can prepare ahead of time beep,statement
you fit first,request
there wasn t cracks all over the dash board and stuff,statement
it it had f uh throat clearing f uh it got to the news d you know and gave you the dirty facts pretty quick and easy,statement
c but with practice i would imagine you could groove that swing too,statement
f oh g where have i gone that s anywhere,question
ergocalciferol well don t bother laughter,request
d well f uh i ll let you start i guess sniffing,request
right tv,general
iodin come improving there iodin ll have to stop by and have try some of your baking,request
c and it was nice talking to you,general
very excited,statement
unity think you ll savor it,general
faint uh huh,general
iodin really apprize it,general
breathing yep,general
okay lipsmack,general
your name is lynn,question
d well are you going to buy a car soon,question
c and you cook it for another three minutes on high cholecalciferol you recognize,request
is is that one that you re talking about,question
become a become a few,request
was this the first time you got to see one hundred and one dalmatians,question
fluorine huh,general
just put f uh put a thing on it,request
the other thing to do if you re really like the hyacinths a and i do comprise that before you plant those bulbs stick them in the refrigerator for five weeks or so to cool them,request
i guess we d better go because our time looks like it s about up,general
interference right,general
and watch,general
f oh it makes a huge difference,statement
century and fluorine uh you put that in,request
c but f uh no,general
are there others that you re dissatisfied with,question
c and it sometimes doesn t,statement
put it to sopor d you know,request
ben franklin,general
in fact i believe it was,statement
f ohio really children atmospherics,general
a lot of them do get their sentences commuted to something else,statement
with the economy going the way it is and everything that was nearly ridiculous,statement
c and you need to look at when you if you do decide to go with child care you really need to to look at what your options are and and look at the what they offer,request
f oh now does does the school in in your in your city,question
have them last,request
c but some how i don t think the students are getting excited,statement
wherefore don t you tell me about your choir,request
d well ane ll let you go,request
c and f uh we had better luck with our used car,statement
d well doesn t it work you don t see f uh f uh anything until you spend the minimum,question
how many people in your band,question
what are your memories of boating,question
c and ace maybe we ll foregather up again,general
c and then throw them in with the rest of your salad sometimes,request
c and c and you can t really argue with them because they ve always been successful,statement
go onwards you firstly,request
f uh d you know,general
i ll just go with you first,statement
you got any hobbies that you want to talk about,question
c and think what what s it sledding to be like for my my youngest an my oldest son when he fail to school,request
c so instead we spend billions of dollars going to war,statement
do do you like to cook,question
laughter c so fluorine uh yeah,general
have a vacation in irak for a year laughter,request
i d left him a check for tax title and license and everything,statement
will it be mandatory,question
you ever heard of that,question
c but we went last year,statement
even the area of the grass that was underneath and around the mounds,statement
what ages laughter,question
where to start,question
back to your movie you saw that ten thousand,request
c and it goes across with you,question
uh huh rustling and clicking noises in background,general
d well you harbour t secernate me f uh what sports that you are active in,request
d well you shouldn t do that,request
this is jim in dallas,general
f oh yea,general
if if it s in the economic interest of the united states f uh do we go in and and prevail,question
i probably would have done d you know just like is that is this is that the mormon church,question
d well thank,general
is that is that good,question
put in a perennial blue salvia,request
d well do you cut out your own projects,question
d well you should f uh run for angstrom school board position,request
i see cough,general
d well you look at places like dud,request
d well travel ahead,request
whose was that,question
c so they don t know who killed,statement
everyday,question
do you know if virginia has it,question
c but f uh most of his people are from oregon,statement
d intimately i will enunciate good bye to you,general
c and f uh this is what she had told the kids,statement
yeah laughter pause,general
click static yeah,general
i m glad i never had to do it by giving blood,statement
baby crying yeah,general
d comfortably estimate what,request
okay very faint,general
c and now they re in the process of developing a list of of f uh designated doctors f uh,statement
f oh okay f uh,general
farad oh don thyroxine say that,request
i i don t either,statement
d well i ve enjoyed talking to you,general
d so what are what are your views on capital punishment,question
let s talk about schooling,request
i would merely encourage you to do a little traveling though before you get married,request
how long was that,question
have they done that in garland,question
e i mean why are they why are they not as vocal,question
i mean even their even their legal crops are things that we don t perceive as being healthy now from a medical standpoint of view coffee,statement
clink squeak uh huh,general
you sew the bodies and everything,question
i m the only one that,statement
c and you too,general
what do you mean by world music,question
mouth radio very faint yes,general
do you do you buy your pills one at a time,question
f uh do you think it works very good with that random do you think it limits,question
i do almost all my purchasing on credit cards,statement
laughter c but it has been fun talking to you,general
you re a junior,general
how was it,question
lipsmack yes,general
c but the cost is is d like double or sometimes triple,statement
c and i called there to see if they had it,statement
c and then you ll have to give me a call on gardening laughter,request
c and you commit it inwards,request
just put f uh put amp thing on it,request
get the sensationalistic ace,request
don t get maine to lying,request
amy how are you doing nowadays,general
send them over to iraq laughter,request
blow and then you just set your cauliflower in there,request
if you bear a gamble to rent it at least,request
like in nicaragua i am familiar with that throat clearing because we have f uh some friends that live on the nicaraguan border,statement
it s was nice talking to you kathleen,general
c and do they they have a hotel,question
that s where we become,general
fluorine ohio d well,general
f uh my daughter we were up there one time and my daughter was fishing throat clearing,statement
c so that comes up somewhat more often in my thoughts as i see these things,statement
d you know c so they re really they re really moving them along,statement
f uh do you have a family fleet,question
d well you too jim,general
d you know d like yeah,general
d you know is there something else we could have done d you know in checking out all the places that f uh might be available,question
been f uh good talking to you,general
farad huh laugh,general
d well i d say tackle one project first and see how it goes,request
cholecalciferol instantly come on let s be realistic,request
uh and they were single many of them,statement
d well we ll sing to you later,general
are you talking,question
c so if you ever start in a restaurant order crawfish,request
c and i would always try to look my best wearing sport coats and things like that,statement
are you involved in the schools at all,question
and that was all it all it lasted for,statement
f uh what are your favorite f uh,question
d well it siemens been nice tattle with you,general
c so c but f uh cholecalciferol well you ought to strain that,request
c and you mix it with one tablespoon onion juice and one tablespoon maize juice one tablespoon worcester sauce and mix it and spread it out onto a plate,request
yeah faint,general
i never asked him the other day how he was connected,statement
alrighty,general
coke and we ll talk another metre perhaps static,general
yo you remark on it,request
d well have a good night,general
what about like those grocery bags,question
do you like f uh like v van halen or anything like that,question
d now if you if you pay your monthly charge do you then pay separately for classes your taking,question
c but f uh yeah,general
c so pause calciferol well i guess i ll let you get back to feeding your little unitary there,request
we saw about them traveling to san francisco to see whether they wanted ten foot wide or twelve foot wide cars or something,statement
d well nola i give relish talking with you thoroughly,general
d well it s embody literal nice talking with you,general
you know how far you re going to get with that,question
let s utter about college hoops,request
c or do they have a standing ball or a machine or what,question
c but i do lots of outdoor sports and things bicycling f uh d you know mountaineering a little mountaineering this and that,statement
inhaling uh huh,general
f ohio laughter really,general
pretty hot isn t it in the summer,question
c and so you ll have to give me ampere call on gardening laughter,request
we had to call in the excavators and have them dig the basement,statement
d so how do you feel,question
you serve it cold,question
how much did it cost you for the paint for the outside,question
c so i think i ll say good bye,general
c so it s funny to hear that word because i never hear it,statement
c because when i grew up here it was just always the crisp air up in the mountain valleys,statement
c and you cook it for another three minutes on high d you know,request
rent s talk about the middle east situation,request
rent s talk about the middle east situation,request
my mom she just loves to fish,general
are you f uh one who feels like you have have benefited from the change in in roles in women,question
d well f uh if you had to pick a a type of music that you like would you be able to functions as a qw,question
hello this comprise judy,general
d anyway let you spell,general
is it one you re renting or buying,question
d well i guess i stand on f uh on probably ten for no f uh restrictions,statement
they ve got the full weight room and f uh the locker rooms with f uh a jacuzzi and sauna and the shower facilities and hair dryers and all the d you know everything you d need just about,statement
they had more information sooner than,statement
c or do they use prisoners,question
did you read tom clancy s a clear and present danger,question
what about the mini skirt,question
seek to make it early in the mornings,request
c and then they f uh poof it off d you know do like tarpley,statement
let randomness rationalise off,request
what ages are they,question
laughter was was that the time,question
immediately it s astir to you,request
there s both sides to it too,statement
i f uh i think there is more of an ability of d you know d you know for selecting a jury two different juries that would most of the time come up with the same idea f uh the same idea versus d you know whether he is guilty,statement
did you go do the board games and stuff,question
f oh yes laughter,general
have you been cross stitching long,question
she calls them just some basics about um you know you don t take what s not yours,statement
c so we really like those,statement
suspiration fine,general
what are your cats names,question
c because everyone gains from it,statement
d you know i i noise i don t spend that much money,statement
i was teaching for richardson school district,statement
c so i think i ll aver good arrivederci,general
f um tell me some about your bivouacking receive carolyn,request
ohio suspiration,general
right on,general
do you have two children,question
what do they do just keep them on death row,question
c or you john set up your work program and your husband s so that one of you is there all the sentence,request
d well good talking to you too,general
laughter d well thank you very much miss diane,general
c and how old are your girls beep,question
f oh that s what i was curious about,general
i think now that i ve had the bicycle,statement
what s that mean noise,question
c and you paddle your way back in and hope it doesn t start raining on you right away,statement
do you are you involved in any engineering drawing stuff that dishes talking,question
thanks,general
what s the best part about it to to you the the quiet the getting away,question
f ohio sidesplitter,general
f um you should constantly have three months of your salary in a savings account in pillowcase there s a major need for that,request
no wonder you don t know that,statement
i m a housewife,statement
breathing c and let them pearl to the bottom d and maybe do a a kind of a dense reel,request
what kind of crime do you think f uh is the most prevalent in our society,question
fluorine oh dear,general
c but f uh c but are are you would you draw the line there with just the premeditated murder,question
d actually though it was a lot rainier here in the winter f uh we came back last august,statement
what s the best part from your point of view,question
if if the isolation concept really works that good why are our prisons overcrowded,question
c and it s like do you really feel that sure about,question
you know the manslayer the drug dealers the user put them all in,request
can you hold ringing on scarce a unsweet,request
cholecalciferol see you necessitate to go there,request
then you f uh pour that in there viosterol you know to make the gravy,request
e i mean d you know we can maybe help them a little bit prompt them,statement
i want to see awakening,statement
f oh d well you motive to come out laughter,request
one second please,request
how do you get your news mostly,question
c and they kick everybody s ass,statement
d you know try that sometime,request
c and f uh i think a lot of people have contracted f uh spring fever too,statement
child gettysburg,question
do you have one,question
you can just light,request
d well that s to that s one thing that when you would consider,statement
c or do you brush it on,question
it s enjoyable talking with seeing that somebody feels the same way,general
baby uh huh,general
c so i gave it up,statement
c and good verbalise with you,general
hundred but d yeah next time you go farad uh d you know check into it,request
e i mean do you think things are going to change,question
now you watch,request
salutary luck inch school,general
do they even understand what s being said,question
how do you like it down there in texas,question
noise f huh uh huh,general
right t v,general
what are you interested in in restaurants,question
ane very appreciate it,general
port is that portland,question
twins was good too,statement
f oh i didn t see that one,statement
god knows why we hold it on tuesdays,question
farad uh huh,general
you want to get into some kind of manufacturing,question
i m not sure about macintoshes,statement
d well what type of restaurant do you like richard,question
sweaters and,statement
what kinds of things have you done,question
c and then in the winter time it s jeans or or pants,statement
throat clearing f oh okay,general
you buns strike those f uh,request
c so you enjoy gardening,question
f um so so scarcely laughter,request
you leave a message,request
laugh child talking i m telling you go one way or the other,request
c but yeah,general
d you know all of her dreams will be dispelled laughter,statement
c or we d you know we do everything we can possibly as a family,statement
yeah whistling,general
yo you comment along it,request
c and f uh then it doesn t bother me very much,statement
c just you need to pull the first one first,request
that all depends too on where you are at,statement
c but strangely enough the best off e i mean the best bargaining i had made with a dealer on my car was also the same place i got the best price,statement
i ve never had anything there that wasn t delicious,statement
cholecalciferol well hang on,request
d so now what are your opinions on recycling,question
yeah fluorine uh fluorine uh,general
d well what what kind of car,question
what do you call those things,question
f oh f oh f oh okay,general
c and get some fresh air in the house,statement
all i have to do,statement
okay f um do you like to cook,question
use the greens if you get them when they re young and tender d you bang before they induce grown too,request
c and she just hasn t been able to stick with the training schedule long enough to really get back in shape,statement
d well d now are you living alone now,question
century and what you dress is you just f uh wash it,request
c and there there were crayon marks on there,statement
we ll lecture for five proceedings,request
f uh did you watch the bulls this morning,question
this is fun,general
c and that was three minutes ago,statement
d well i i need to go ahead and and wrap it up,general
c and f uh until next time,general
tell me about the car that you ve got,request
c and i went through the t i fitness center and registered for the f uh aerobics classes there,statement
c so he brought it back to them,statement
anyways d well you have a good daylight,general
schedule vacation time,general
alright d well,general
c so how do you know this much about f um stealing cars,question
c so i can just wear whatever i have on for school,statement
wherefore don t you protrude,request
don triiodothyronine tell that to a native texan though,request
you have got to drive careful,request
especially that defense cuts in the defense is really a catch twenty two,statement
because e i mean that s just awful,statement
i thought that was pretty strange,statement
d like you have a separate account for that then,question
c so we ll have to talk about the future,request
are you reading the papers about the the middle east summit,question
do you have bass,question
e i mean d you know because once oil gets so d you know thick and yucky you d wonder how they could d you know clean that up,statement
c so why did you move up to colorado,question
look at the tidings tonight,request
f oh f um have you seen the gods must be crazy part two,question
ergocalciferol well you shouldn t do that,request
c and she was eating a cupcake and now her crumbs all over,statement
d wellspring i enjoyed utter to you,general
ah okey,general
what school district do you work for,question
c and we re going to be getting some wheel h,statement
f um uh huh,general
we certainly get enough coverage,statement
d well if you ever get one embody sure the walls are good and thick because if they ray not you can hear,request
c but use use unspoilt f uh overeat and buy it at a paint store where they have the right brands,request
if they re the kind of people that commit these cough e excuse me grotesque crimes and have done it over and over and over again you don t reform those kind of people,statement
f oh did it attack the child then,question
what did you think of the coverage of the war,question
c and f uh i ll have to check out that book you,general
sometimes it s too good because he throws too hard,statement
where does your friend go to to recycle,question
c and keep smiling,request
what would you have who who who would determine what these people do,question
what kind of things do you like to do with wood,question
how about those d you know,question
c and c and maybe these kids will really resent that their parents are out there working for things,statement
does it does it offer d like band or some of the instruments,question
very faint what do you think,question
laughter d so d so what changes have you seen laughter,question
how do you like your tread mill,question
c and f um d you know i i know that when i d you know when i get his book i m i m usually going to enjoy it,statement
i continued working there for probably another year,statement
i have a question,statement
does that last through the summer too,question
don t tell maine what to execute d you know,request
do you have to f uh sort the paper and take out the glossy pages and that that sort of thing,question
c so that s that s a big safety factor they ve got in them now,statement
lot of things that aren t being addressed,statement
just go to the bike shock bi bike shop and pick it upward,request
can you believe it,question
iodine iodine have got to run to a meeting,general
c and so i decided okay i ll just d you know have them paint this little room d you know a little ten by ten dining area,statement
you probably don t want to occupy them to see silence of the lambs,request
do you have do you have a computer at home,question
you posterior take those farad uh,request
are you are you,question
f oh huh,general
c and f uh d you screw make my annual pilgrimage to the lone lead brewery,request
i think it was like a five year deal with f uh,statement
what do you do during those those days,question
ace mb carol,general
static right,general
f uh huh,general
d well good to hear,general
the f uh development we moved into was,statement
plastic milk cartons newspapers and cans and glass i guess is the four is really the four things that we do,statement
d well what kind of car f uh are you thinking of buying next,question
d you know i guess a lot of the large organizations noise probably t i did they advertise on television how successful they are,question
inhaling d well i have enjoyed talking with you lisa,general
e i mean f uh sure,general
i i have one that s now,statement
how many ounces of gold d you know,question
take a long time to find the right place,statement
refreshen my memory,request
fluorine oh nobleman,general
hang on just a second,request
are there some set guidelines like only under these circumstances,question
c and it s it s come out pretty good,statement
i i can probably go along,general
they re interior they re trying to get all different amount of multitude,general
cytosine and f uh yeah,general
laughter d well it was nice talking to you,general
c so i m not quite sure what she made,statement
hey notice,request
hit the bags,general
do you have a lot of land,question
c and so we could we could talk about f uh that path d you know how important you think his benefits are and and and f uh how important you think they are and if what would you like to see increased,request
smack real,general
f oh yeah sniffing,general
keep on watching those movies fluorine huh,request
am i talking to utah right now,question
refresh my memory,request
c and you routine it i time,request
laughter i hope it doesn t hurt me,statement
c but i ve enjoyed talking to you,general
barking uh huh,general
c or is it the same thing,question
laughter d well i guess my breakdown about they say about every six months,statement
conk ahead laughter,request
c and f uh d well yeah,general
it s good to talk to you,general
what kind of see,question
any kind of recent painting you ve done f uh yourself,question
you can take those fluorine uh,request
they take your name and driver s license number hunter hunting license number and all that good stuff,statement
c so you will have to ut that once,request
laughter derive along,request
c and to think about how it just changed the whole landscape d you know you could follow this this beaten down path,statement
just amp second,request
c because usually it s snowing laughter,statement
d anyway have fun exercising,general
sniffing cough oh,general
it was nice talking to you,general
f oh uh huh,general
what do you use yours for mostly,question
cholecalciferol well it wa good talking to you betty,general
c and f um it s causing quite a stir up here,statement
d huh,general
c and f uh thanks a lot,general
you you ra first,request
f uh even though i may have them from sixth grade on up through f uh grandmothers,statement
c or c or maybe merely exercise at home,request
fair amp second,request
unity would not recommend that method,request
tocopherol i miserly you can tell him from me,request
has he had has he had very many other movies out,question
farad uh back to the issue,request
tablets,question
breathing laughter ohio,general
huh real faintly,general
laughter d substantially do don t ever get one for a pet,request
c so if the economy gets better are you going to get another one another house,question
f oh faint,general
yeah plain,general
d so we ve got to spill about music,request
not bad,general
c but still have been d you know certainly exposed to criteria people are using,statement
rattling timid right,general
d like you were talking about walking at night and in the morning,statement
you have mystify to repulse careful,request
c and arlington is excellent now,statement
c and that was the most difficult thing of all to find the the right people the qualified people,statement
what part of dallas are you from,question
laughter the stationary bike is is so f uh,statement
d well ace trust,general
c and you ve got to admit that congress does kind of look astatine thing that way,request
add maine some wisdom catherine laughter,request
but uh she paid i think it was two or i think it was about two fifty three dollars a hour,statement
brian in plano texas how are you doing now,general
fluorine uh look at them,request
c or do you still order for them,question
fluorine uh you want to start cancelled,request
do you find it difficult picking up f uh guns that that are not registered,question
f oh didn t you,general
uh huh child crying,general
f oh i see i see what you re saying,general
c but here in california and in ari,statement
d intimately tell maine about it,request
you ve got to see it especially since you have a german,request
hundred and what you do is you just fluorine uh wash it,request
blow and when you re ready to get another car just pay cash for it,request
what types of crafts do you do,question
bye noise tv or radio,general
coulomb so pause d well i guess i ll let you get back to feeding your little one there,request
f um what do you think laughter the major cause of air pollution or at least in the boston areas,question
d well let s hope neither one of us ever has to run into this subject we were discussing,general
farad ohio don t tell me that laughter,request
do you know where that is,question
c and you want to use one of your good sauce pans that dissipate the heat because it it ends up burning,request
adieu kay,general
nice speaking to you,general
do you f uh f uh work with a computers a at t i,question
whiff uh huh,general
c and f uh h his big thing is that he can take pieces of little bits and pieces of string and baling wire and turn them into fantastic different things,statement
i ve been down here five years just over five years now that every spring and summer seems to get more and more rainy,statement
bye bye noise phone receiver noise water running,general
how much longer do you have,question
d now tell me your favorite squad,request
he was having a kite day,statement
c or are they,question
d swell it second been very nice talking with you,general
d so where are your what are the places d you know memorable places you ve eaten,question
on your commodore,general
d well i don t i don t get the paper every day,statement
f oh you ve got to meet that i,request
burn away,request
c but you see the water leaving your arm,statement
french yeah,general
so i don t do,statement
c but you really need to see that movie,request
d well have you camped all over the united states,question
did you go to dances with wolves,question
c and a lot of times i record it and watch it some other time,statement
c so all we had to sit here and and ask is d well what aren t they telling us d you know,question
what would you recommend,question
you need to frame that on there seriously,request
c but f uh where s the line where you where you say to somebody i m going to drug test you tomorrow,question
keep on watching those movies farad huh,request
put it along the lease,request
c but what hobbies do you have,question
something happen,general
di do they have a kitchen in them,question
put it to quietus ergocalciferol you know,request
coulomb and you pour the beer over the pass of it,request
laughter c so d well i think we ve discussed it good enough today,general
f uh i i guess i see all of us benefiting,statement
d well back back to this visiting thing,request
c or it s just that they don t use the materials that are available to them,question
keep it damp,general
if i had access to c n n i would watch t v news more,statement
if you take a chance to snag it at least,request
what did he shoot him with,question
put it along your shoe now,request
penetrate yea,general
there s a nice nice train ride that goes up to the city of silverton where they used to do a lot of silver mining,statement
can i arrange you along hold for one minute,request
what do you do to to reduce crime in a in a major city like d c where it s a way of life for everybody,question
c so i guess i ve done probably f uh i d say seven or eight of them,general
we do we re ovolacto,statement
since galen goes to nursery school,statement
how would you feel about sending an elderly family member to a nursing home,question
suppose f uh d well d you know they had a group who were construction tailor,request
you ever serve that yourself when you have company,question
you re supposed to only want baby talking the job,statement
c and they appreciate how much it costs to do that,statement
have you painted something lately,question
uh huh medicine,general
c and it had all this dark trim,statement
breathe d well charles good lot to you on your,general
c and i think some of those require the drug testing,statement
seem astatine the news tonight,request
do the schools emphasize the metric system,question
tell me what you think about the vietnam war,request
c merely thank for talking to me,general
uh go ahead,request
is is is it doing a good job or a bad job,question
rent mho talk about the baby,request
i don t know would you classify that as tex mex,question
excuse me hardly axerophthol minute,request
you you ra commencement,request
c and he got killed,statement
go good talking to you,general
huh inactive,general
d no you tell me how you feel about,request
you want to go ahead and say maine your favorite team or who you think will be doing well this year,request
it sounds like your kids are doing stuff laughter,general
have you heard of them,question
who would they ask,question
talk talk your husband into taking you thither about night,request
look at the news tonight,request
now you can tell maine what you do,request
one ll fail ahead and start recording that,request
c so i i think that the f uh d you know once you get past f uh the initial stages of it that there s different options you can use,statement
d actually they i think they slant things,statement
f oh diving,general
didn t i read that,question
they re are going to interrupt us any minute now,general
d well it s good talking,general
i never got shot with either one,statement
what s that the i thirty and central,question
f uh i had a eighty eldorado which was leather,statement
d well i ve enjoyed it stephanie,general
f oh the sweating to the oldies,question
you have got to go tobogganing and sledding with them,request
throw the hat and everything out,request
do you have any air pollution in your area,question
hullo chuck,general
c and you ve got to admit that congress does kind of look astatine things that way,request
it had been slit,statement
could you cling along one minute jim,request
we were watching roseanne i guess couple of weeks ago,statement
c and you feel d you know you can t put yourself in their shoes or really understand them,statement
especially in the theater it was contagious d you know,statement
take care,general
do they go to a day care center,question
in fact f uh breathing just a little over just a little less than a year ago f uh my mother talking went to be with the lord,statement
viosterol wellspring enjoyed it,general
ampere joy,general
i suffer arrive to go,general
give me some tremendous advice catherine,request
c so go ahead and allege laughter,request
c and f uh f uh we both look forward to going to our next reunions i m sure,general
they never know when they want to run out and do an errand at noon d you know,statement
c and f uh you lay that indiana,request
we can t forget that one,statement
can you hold ringing on just a second,request
leave the shells on them so they won t just range upward,request
do you go to the game,question
c or the wind came from the side,statement
c and f uh in south dakota the minnesota twins are the closest professional sports team to where i was living,statement
rent them go,request
music uh huh,general
do you like what do you like to go for,question
if you re ever in township we ll go see angstrom movie laughter,request
laughter altogether right very fainthearted,general
f um fine,general
you also ellen,general
go ahead laughter,request
are you close to getting it done,question
what do you have at home,question
is it david segal,question
c so it s f um it s it s d you know it s a heck of a drive,statement
c but they make it through probably winter and spring,statement
did you work somewhere else,question
beep okay f um,general
c so people are either not,general
i m sure that d yeah,statement
arouse it real real swell,request
bye bye noise,general
c and f uh d well tell your dad that now he owes you five bucks,request
c and that s not giving a good example to students,statement
f uh e e at the time you hired on with this company f uh was that prior to any,question
c and they re go around and collect cans,statement
c or you open to buying foreign cars,question
yeah baby crying,general
viosterol fountainhead thank you,general
should we have fought them harder,question
evidence maine how yours works,request
d see c so plastic it s all out of plastic,statement
c and i m like you,statement
f uh when i was in high school we had a choice of f uh taking f uh physical education courses on exercise,statement
f oh michael landon,statement
did you ever d like travel around to what s that the little k o k o a camps whenever,question
fluorine ohio laughter really,general
do you have your mom or anybody around you that,question
f oh d well good luck to you,general
what kind of music do you enjoy,question
anyways i value it,general
d well they come on,general
frame it to sleep d you know,request
yes noise,general
it was nice talking with you,general
d thence we ve got to talk about music,request
this is lisa,general
c and f uh fortunately it worked,statement
d well assume t countenance it collect dust,request
you ought to rent the f uh f cristal part one,request
was was the whole face done or just the numbers and and like minute marks,question
c but i didn t realize what d you know pain it is to clean the brushes and everything if you don t have latex,statement
c and i was the only goyim at at all the seder dinners and everything,statement
d now do you think that s because they ve realized that for whole health that the d you know you have to have that combination or that people are motivated that way so that they ve incorporated that into their program,question
d well are there just the two of you,question
when they say this proposal is this something that they re just suggesting,question
c and f uh noise i i hope that i have something like that when i get older very faint,statement
coke and then yeah,general
c and so you f uh mix flour and a cup of water maybe f uh unitary tablespoon of flour and a cup of water,request
c so f uh lipsmack d anyway it was nice talking to you dudley,general
have a good life f uh,general
to you besides,general
c but c but f uh that s true,statement
you want to tell me first how you flavour about,request
e i mean very very little about it,statement
they came in,statement
at least at honeywell it is,statement
have you guys tackled your ceilings yet,question
why was you know why,question
c and so yeah,general
lay them in clink laughter,request
right rest talking,general
including a printer,question
c because i i need to have it tuned d you know tuned up and a i don t know replace some of the belts,statement
that was sort of fun d you know,statement
oh uh laughter,general
i had a difficult time the retiring couple of times of getting f uh answers,general
sniff uh huh,general
hi kay,general
d well i ll talk to you afterward,general
it is a life and death struggle,statement
you neediness to start first laughter,request
beep breathing f um what s our topic,question
hey stigma,request
enjoyed it bob,general
c simply you need to take the first one first,request
what s going to happen to the economies that are no longer have a a million plus people in the indu d you know,question
f uh uh huh,general
what kind of a dog is he,question
last week was her first baby,statement
thank sherry,general
are you sewing for a whole family,question
e i mean even if d well the jury i guess they do decide that,statement
what type of lawn and garden work do you do,question
i really appreciate your suggestions,general
did you did you think that c n n d well the gulf war coverage would be kind of f uh an abnormality,question
it south been squeamish talking to you tony,general
anything,general
c because of most of our d you know the town employees as far as f uh electoral positions are part time,statement
viosterol fountainhead listen,request
did you have any fear working in the hospital with that,question
d well f um take care,general
very faint oh,general
c and my husband went out of town and left me with with the brand new puppy,statement
if she acts like she wants to or says she wants to perhaps you could have her take some for a while and see how she likes it,request
c and i experience in virginia laughter,general
what state are you in,question
you ve aim to belong see that,request
c and they were playing cowboys and indians,statement
you think you d you think you d f uh go up in space if you had a chance,question
laughter f oh okay,general
d well what s your views on it,question
how about the injection,question
how many people were there,question
timid yea,general
could i ask you to reserve unrivaled minute,request
is to f uh it s because since i have pretty much kept my record books for the last fifteen years i guess i can go back and look,statement
d well wh what kind of services do you have there in lubbock as far as,question
f oh in f uh,question
c but i do know that there are some wonderful places out there,statement
you know the barney,question
just because they have to,statement
get s talk about schooling,request
it s sort of funny,general
d so what was what was the other question,question
you really should go at least once,request
tell me about your regorge,request
c but they didn t have enough teachers,statement
very feeble fluorine huh,general
emit ohio,general
shekels that,request
c but f um it s a lot colder too,statement
c but go forward,request
c and i was thinking that you needed to put some waivers in there for the handicapped and also for people that had to stay home and maybe be wage earners for their family,statement
farad oh good,general
wherefore don thymine you go ahead and say what you feel,request
it s been very pleasant talking to you,general
c and maybe they will respect yours,statement
d so who is your favorite football team,question
breathing laughter what do you think invades your privacy breathes heavily throughout,question
f uh f uh let s see d well name some people that are country that i should listen to pause,request
i don t know how safe that was laughter,question
just don t mind maine if i bounce back and forth,request
i think f uh pause i think it does help f um even preschoolers d you know,statement
d well i delight verbalise with you lisa,general
are they e i mean is there a margin of error,question
f oh d well we we ve just got slight chances of rain,statement
d well i thank you,general
f oh preceptor t tell me that laugh,request
c and since i was just d you know one of the office folk i guess it wasn t as important to them that they test me regularly,statement
i m not as ashamed to claim them this year as i have been so laughter,statement
hang along ampere minute,request
hold it down a little recollective,request
r right,general
c so i ve heard that s really on the rise as far as,statement
it made you think a lot,statement
f oh you ve got to see that unrivalled,request
is he one of the talk show guys,question
d well it s basically on the d well,statement
i had no idea,statement
you know give them a fine whatever,request
good day,general
we re spending the first hour of every day teaching for the test at my school,statement
c so how long did you say it has been since you all had one,question
exactly,general
c so you will have to do that once,request
c and that s it s really too bad,statement
like you mentioned before the name the college and university can can give you,statement
c and it makes a wonderful sauce over the rice,statement
d well listen i enjoyed talking with you,general
we don t too many major f um expenses at this point,statement
what s your favorite t v show,question
static yeah,general
c or do you just do your landscaping now and your lawn,question
d well you ll just have to plan a vacation some time,request
e i mean he knows knee problems okay,statement
calciferol well calciferol you bang let s face it,request
ergocalciferol alike for instance say f uh,request
do you hear the dogs in the background here,question
that doesn t really do it does it,question
give maine the money,request
fluorine oh fluorine oh okeh,general
it s really kind of f uh choreographed,statement
c but f uh sigh d well i have enjoyed talking with you jerry,general
d considerably iodine ve enjoyed this,general
c and the children c either stay at home and get into trouble,statement
uh huh very faintly,general
c but f um d so what what is your dream car,question
do you find yourself f um with all the f um cholesterol and and high fiber changing the way that you fi that you entertain,question
d you cognize seek that sometime,request
d nobelium you tell maine how you feel about,request
c or you terminate set up your work program and your husband s so that one of you represent there all the time,request
if you throw a chance to rent it at least,request
d well now hold a minute the thither,request
okay throat unclutter,general
c and you vanquish this cornstarch right into the mile the milk d you know,request
i enjoyed talking to you,general
d well don t give too much reference to the american public for their motivational power,request
i guess in my spare time i ll be making t shirts inhaling,statement
hundred but you really need to escort that movie,request
all right okay,general
it is a time consumer,statement
they re expensive cars to keep up when they need service,statement
corresponding i say i ve made a couple of visit to texas and,general
now it southward improving to you,request
d well severalize me some it,request
what s going to happen to them,question
could i take you to deem one minute,request
c so you might f uh think about that,request
c and they have to pay a penalty for every ounce or pound of this certain type of freon that they use in the air conditioning syst systems,statement
yea f huh,general
d well in the norman in a normal route of way we do thing how about the ladies go first,request
breathing d well charles good luck to you on your,general
farad um so so just laughter,request
uh huh noise hammering,general
d well have,question
i come up thither i ll have to stop by and have try some of your baking,request
c so i usually try to combine it with f uh catching a couple of games somewhere,statement
coulomb or you can just get approximately d you know regular red peppers,request
go prosecute they,request
where d you get the car,question
f um you should always have three months of your salary in a delivery account in lawsuit there s a major need for that,request
it s been nice lecture to you,general
talk talk your economize into taking you thither some night,request
it it it s it s a lot warmer a lot drier too because usually about this time of year this d you know you see a little bit more rain,statement
have you noticed that on the bottom of plastic goods they have this little number now that tells what,question
c so she didn t have to be transported back and forth,statement
wherefore don t you go commencement,request
f oh no,general
d well i have enjoyed talking to you,general
yeah f um noise,general
sh get south say,request
i just think f uh d you know it s,statement
c so i see a lot of kids with with various problems,statement
laughter yeah ergocalciferol you know,general
d well we ve got a compatible,statement
c and if they force them to d you know,statement
d so what kind of neat hobbies do you have,question
got to wait a couplet years,request
cytosine and f uh you set that in,request
c but you know who i mean,question
was there enough to go around laughter,question
d you hump where you should taste,request
i m curious what was your f uh graduate study in,question
how did,question
f oh i do too,statement
it was real nice,statement
d well you are going to have to find a mother s day out and have him call in sick one day,request
f oh d really i i i,general
c and then we went to disney,statement
i just got married less than two years ago,statement
is that correct,question
how d how does that work work out with f uh storing your bike and showering and all that,question
c so that s a possibility,statement
you you re inaugural,request
what do you what do you that you re,question
c so if it comes to pittsburgh in the road shows and i think they have three different companies that tour the u s f um you should go see it because it s really it s really outstanding,request
c and i always say that i ve learned so much more from them than i ever taught them,statement
d now d well mark f um what was that again,question
put it to nap d you bonk,request
c but it is really amazing how fast the inches come off,statement
ampere delight,general
frame it to sleep ergocalciferol you know,request
you do the same,general
is it any of your business,question
why should an individual just because it s just because the state can t really find out about it be able to avoid paying sales tax,question
how can they how can they make you pay for insurance coverage,question
d well enjoyed it,general
little rock superstar put all them in thither,request
you first,request
c and f um c and another interrogate to ask be if they re f um state certified,request
d well it was nice talking to you too,general
single m steve,general
laugh fall on,request
breathing c and let them drop to the bottom d and maybe do a a kind of a slow reel,request
c but f um nobelium,general
c and he took a couple of courses in economics and decided that wasn t,statement
are you kidding,question
d so are you happy with what you are doing now,question
could i necessitate you to appreciation one minute,request
where are you from originally,question
d well i ll let you go it s,general
d so you re right,statement
identical faint huh,general
well what else can we d uh talk about,question
c and i i do a lot of the f uh a lot of the the ba the back work and stuff,statement
probably not even,statement
and then above that we left it white,statement
fervor out,request
examine that,request
what f uh,question
d well you know what,question
where did you move here from,question
fluorine uh look astatine them,request
f uh d you know there s a shop in roy that i really love,general
laugh uh huh,general
d well i hope,general
i m doing fine,general
probably o f uh about twenty,statement
i don t necessarily draw or do any of that kind of art,statement
i throat clearing i i kind of spirit like i wish i could have gone back to undergraduate now laughter,general
c and let s hope some thither are other people that feel the sami way laughter,general
d well d well i ve enjoyed talking to you,general
bye bye,general
you need to bulge,request
c and she really enjoys those,statement
let s see what else is along television,request
tv an interesting topic,statement
f uh let sulphur learn,general
arrange trust god because ane don t know kids are a blessing,request
i don t know if you have you ever been there,question
c but do you do a lot of skiing there,question
c and norma it is just wonderful to babble to you,general
you ve obtain to go interpret that,request
take for instance f um a large construction company ace used to act for ed swampers,request
c and it s supposed to burn off more calories,statement
because if you f uh use driblet cloths to cover everything and you use masking tape to trim out f uh all the parts that you don t want to slop over onto you don t have to be quite as precise about how you exercise it,request
he wants to go to texas tech,statement
and let all the normal people choke,request
you probably could you probably could,general
calciferol like give me some examples,request
do you like the job sharing,question
f uh where is your family from,question
you feel like you re in the minority,question
you could cost creditworthy for that yourself,request
c because i wonder if that means that if you don t do it,question
right clanging,general
i just file federal income tax every year,statement
yes cough,general
your dress,general
it s more trim because it has some of the old asbestos shingles,statement
you can go down and shoot up against a sand bag and some targets and have f uh competition,statement
laugh that s true,general
the availability,question
c and f uh dungeon your mind off of negative things,request
d so what kind of weather have you had in dallas laughter,question
scott let s f uh talk about advice that we can offer angstrom parent where the child is going to go to angstrom university,request
farad um farad uh d well give me your first depression,request
c and f uh good goodbye,general
d well i guess i not trying to top you but i grew up in dallas county and i can remember when they built the north part of north central which was built after the south part of,statement
just go to the cycle shock bismuth cycle shop and pick it up,request
now you rear tell me what you behave,request
rent s talk most the baby,request
i think it was three quarters cup rice to two cups water two cups f um broth,statement
uh huh inhaling,general
f oh cholecalciferol well cholecalciferol well encourage her to try other things,request
c but it s comfort,statement
f oh by the way may name s julie,statement
did we cover everything we indigence to,general
weren t you guys,question
i think they do a pretty good job of selecting the most important items,statement
d well f uh you like to eat them after you catch them,question
what what i worry about is cases where it s the government against the individual,statement
c and i think we both listed an experience laughter,general
f uh right,general
pen that one down,request
is it is it pretty good coverage on there,question
tell maine about your home,request
f oh d well you need to follow out laughter,request
probably where as in a bigger corporation i think you re just a number d you know,statement
breathing laughter d well d look i ve enjoyed speaking with you,general
how about mister rogers,question
believe maine,request
c but we found we couldn t read enough of it,statement
d so d well i succeed thymine keep you any more,general
d well what you can do is take your machine payment and put it in the bank for three or four years,request
yeah voice faded,general
say maine what you think,request
are you in your thirties,question
may be,general
f ohio go ahead,request
and what room,question
d comfortably you ought to fare to north carolina,request
i would non advocate that method,request
do you have f uh long waits f uh to get on the course,question
i haven t the wilson class,statement
i m i m originally from lubbock,statement
d well go in don t go in the winter,request
what f uh what kind of camping is there in texas,question
kids i think would much rather have dad there than the toy anyway,statement
d well tell maine about your home,request
i think it s just going to be where men will do as much cleaning as women do and that it won t be your job description instead of your role definition is this,statement
snow simply laughter yeah,general
c but if if everybody would be a little bit responsible d you know,statement
is that been,question
retrieve we ve f uh covered all the subject,general
is that enough during the hotter times of the year,question
f oh d well do you do cajun cooking,question
d so f uh do you want to start first,request
is there not,question
e i mean other than dallas would you say that you have f uh a favorite quarterback,question
here hang on just a instant,request
call them,request
c but the f uh noise what what trees were were there when we moved in,statement
d so tell me the last time you went for a boat ride,request
c but it was rainy and icky,statement
d well they have got some of the newer ones they d you know with the aerodynamic features,statement
excuse maine one second,request
fernando,general
f oh c and do you buy one every two years,question
do they wind up with more red tape and more problems then,question
what state,question
put it along the letting,request
f oh d substantially you need to come out laughter,request
that there were several hundred f uh people,statement
it is it is really scary,statement
c but some of the different things we re doing f uh,statement
are you here in local texas,question
c and so it s f uh it s not particularly graphic,statement
c but i i keep lists,statement
d well do you exercise regularly,question
something is coming through now,statement
i ll have to try that out because i had heard that north carolina was sort of like that,statement
does he,general
what do you think a and this is not one of our questions c but what do you think of this no excuse absentee balloting,question
evidence me nigh your clubs up there,request
is there anybody who doesn t,question
ask them laugh,request
f oh same here,general
d anyway d well it s f uh nice spill to you,general
have you have did you see texasville,question
dash them,request
d well let sulphur start with you laughter,request
tell me what you think near the vietnam war,request
d well i think we re about to run out of our time,general
i m carol,general
i m glad i m not the one who has to come up with these policies,statement
you last forrader,request
c and i look for more of that in the next generation,statement
unspoilt spill to you michelle,general
c but f uh even that priest that was in control there for a while that they overthrew f uh,statement
e i mean ha had he been around children,question
d well you were saying what other trends are there,statement
they somehow seem to get around these,statement
belt line and what,question
feel at this slick guy,request
you ought to rent the f uh f x part matchless,request
c but c but that the most important thing is still pause d you know,statement
c and you pour the beer over the exceed of it,request
do you pick the topic or does the computer,question
what f uh go ahead and tell me approximately your house laughter,request
c and so we took the kids and and went by the farmers market down in in down there in garland,statement
the more they tried to get my foot in the more i screamed,statement
c but it blew a head gasket,statement
are y all planning on having kids,question
it was the one where he was a defense,statement
d well what else do you like,question
laughter okey farad uh,general
f um uh huh laughter,general
breathing okey,general
they have h m o which d you know after you get used to it it s not too bad,statement
i just figure with the visa and,statement
you really should go astatine least erstwhile,request
i think the last thing i did of any significance was change the water pump on an oldsmobile,statement
hectometre laugh,general
east excuse me ecstasy ahead laughter,request
c and we have a belt line alo around raleigh where we re trying to divert traffic,statement
c or did the people that had that reunion have to draw a line,question
who won that portland game,question
put in garlic and onion powder,request
hi maureen,general
c but i must say i find it very silly the way politicians are running around breathing creating more and more capital crimes f um clanking,statement
uh huh pause,general
f uh you deprivation to start off,request
we have two chows and throat clearing a miniature schnauzer and recently added a guinea pig laughter which wasn t by my choice,statement
did that help you,question
century and century and focus that to your children,request
the interesting thing was i watched this particular one change hands,statement
are you out,question
d well dana it s been really interesting,general
we looked,statement
have a nice summertime,general
d so you think that f uh maybe a five day waiting period for handguns or that stuff would be legitimate,question
hold it gloomy a small longer,request
do we drug test everybody that comes in,question
laughter what are you afraid of with them,question
c and then if things deteriorate they can go to a second level which is d you know d like where they prepare their meals for them,statement
i guess in a way it would trickle down to us in the prices of things,statement
d well good afternoon to you mary,general
c so that is something you might restrain your eyes loose for,request
c and f uh in fact static f uh i ll be leaving very shortly to go to work,statement
calciferol well you see just check it calciferol you know during,request
amy how are you do nowadays,general
c and you put a bay leaf and put some f uh red pepper over it,request
d well that s about all i have to say laugh,general
have you tried any of the,question
c and you let it come to axerophthol boil again,request
my wife has a volvo,statement
d considerably f um i hope you let a nice day today,general
f um c so c but i just think about the all the different ways that we have to protect ourselves from,statement
c but f uh c so do you do f uh,question
c and think how fat she constitute,request
does that stay pretty constant there,question
c and we re not teaching toward the test,statement
c so it has to be not the straight up and down levis kind laughter,statement
it s amazing how the d you know people you talk to have some interesting conversations,general
c and that was just because of of the last quarter,statement
how big do they get,question
c and my mom grows,statement
d well go in don t go in the wintertime,request
c and you microwave it on high for seven instant,request
you look astatine the united province,request
anticipate them,request
mingle astir a little f uh mayonnaise with some dijon mustard,request
f oh go ahead,request
do you grow f uh bermuda or,question
everyone had a two way wrist follow t v s on their wrist,request
f um is there anything you can do about that like,question
take them out,general
d well you ll just have to plan a vacation roughly time,request
ok d well it was selfsame nice talking to you,general
f um yes,general
d well you have got to flummox one of those ladders,request
you can go back to influence instantly,request
f oh f oh okay,general
what about politics on it,question
d well it was n nice talking to you,general
oh f uh,general
we ll spill to you after,general
c and we will be living in in africa,statement
d well have a good day,general
f uh c and i i ve f uh thirty something i m particularly interested,statement
c but c but yet viosterol you know we have to think almost that,request
you you you talked about having the summers off,statement
i have to i have to agree with you,statement
d well i have too,general
i was in f um florida for a week on business,statement
d comfortably secure talking with you,general
i think it s somewhere really close to that cause i think a lot of people believe that their one little vote is not going to make that much difference,statement
c and are you talking about public schools being lower level high school level or,question
laughter uh huh laughter,general
you maine overly,general
sure f uh,general
if you consume axerophthol chance to rent it at least,request
are you driving,question
are you in the defense,question
throw the lids and everything out,request
beep d so where was your last vacation laughter,question
d well is the crime that bad there in atlanta,question
we rhenium we rhenium slowly getting everything back unitedly again,general
search astatine this slick guy,request
do they ever get on your hook,question
i have had it a couple years,statement
stick along the subject,request
genuinely laughter,general
noise talking oh,general
uh huh medicine,general
c and f uh approaches to low minimum both both times,statement
f uh tv,general
iodin think that was good,general
c and let randomness front it,request
what s what what s what is your favorite f uh recipes f uh that you would like to have,question
f oh don t be concerned,request
d well do you think that people subscribe to magazines as much as they used to,question
viosterol well back back to this visiting thing,request
c or was it november,question
arrange it on the lease,request
it is about the like brave here,general
c and you can get the information to set it up d you know,statement
if i had kids d well if you had kids what kind of things do you hope to do noise sounds like paper rustling,question
noise sounds like child sulfur record hi,general
since you re organism you can talk for hours go ahead,request
did she,question
were you near near the park cities area,question
f oh well,general
d so frank what f uh type of f uh budget do you or your family have,question
it d start squawking,statement
hope you like you it,general
c so c so he does not live there though,question
d well d well it was good talking to you,general
e i mean to this day are you still in touch with any native puerto ricans that you have made friends with,question
now if you use the dry variety,request
c but c and they were packed in the old sort of six pack stick them down d you know f uh,statement
i haven t personally ever been tested,statement
have you d well f wai have you had any experience with it at all,question
c and so we could we could talk about f uh that path d you know how significant you think his benefits are and and and f uh how significant you think they are and if what would you like to see increase,request
d well what do you think about the idea of f uh kids having to do public service work for a year,question
c and f uh they had to teach a wolf how to to howl,statement
d well then they consider it a hung jury i g i think,statement
d well it was prissy to talk to you,general
c or e i mean it sounds weird,statement
c and rather than d you know pay the vet four hundred dollars for surgery we ll just cook him and eat him laughter,statement
d well i guess f um we can discontinue our call now,general
c and f uh if you have that on a regular basis in texas i think i would go with something very dry laughter to keep it off d you bed,request
tell maine how yours make,request
i told them if they don t vote they don t have the right to criticize,statement
c but i had to beg off from the duty,statement
c and you list it,request
that s interest,statement
you ought to rent the f uh f adam part one,request
they hire a couple of people,statement
the other thing to do if you re really corresponding the hyacinths a and single do is that before you plant those bulbs stick them in the refrigerator for five weeks or so to cool them,request
do you want to hear about my other animals i ve had,question
d well i am glad you have broken the ice with me because now i will i will start doing it laughter,general
c or was that just vacation or something,question
c but f uh d you cognize find out when they are holding pause the oil fair f uh,request
right f uh,general
e i mean here s here s a guy who for twenty years has been working toward d you know getting the party nomination and and preparing himself for the presidency,statement
c but look who she was running against d you know laughter,request
hey thanks a lot and and bye,general
i ll let you offset this time,request
many laws but little justice,statement
c and then you sprinkle the cheese along top of that,request
c but gee it was good talking with you,general
that is probably as near as much as we both know laughter,general
i think the biggest change that we ve seen f um in in my life or whatever lately is the economy,statement
i just just a housewife,general
d well do non tell that to all my friends,request
why not get the work out of the people,question
do you ever go to the dallas opera,question
we ve been talking for a little bit,general
i think the families,statement
laughter vegetables once indiana a spell,general
one thing i really hate is they don t explain to the jurors in a in a trial in a capital murder trial or in cases of rape or in different things that are so horrible what it means when they sentence them to d you know,statement
d well did they have a t v movie about him,question
what do you think s going to happen there,question
have you all been able to do much as a family these days,question
c so d like d you know the regular television shows that are that are very popular do they start at,question
if i was the type of individual that f uh had an unlisted number i i think i would be hesitant to give it,statement
blow and then you ll have to give me a promise on gardening laughter,request
a pleasure,general
yea fluorine huh,general
unrivaled mo please,request
c and farad uh d well tell your dad that now helium owes you five bucks,request
secure day,general
scratch that,request
it s a great idea,statement
i sure will,general
what kind of car is it,question
farad ohio uh huh,general
it s it s a pretty ride up there too,statement
fluorine um fluorine um,general
you can go dorsum to work now,request
my husband was saying that up north they have such nice restaurants where you can go after a theater or after the movie,statement
c and d you know i fixed a salad in a number three tub,statement
c and then you take and f uh lipsmack cover that with drained crab meat conflate with one of the small bottles of chili sauce and spread it over the top and spread it on triscuits whacky,request
do you know how did your budget work,question
d well you can come over to my house and spend it laughter,request
out of each child,general
if you preceptor t like it dart move on to something else,request
what do you like,question
so did i,general
book along,request
d actually did you see dirty rotten scoundrels,question
all right,general
f um c so do you all go ahead,question
c and if you don t you ll perish either by the hand of your your your master or by being pushed out in the woods,statement
you look astatine the united commonwealth,request
c but c but yet d you know we cause to think about that,request
we ll talk for quintuplet instant,request
i preceptor t think we ve gone our our tenner minutes,general
are there tornadoes in colorado yes or n i don t,question
being from baltimore of course i m a big barry levinson fan since f uh he he s d you know he s done a bunch of baltimore movies,statement
you re kind,question
go in the other hour,request
you go right leading because single,request
wait a second child talking,request
f oh i know where that is,general
c so we re,statement
c or is it pretty natural,question
my husband says i used to complain to pay sixty dollars to get licensed in texas,statement
f huh d well c so does she go actually out into a different classroom with with f uh other kids that are involved in this,question
c and how long have you had them,question
i can have,statement
c and c so i did like i say tend to go back to albums and,statement
i put him in a day care center from the very beginning,statement
farad um farad um,general
d well get back to what you re doing,general
as i said if i have to go to a testing area with my urine specimen i was insulted,statement
c and the little kids would have nothing,statement
now it s up to you,request
it s nice over thither,general
what s one of your favorites,question
c and what s your job now,question
postponement along,request
that s another consideration laughter,statement
make them do civic duty any,request
f um how do you feel about f um the way the u s has reacted in the middle east,question
d well laughter he was gone the whole day,statement
d so how do you f uh,question
c but f um you have to really rinse your vegetables later that,request
c and we have a state tax as well,statement
d so f uh have you seen any concerts lately,question
e i mean they have very strange d like dress codes,statement
talking decent,general
f um i lived in massachusetts for two years,statement
when is your good watching time,question
c and they re able to do that through all the manipulations of the computer,statement
c and i thank you for calling,general
what do you serve with it,question
f oh don t say that,request
fluorine uh arrivederci arrivederci,general
f oh i would be too laughter,statement
c and there was a playground for them,statement
c and so i i kind of don t pay a proportionate amount of taxes to i guess f uh compared to what i get because i d you know all my my education is state sponsored,statement
first of all you re coming to me,statement
when did you first come to texas dishes,question
are you in the market for a car recently,question
c and i felt the f uh six year old would d you know that he d be kind of bored,statement
century or century or maybe just do at home,request
are those the only two things that we f uh,question
hundred and you sir,general
i live in houston,statement
my dad bought one of these little nash metropolitans here a few years ba quite a few years back,statement
c and if you want a nicer car than that d well you save a little longer,statement
at where,question
fluorine uh you want to depart off,request
how do you feel,question
that s all they were,statement
do you go out,question
amp hamster,general
in building which building,question
d well it s been very nice talking with you,general
c and f uh no,general
d well hang along,request
d well my boys are at the point where they scare their mommy to death,statement
was it small enough that you could just hold it,question
d no you recite me how you feel about,request
i hadn t f uh hadn t not gotten any calls here in the last f uh,general
you indigence metal instead of fictile,request
f oh h,general
d well do you you you say you haven t been in years,question
laughter you too,general
yeah baby,general
throat clearing c and f uh yeah,general
c so f uh if you re near that age laughter or you know somebody who is,request
what instrument does he play,question
conduct care,general
give maine some wonderful advice catherine,request
laughter what do you like to do when you go camping,question
c and f uh in the summertime i wear cotton tops,statement
e i mean they they find out whether just how much of a people person they are,statement
you ever seen the the starter bread,question
you likewise cheerio cheerio,general
c but f uh we have some extremely good talent in there,statement
d well do not tell that to whole my friends,request
stir it veridical veridical fountainhead,request
do you ever want to go over to israel,question
f uh d now f uh were you asked to wait before starting to work until the drug test came through,question
don t always drink baffle,request
d well you re not a starving artist yet are you,question
gosh it sounds thus close,general
c and another consideration is how many infants or children are they what s the ratio of of teachers to,question
ohio farad uh,general
c and we ll probably be talking to you again,general
you ever been tried a place called louisiana purchase,question
iodin treasure the call,general
d well i i need to go forrader and and roll it up,general
d well f uh okay,general
c and you ve got to admit that congress does kind of look at things that way,request
c so you should think astir exercise something like that,request
she went,general
f oh silence of the lambs,question
laughter enjoy it,request
attend them,request
pen that one refine,request
cu couldn t you send us some nice weather,question
have you lost him before,question
d so f uh what do you think about it,question
i k going to countenance you kind of lead the pack,request
d well it s it is getting very expensive to run schools,statement
f uh i wonder if you can construe raising children children as being a hobby,question
e excuse me go ahead laughter,request
let them people go,request
c but f uh i d you know i when i was when i was going to school,statement
f uh who is your whose your favorite religious author,question
all righty,general
fainthearted oh,general
throw the lid and everything prohibited,request
d well you should of just ripped the wholly thing out,request
you might put some d comparable some yellow catfish indium there,request
laughter child talking i mebibyte telling you go one way or the early,request
c and some we do green,statement
i definitely think they should be tested,statement
c so i guess we ll let you go,general
that is probably as about as much as we both know laughter,general
c but that s why they re there and not me,statement
farad oh thump okay,general
d well what do you do on your yard,question
straightaway you lavatory tell me what you do,request
d well you you think it s better than to to try to spread the the effort equally among all the employees of the company,question
what type of things do you feel would invade your privacy every day,question
c and some something has to be done because i definitely think it s it it really plays reeks havoc with your quality of life when d you know you can see it s going on around you,statement
just a minute beep,request
let them decease and pay their crime or their time doing something else,request
where whereabouts in pennsylvania,question
f oh really fry stable,general
c but c but there again i i do not know if the the jury system itself f uh comes in to play there,statement
c and c and you hate to send something off with your name and address,statement
breathing oh,general
noise f uh hang along one second,request
you could constitute creditworthy for that yourself,request
uh huh throat clearing,general
lipsmack prat iodine pick your brain about how you got rid of those trees,request
the house explodes,question
f uh what do you,question
yeah laughter,general
how old is your daughter,question
go back to that one to ten scale where one,request
d well f uh what do you think about taxes,question
selfsame faint yeah,general
we re we re all for it,statement
what s her name by the way,question
tempt tempt the stamp over,request
do you think that t v is f uh pretty accurate,question
who does,question
she still continues to fall,statement
and have all the normal people go,request
have you ever been to marlin,question
do you feel at all like it s a religious issue,question
don t evidence that to a native texan though,request
they always seem to be so pertinent,statement
f oh that,general
f um where do you work at,question
d well does your the company d say for instance does the company you worked for bef before have the right or do they have the ability to say hey we ve already drug tested her,question
pharynx clearing yeah,general
australia,general
c and by the fence i had cucumbers which which didn t do real well f uh,statement
c and i ll coiffe the same,general
c and they re close enough to the coast,statement
even at your age,question
f um are you working right now,question
he said d well ghost and turtles,statement
what do you mean,question
probably you have to heat it upwards for a upright f oh,request
tungsten yea,general
calciferol so run ahead laughter,request
d well now wait a minute the thither,request
for how many years,question
hundred but you need to rent the first single first,request
right,general
c and they re going to be right back for the same thing,statement
c and f uh he was a little late graduating,statement
c or what could be done about it do you think,question
get some script of whether it be pennsylvania or va,request
c and we i clip coupons,statement
put it along your shoe instantly,request
clanging right,general
with openness and light,question
it s settling unevenly,question
do do you have kids you take to movies,question
do you ever think that there s a crime that s just so heinous and so bad that the person who commits this crime just doesn t deserve to live anymore,question
d fountainhead you are not missing too much then laugh,general
c and f uh keep your brain off of negative things,request
cytosine and hold on a second,request
calculate at the newsworthiness tonight,request
d considerably you can come over to my house and spend it laughter,request
i i realize d you know that we have f uh graduated tax brackets,statement
f um f uh do you live right in the city itself,question
sledding that is what you have got to brawl,request
if he s got a knife or whatever that can throw it at you,statement
c so you should think about doing something like that,request
d well you should f uh prevail for a school board view,request
let randomness example f uh,request
if ane were you ane would beat the greatest hits album,request
cholecalciferol so differentiate me ab,request
throat crystalise d so yeah,general
i went back in there and start all over again because it had been a while since i d done it,statement
c and so you f uh mix flour and a cup of water maybe f uh one tablespoon of flour and a cup of water,request
c and i have seen them d like go from where they re in an apartment building,statement
can you eat them,question
whitethorn be,general
it has been becky,general
i m studying speech pathology,general
how long did that movie run,question
they call it aqua exercise i guess is what they call it,statement
f oh serious laughter,general
she is f uh loves riding horses,statement
just a sec,request
you you offset even,request
c and my little boy just turned four,statement
isn t it strange how people are fascinated by other people that they think are strange laughter,question
use the k if you get them when they re young and tender d you know before they have grown likewise,request
f uh ringing i would say definitely go witness that part,request
what kind of roof does your house have,question
c but f uh i still haven t done it yet,statement
talk talk your husband into taking you there some night,request
d you know f uh did you get to go fishing very often,question
have you have you tried getting outside estimates to see what it costs to have something painted,question
c and what kind of state are we in if if most people are going to private schools,question
the stations i listen to are just mainly music,statement
c and i do enjoy those quite a bit,statement
are you from north carolina,question
going that cost what you have got to do,request
c but when my husband and i go out we like to go somewhere with a little atmosphere,statement
c so i do not know what she has been doing,statement
i m with the university d actually,statement
c and you had,question
fluorine ohio does,general
c and is that supported by all donations to the church and so forth,question
how were they toward the united states in terms of just general relationships,question
but ar do you have any ideal what you re going into when you graduate,question
plano,general
what do you do with all these troops that have been taken care of by f uh bulgaria and,question
halt along,request
can you hold just a second terrycloth,request
what what s it like camping in the desert and california,question
the length isn t too long,question
nice talking to you to,general
c and then you sprinkle the cheese on top of that,request
single beg your,general
d well it was nice sing to you wax,general
c and most of them,statement
do you like randy travis,question
could you advert on one min jim,request
c and you get you can get a cat cam system that can take any design you want,statement
c and f uh unfortunately that s not what i thinks happened laughter listen,statement
how do you expect them to do this year,question
gracious peach with you craig,general
d substantially let s face it,request
is it,question
c or do you watch d like,question
my parents live in ohio,general
d so d well listen then,general
one guess one better go laugh,general
c and they also have centers where you can take aluminum cans and f uh plastic bottles,statement
c but f uh put all the glass in one place and plastics like milk jugs f uh orange juice jugs things like that,request
c but you know what you know what scares me about golden retrievers,question
i have one that s a freshman in high school a daughter and a son who s a sixth grader in a middle school,statement
philadelphia,question
c and the ones that get the most pay do the least work,statement
our system shouldn t be based on owing and borrowing and all that,statement
okay f uh breathing,general
d well you birth got to get one of those ladders,request
tobogganing,request
c but i take advantage of f um dinner time,statement
c just look at their war,request
it s good talking to you,general
t i would pay to move you,question
f um lipsmack,general
hello chuck,general
lipsmack okey,general
c and i just realized i was sort of like an alcoholic,statement
uh huh popping,general
enquire them laugh,request
why assume t you go ahead and say what you feel,request
c and it makes it so much easier,statement
snow and then you sprinkle the cheese along top of that,request
what school is that,question
be sure to vigil it tomorrow night,request
the f uh the cure some of the cures that i ve heard for this that that sort of make sense,statement
you bet,general
what about tuition and rent,question
c and it was worked on down there assembled and then sent back here,statement
d so what have you seen interesting on oprah winfrey lately,question
calciferol well i have enjoyed talking to you also,general
c but f uh why would it be illegal,question
um hua,general
f um tell me some about your camping experiences carolyn,request
why don thymine you go onwards first and tell what kind of car you d look for in your next,request
d well i think it s a waste of paper the people that always leave f uh junk mail c and because f um you just end up throwing it away most of the time,statement
let s see what else equal on television,request
c but f uh in terms of demanding it s just not caused,statement
c but you like f uh you like pets and things,question
how far out from the city e i mean do you,question
c and we at the present time do not have random testing,statement
what s what s her name,question
if ane were you ane would get the nifty hits album,request
flop breathing,general
as a matter of fact i prefer public television,statement
commit them to work,request
f oh i see,general
you don t sustain to wait for them to say,request
if i was a cop i would be,statement
uh huh breathing t v,general
d well it s been nice talking to you,general
d so i imagine have you skied before,question
c so let s make it a good one,request
uh huh dissonance water heavy,general
are there m n,question
d well prices have come down on the homes the duplexes,statement
d well do most of your day care workers really care about the children,question
this is f uh about f uh ten degrees cooler than usual,statement
coke so i ll lecture with you later,general
f oh go onward,request
now you sentry,request
wait wait wait hydrogen three,request
do you have any pets now,question
c and c and they talking singapore is it like that,question
d you know c and i love to listen to it love to sing and i my kids when i was little and they were little,statement
c and if they re determined to f uh have their cigarettes and the other,question
c and it looked pretty good d you know the f uh the interior walls all basically white,statement
f oh excuse me merely a minute talks to someone indium the background,request
wouldn t have,statement
that that perchance honest,general
d you know i guess are you is it a little bit of constricted because a lot of restaurants don t take,question
c but d you know you ought to get him to yard pull the weeds,request
c or have you,question
d you know they they d much rather be with friends,statement
yeah indulge,general
they probably just take it for granted then,statement
i don t i i don t think anyone s going to come up with a better way,statement
d well when you decide to,statement
d now what can you do to stop that,question
f oh the potato,general
when when your son was at home did you f uh working,question
whatever subject you pick practise it the knowledgeable way,request
it s a little different f uh,general
c and d you know d like harbour along here,request
doug you want to jump laugh,request
let s say your spouse is on a particular dose,request
i ve just received some,statement
it s like d well you how do you really rate d you know michelangelo d you know clicking,question
laughter f oh i know it laughter,general
okay faint,general
let you start laughter,request
c or c or do you think that f um the trend is going more towards single parenting,question
you don t deprivation the gum on the back of the masking tape to get dried to grueling,request
c so that is something you might keep your eyes open for,request
isn t that true,question
right laugh,general
hawaii nancy,general
take it to a consistent extreme,request
right penetrate,general
you have a good time camping,general
i think we re going to have a white christmas up here just like the song says,statement
e i mean i had a delightful evening one night cutting a bunch of those suckers up,statement
are you living with a bunch of with with people that you re sharing expenses,question
they don t kill them,question
c but i am opposed to w any attempts to restrict f um local communities from taxing themselves above that to provide above the minimum,statement
d w w wellspring yeah,general
c and i guess that s a way of budgeting,statement
why don t you proceed forwards and start,request
c and c and c and do we do we support the sandinistas or or do we support f uh,question
if they pay for a p h d,question
w wait,request
f uh ringing i would say definitely expire insure that part,request
it f uh it would be nice if we didn t have to touch the money he has taken out and put in savings,statement
cytosine but unity say d you know they commit crimes let them be overcrowded laughter d you know,request
d you know let s go back to our original thing with d you know our experiments and all the d you know our actual exploring of space and and all that,request
do you f uh do you feel there is a need in the world today to have a an automatic handgun,question
you re a student,question
anyway intermit,general
c and how do you feel about them,question
c and how much crab meat did you use,question
f oh c indeed,general
how many times have you heard of judges being bought over,question
d well tell me about your home,request
go ahead you offset laughter,request
c soh that is something you might keep your eyes open for,request
c and fluorine uh you ought to baffle it,request
if she pretend like she wants to or says she wants to maybe you could have her take some for a while and see how she likes it,request
what kind of meals did she make that you liked,question
do you enjoy working with your car,question
hey steve,general
bye bye baby crying,general
c and then you take it out of the fat,request
d well it sounded like e i mean this is like major long term commitment d like a year,statement
viosterol well it was n overnice talking to you,general
c because i d you know if somebody has been convicted and has been sentenced to be put to death how is it that they can appeal and appeal and appeal and get stays of ex execution,question
inhaling d easily i have enjoyed talking with you lisa,general
is it f uh asian,question
on commercial radio i guess i i tend to get more of my news from national public radio of the morning on the way to work,statement
don t you feel like most people have given up on the rehabilitation idea,question
viosterol huh,general
good enough,general
d considerably if if you re interested you ought to go to the next auto evidence,request
one m ready for it,general
what f uh go ahead and tell maine about your home laugh,request
c and breathing we use the computers a great deal for word processing breathing d you know because students really do seem to be freer when they write on the computer as you probably found out yourself,statement
c and you usually get what you pay for,statement
now we get channel fifty five although we do not have cable,statement
c but you go ahead now laugh,request
c and where did you go,question
just don t mind me if i bounciness back and forth,request
i ve got another line calling,general
c but of course i would never be able to afford to put my parents in something like that d you know,statement
have adenine goodness weekend,general
i come from wyoming,general
d well i just laughter f oh i have so many mixed emotions about all this,statement
what was that anyway,question
c but f uh c a c and occasionally i i pick up d like time magazine or something i think f uh if they ve got an interesting lead story,statement
arrivederci arrivederci randomness,general
c but now i just in the last couple of years i have gotten to the point where i am saying i just cannot afford to pay anymore,statement
tell me nigh your home,request
f oh you ought to try roughly crawfish,request
c and take it easy now,general
do you all just start planning real far ahead of time,question
i missed that one of eighty or eighty two or eighty one,statement
c only f um you have to really wash your vegetables after that,request
laughter alright,general
c and you do have cold weather down there,question
coulomb and you ve got to admit that congress does genial of look at things that way,request
ventilation d well charles good luck to you on your,general
c and then it had a little bit darker sort of peachy color,statement
f oh very faintly,general
uh huh farad um,general
d you know that that s an interesting f uh interesting perspective,statement
d easily i enjoyed babble to you too,general
d well you like classical music,question
separate maine how yours works,request
c and it s it s been real interesting the different personalities laughter,statement
d so i ve enjoyed talking to you,general
e i mean you can tell him from maine,request
noise sure,general
are th are there any other specific things that that you feel like where where you feel your privacy to be invaded on a day to day basis or either on a growing frequency,question
do you put all the uh huhs in here on everything too,question
i haven tonne had a chance to,general
is she kind of country,question
c and f um d you know have a good business trip,general
it was a lot nicer than i expected,statement
f um so so only laughter,request
hundred and separate him to take you there for your anniversary,request
what s it called,question
d so do i take it that you think though that the lakers will f uh,question
e i mean there were thir i was f uh per peru thirteen which meant there were twelve groups before mine,statement
it would be an interesting it would be even more interesting you you to be some of these people who are at the other end of the spectrum,general
fervidness off,request
c and i m thinking how could you stand it d you know,statement
just don t mind maine if i bounce back and forth,request
are they driven by themselves,question
carbon but yes,general
i m an engineer d you know,statement
and two outside cats,statement
c and so there s just a whole lot of testing and a whole lot of pushing to do well on these tests,statement
c and does does your wife work,question
ane ll tell you,general
i think it was,statement
c so f uh how would you improve upon that,question
c and f um what did did you ever try using like prodigy or any of those systems,question
do you read the wall street journal,question
i was hoping you could tell me what you thought,request
f uh oh laughter,general
hold hold hold h trine,request
c and f oh i took my car up there to their house,general
then you remove it,request
fluorine uh flavour at them,request
d so we took those back,statement
c so i i don t know where those guys are at these days,statement
c but i m sure that will be good,general
you you too,general
f um how how old is your child,question
f uh they could be made f uh d you know inexpensive and lots of it f uh,statement
give me the money,request
laughter you likewise,general
e excuse maine go before,request
do you think there should be drug testing for political officials,question
laughter it follow nice babble to you,general
f um f uh d well give me your first impressions,request
d well let s hope non,request
i guess you would say the neighborhood road it runs between the high school and the the commercial districts,statement
if they were going to show that why didn t they show the guys who,question
d well iodine bear too,general
we ll talk for five transactions,request
f oh don t made any excuses for him laughter,request
f uh i know in my case i my wife and daughter were kidnapped,statement
it s so much easy easier d you know if something s on sale if you re a woman and you re a sale person,statement
you power adjudicate f uh,request
c or is it a pest,question
laughter uh huh,general
can t you get records through that or something recordings,question
c and i maybe we ll fulfil upwards again,general
c so where did your parents come from,question
d ascertain yeah,general
c so i had the little ones,statement
let sulphur talk about college hoops,request
just a minute,request
child uh huh,general
nonstop,statement
the man always did the bills for,statement
c and you have to make sure that you f um that you apply pretty early because they do have a lot of places have very long waiting lists,request
d well in the norman in adenine normal route of way we do things how about the ladies go first,request
she was selling real estate at the time,statement
favorite,statement
what did you wear to work today,question
c and let s d you know let s get rid of some of this harassment suing,statement
you need metal instead of plastic,request
good bye,general
d well what did you do when you helped these people,question
right randomness child talking,general
c and f um what about the whole situation with the refugees the kurds,question
get some books of whether it be pennsylvania or virginia,request
viosterol well you bet,general
c so don t headache almost it,request
d anyway it s been nice blab to you,general
uh huh farad um,general
it gets kind of boring,statement
do trust divinity because i don t know nestling are a blessing,request
they had people who did the yard,statement
what do you think that what do you think recite me what you think about this,request
sniffing all right,general
c and f uh i was ready to get rid of it laughter two months after i bought it,statement
i can t either,statement
good talking to you,general
cholecalciferol well i ll lease you go it s,general
so now the young fathers are having a chance to parent,statement
i know they say that,statement
let s cut slay,request
it we i guess we both agree that it s a good thing,statement
hey what do you think,question
c so that s kind of a difference for us,statement
f um so so just laughter,request
you were you were tested for drugs as you got into t as as you got into t i,question
child talking yeah,general
aren t they more of a running gun team,question
f uh how about yourself,question
c but breathing they have to be they re registered,statement
d well what do you think of howse who is the coach for the pitchers,question
f um c so f um what were you doing when you were using an apple two e,question
f oh can you can you hold along for just a minute,request
c and let siemens typeface it,request
f oh d well d see i am am just in the publisher s clearing house and the reader s digest because we don t f uh,statement
uh huh stochasticity nestling talking,general
century and then you sprinkle the cheese on top of that,request
you might take a look at them,request
c so this is my first one,general
there s a,statement
look at the the metalworker trial,request
do you think it s a breathing,question
really faint huh,general
it s not the the rinky chinese decorations,statement
c and i hope you enjoy the weather this week,general
you want it to get dry but not fluorine uh upright real hard,request
cytosine and let s face it,request
e i mean i don t know how many laws you would have to have,statement
c and so that s what they did noise,statement
f uh what s the main what s the main difference between republicans and democrats,question
that what the look like,statement
you remove forethought,general
you ei you either pay the thing off,statement
did you just look it up in a phone book,question
make sure you smack him around then laugh,request
lipsmack i don t want to call her a baby sitter,statement
c and i need it for the break laughter,statement
blow and farad um yeah,general
it s been nice talking to you,general
the early one you need to go image is sleeping with the enemy,request
c and you add f uh about a tablespoon of what i m using now is jamaican curry powder,request
c and the starter was bosch american,statement
a type of work station,question
noise tattle oh,general
d well i enjoyed talking to you,general
uh huh thumping,general
c but i don t have laughter any flowers on it,statement
blend right forward,request
i love them,statement
f um d well the thing i really worry about is f uh the sexual abuse cases you read about,statement
c and you splay it unitary time,request
is that the only pet that you have,question
with my first little boy i did gain a lot of weight,statement
how long will they be there,question
what s your major,question
c and he uses all of his special effects knowledge in doing what needs to be done,statement
they had a great desert bar,statement
do you all have target stores up there,question
fluorine ohio uh huh laughter,general
d well i i was going to ask too does your wife work,question
f uh smack as far as maintenance tasks that i do myself noise i i usually change the oil and wash the air filter,statement
d you know what s the significance of the apes d you know laughter,question
do you think it s okay for a company to reject somebody knowing that they ll take drugs,question
c but f um i like to have the roses where i can have cut flowers all year long,statement
what is your opinion,question
y yea breathing,general
c so i don t remember that,statement
c and have a good trip in california,general
how about revenge,question
laughter f uh i ve i ve got one at home too,statement
it was nice spill to you too beth,general
c and c and punctuate that to your children,request
c but then again though jesus the grace pushes you beyond the law you know what i m saying,statement
c and i m sure when your children grew up you didn t d you know,statement
i have got some of those too,statement
are you in dallas,question
d well i should probably get back to my job laughter,general
you don t sound like a nonexempt jim,statement
f uh if,statement
where in pennsylvania,question
c and you shroud it,request
just get it out d you know,request
let s hope it,request
hang along adenine minute,request
d well heed,request
do you have it right on the top of you head laughter,question
f oh breathing d well that s the way to do it,statement
is that is that pretty common up there f uh in,question
you can scarcely scant,request
c so if the person is not in the right mind e i mean they had to f uh lipsmack put her away,statement
d well how many credit cards do you have,question
pharynx clearing okay,general
c and then look astatine the weather we have downwards here,request
how long have you lived in north carolina,question
do you come by it naturally,question
c and people have told me it s very easy,statement
what do you think are the most important benefits for those working for you other than other than their present salary,question
c and f uh anyways f uh you take f uh a couple of f uh cups of bisquick,request
amy how are you doing today,general
equitable put f uh put a thing on it,request
d so f uh tell me about changes from enjoin twenty years agone since you were an adult twenty years agone,request
lead before,request
have a wonderful easterly,general
probably you ingest to heat it up for a good fluorine oh,request
this embody betty,general
trim the violence in the prisons,request
d well what are some of the other features on this machine,question
what do you think about places,question
she decease,general
one import please,request
c and c and you re you re lost,statement
thanks for calling,general
e i mean it was in the high fifties today,statement
let s cut off,request
they got the cast inward personnel,request
it s a a ho it s a it s a bargain thing,statement
you know it must be hard when you have a lot of children,statement
clicking beep on phone hum okay,general
d good if you if you sack get green card go for it,request
c and f uh anyhow f uh you take f uh a couple of f uh cups of bisquick,request
hold on,request
do they put f uh long,question
you too,general
f oh immortal you go to the mall,request
d like d like are you talking about movies like die hard two,question
i had to explain that to my,statement
lipsmack can i pick your mastermind nigh how you got rid of those trees,request
is it the the wharf or the the f uh,question
what if you re already on one,question
c and f uh i think part of our pay is docked if we re,statement
but i really think ford s got a leadersi ship position in this right now,statement
yes talking as if a scared child,general
are they poisonous snakes,question
oh sniffing,general
c and we re about halfway through the painting process laughter,statement
noise f uh hang along peerless second,request
century and century and strain that to your children,request
laughter d well what did you find was most helpful in planning the birthday get together,question
c so it s trying to push the weight plus have all this drain on it from all sorts of belts and things,statement
bye bye noise talking,general
do you ride inside if you can t ride outside,question
hundred and you refer it,request
c but i would still like to see it,statement
hollo them,request
fluorine oh it was good talking to you,general
c and somebody had taken d like a baseball bat to it,statement
laughter that s true,general
c and then they re back out in public,statement
what d now f uh what particularly particularly what kind of music do you like,question
we lived in tennessee for awhile,statement
f uh in wy it would be less spicy,general
c and accept a happy grace,general
c so don thymine worry about it,request
f oh can you can you hold on for just a minute,request
now if you use the dried sort,request
you shouldn t be talking about this right before while you re fixing dinner,request
yea laugh,general
right tape ends with no further conversation,general
you count at frito lay,request
oh respiration,general
f um uh huh swooning,general
i c and i believe that,statement
c but there may be other things,statement
if it ever touched my fam,statement
i hope you have ampere nice day,general
primarily with our local newspaper and t v,statement
c and i guess it has a thatcher attachment to it,statement
c and i m calling from garland texas,general
d well i enjoyed talking with you,general
f uh you want to commence sour,request
hi ed,general
instantly you can narrate me what you do,request
d well you see just check it d you know during,request
d so tell me nearly where you live,request
and and secern your wife iodin hope we iodin get her again sometime too,general
c so you do spend less time then,question
c and then once you selection that spot out selection out what you want to do,request
f um yeah,general
don t tell that to a native texan though,request
d well where are we going to impose d d you know,question
e i mean you can t blame them,statement
postponement axerophthol second child talking,request
look at the intelligence tonight,request
f oh that s d yeah that s okay,general
c and you had gay movements,statement
how are you are you satisfied with the twenty twenty and forty eight hours and the things that you do watch,question
are where you from originally,question
d so how s your products been,question
why don t you go ahead first and tell what kind of car you d look for in your next,request
f oh do you have a favorite among all those that you have been to,question
c and f uh keep your mind off of negative things,request
equitable axerophthol moment beep,request
maybe they gave up that right when they committed the crimes,statement
e i mean f um we painted them back in the fifties and sixties as as nonfeeling machine type people,statement
arrive to see pike s crest,request
f oh it can t be any worse than last year,statement
a boy and a girl,question
f um he s gotten out before,statement
you re not going to get it back,statement
c but i i love talking to you,general
he was just having an affair on his wife,question
i have people that neediness to go to dallas,general
i really appreciate it,general
it was over three hundred fifty dollars a month if we wanted to continue our own benefits,statement
you need to render em,request
do you think that it s just f uh medical guys,question
d well good luck,general
e i mean on the other hand e i mean you take a garbage man in freshly york city starts out at twenty six thousand dollars,request
can you tell much difference between the local radio t v stations,question
i don t know if i ll ever want another new car again,statement
you do the like,general
don t tell maine what to do d you know,request
wait wait wait enthalpy three,request
throat clearing sure,general
this personify donna donahue,general
i ve heard that it s really against the d well e i mean that it s coming out with the idea that the bible s not true,statement
sure pass forwards,request
c and f uh d like,statement
maybe they re burnt out or,general
the thing about civil rights is people take it for granted now,statement
how is it,question
where do you go to school,question
very beep decidedly,request
okay laughter,general
you might sample fluorine uh,request
d well thanks for calling,general
e i mean do you have them on an allowance,question
f uh laugh yeah,general
c and then where do you meet,question
c or is it always complicat,question
d see things like that,statement
if you want to go first go before,request
do you have annual family reunions,question
c sol d yeah do it as long you can sniffing,request
c and then you get roughly real sharp cheddar cheese,request
farad oh okay farad um,general
probably seventies eighties in the afternoon,statement
c and does he,question
she couldn t imagine going through college without a computer,statement
f oh okay f um,general
what did you do on the farm,question
fluorine oh you ve got to see that one,request
throat clearing if if you require to f uh f uh really get into a hot issue f uh,request
what power do we have,question
c and you beat this cornflour right into the mil the milk d you eff,request
i should know,statement
c so it just goes down the dining room the family room and the living room that way,statement
serious self aid,general
you can scarce clean,request
d well i think we ve done them a good job today then,general
e i mean it was all right,statement
c and c and c and we could equate or relate relay well to some of the newspaper and television articles about the fact that people where having this problem in in unhooking uncoupling from the events and going on with their,statement
we always check and see if we should answer the door,statement
finding a taker,general
d well farad uh ane ll let you start ane guess sniffing,request
i was hop you could tell me what you thought,request
d well if you do look at them i really recommend the dodge caravan,statement
did did you do that in f uh texas or somewhere else,question
d well we ll talk to you previous,general
how are you today,general
fluorine oh no,general
c and i appreciate the conversation,general
you mean the crimes or the punishment should fit the crime,question
get the computers out,request
straightaway you sentry,request
what kind of onions do you grow,question
f oh okay laughter,general
sniffing c but d you know when we first came down here i really thought this place was somewhat backward e i mean i was just shocked that we couldn t shop on sunday,statement
c but they recognize that syria s not the place that one wants to visit,statement
do you have to give those,question
f um d you know what what kind of a structure is it going to be,question
it siemens angstrom pleasure talking with you,general
d well did f um were you able to get one while you re in college,question
ye laugh yeah,general
f uh c and it s there by the copper mill restaurant habituate to be the haymow,general
good destiny in your car buying,general
fluorine um laugh yes,general
f uh d well is there anything else you d like to share me about your recycling philosophy julie,question
c so is your grandmother f um impaired,question
saved a lot of time that way,statement
c and you only keep beating it in,request
laugh c but laugh here we cristal,request
is that what you re referring to,question
d substantially then yes,general
d so the the topic is hobbies laughter,statement
explicate it,request
throat clearing hello,general
laughter well it was nice talking to you,general
ron we ll see you later,general
anybody that wants a cucumber can have it,statement
i think f uh do you live in a in a in a fairly rural part of the f uh,question
c and f uh let s hear it for the summertime,general
d well they come along,general
sure good talking to you jim,general
c and then f uh don t need me what the other hair i made,request
i gathered you might be a teacher,general
doorbell maybe we ll talk again doorbell sometimes doorbell,general
ane m ane m surely,general
do you do needlepoint also and cross stitching,question
cholecalciferol well you go ahead,request
i don t think it deters anybody because throat clearing most of the time crimes are f uh are committed with a without any thought to the consequences,statement
c and fluorine uh it sulfur good to hear from you,general
if she acts alike she wants to or says she wants to maybe you could have her take some for a while and see how she likes it,request
what what does,question
how much time did she spend with them,question
d well you you also,general
d well it s good talking to you,general
laughter f uh oh f uh oh yeah,general
coke so we ll talk about that roughly,request
c and i hope you get some more calls and make some more calls,general
i think we covered it pretty good,general
d well i guess,general
i don t like the chevies as much as i like the fords,statement
in their own community,general
century and f uh you ought to get it,request
c and so we don t want them back this year d you know,statement
it s a pleasure talking with you,general
what what attracts you to the saturns,question
where did you move from,question
c and so why do you like stick shift,question
d you know let s go back to our original thing with d you know our experiments and entirely the d you know our actual exploring of space and and entirely that,request
where do you live,question
f ohio c but,general
usually single crochet would is is always starts it off,statement
what part what sections are they in,question
c and she lives with my aunt and uncle,statement
do you all f uh have a budget,question
are you satisfied with the quality of coverage,question
am i going to end up in a place like that laughter,question
c so we decided we ll try in a couple of years,general
what kind of recycling programs do you have in rowlett,question
c and we ll hopefully we ll suffer to talk again,general
c and yet how did i turn out the way i did turn out,question
one of my one of my friends here he was just talking how he s thinking of leaving the company and going to dallas,general
unity need to go help my daughter do something,general
c and then you take it extinct of the fat,request
f oh i think i think it s just a crying shame f uh,statement
c and if they weren t spending all the money on drug testing people could have got a raise,statement
my family f uh my parents are the youngest of very large families,statement
d well i think that covers it,general
c and so some were vacant for quite a while before they d you know they finally sold them because there were so many,statement
farad oh lord,general
cytosine and f uh you put that in,request
thrum uh huh,general
uh huh dissonance ice spanking,general
okay hum children baby crying,general
do you think it would have been better for him to have f um maybe one continuous teacher somebody to that he could f uh,question
f uh f uh do you find that f uh on the average do people give f uh more credibility or less credibility to a professional f uh to professionally dressed individual,question
c but i ve been doing a lot of volunteering at the schools and playing lots of tennis laughter,statement
c and you want to use one of your good sauce pans that dissipate the heat because it it ends astir burning,request
hire it easy,general
why don t you do something with those laugh,request
savour it shilling,general
f oh my,general
c and you put it on a disk,request
flow on just a second,request
f um uh huh faint,general
what about other other benefits,question
d now you didn t hear me say that,request
ever done that,question
c but you look at our our crime rates and things like that and you compare them to to d like texas or someplace that does d you know it it it s impossible to make a case that it s it s affecting it in any way,statement
uh huh very timid farad uh,general
c and i hope you enjoy your camping trip,general
f um d good anyway ellen it was nice talking to you,general
the criminals that are going to get their guns one,statement
tell me,request
adieu adieu dissonance,general
c but it s just genial of like get on the telephone,request
one ve enjoyed talking to you,general
c and hold on a endorse,request
c and somehow that broke off,statement
are you finished with it now,question
it never really has,statement
has that been the cutlass or the sierra,question
c and that was almost twenty years ago laughter,statement
i i guess f uh growing up on the farm and and that i i ve always had a big interest f uh,statement
i had been there before when i lived in california,statement
do you work with t i,question
c and it live prissy talking to you,general
c and farad uh nice to have met you,general
d well let,request
d well i m in graduate school now,general
hope hopefully it s not my wife,statement
leave the shells on them so they won t just roll up,request
what what was your job,question
d well do we,question
it s a big change laughter,statement
coke and you just need to take the little one,request
i m really uninformed,statement
you mightiness require to,request
suspiration ugh,general
f oh god you go to the promenade,request
noise f uh,general
d well d basically f uh did you want to go first then,request
new math f uh,statement
c and then it doesn t sound like your sons would need this,statement
college is not for everybody,statement
let them simmer indium the sauce itself,request
would you f uh like to begin or would you like me to start,question
iodine enjoyed talking with you,general
you don t have to wait for them to say,request
are they they,question
c and i loved the shining,statement
maybe one tablespoon or two tablespoons let that brown then put all of the chicken back in there,request
have you ever f uh organized a family reunion,question
c but it randomness just kind of like get on the telephone,request
c and it s worth it,statement
probably you have to heat it up for a good f oh,request
fluorine uh pretty practically,general
have you thought about f uh leasing,question
put it to sleep d you know,request
if ane can the other side of the coin for a moment,request
snow just look at their war,request
c and i think the dog is the only one that is not a a dot laughter,statement
you want to start,request
how does the argument work if f uh if the bad guys are going to have guns anyway,question
all right you too,general
e i mean what do you think we can f uh i guess as individuals or as a group do about f uh air pollution pause,question
f oh how was it,question
f oh okay lipsmack,general
f uh we have not in some years now,statement
it was really enjoyable,general
tell me what books you read,request
just go to the bike shock bi bike shop and pluck it up,request
e excuse maine go before,request
c and you kind of clean it out,request
what area of lakes do you like,question
yttrium yeah breathing,general
d well breathing i guess i ll let you go now,general
c and it s basically the same same type of thing except for you do eat more the tex mex down here,general
how do people in texas deal with dallas houston and san antonio,question
what do you do you have any feelings as to the trends that you see,question
i hope you see a good movie soon,general
e pardon me go forrader,request
c but you had to have this card,statement
c but i don t know what do you think some of the long term repercussions might be,question
have you ever had them just come up in different places,question
did you have a nanny,question
nowadays it s up to you,request
is it a pac ten school d you know,question
c and i think particularly if you re if you re looking at the at the at the peasant f uh whether he s in central america regardless of where he is is his life is his life better off under communism or or f uh or democratic government,question
do you have brothers,question
c simply don t retire laughter,request
of course they wanted to see it,statement
d well it s nice talking to you too,general
laugh don t ask me,request
what would we like to say laughter,question
c and you motivation to look at when you if you do decide to go with child care you really motivation to to look at what your options are and and look at the what they proffer,request
c but f uh they re starting to change that out in the last couple of years too,statement
c and then f uh where where have you been,question
c but are they pretty good up there,question
c and unity appreciate the conversation,general
d wellspring what you can do is take your car payment and put it in the bank for three or four days,request
fluorine huh fluorine ohio d well,general
f um i see,general
f ooh yes,general
d well you should of just ripped the whole thing out,request
d well i guess that was it laughter,general
felicitous base repairing,general
we use word perfect lotus,statement
can you hold vibrancy on just a sec,request
laughter maybe we ll talk to you again,general
f oh excuse me just a minute babble to someone in the background,request
do you have that there,question
what what f uh what part of pennsylvania are you in,question
d well fluorine uh okay,general
only let him enjoy himself laugh,request
that s between houston and dallas,statement
do you live in the dallas area,question
i ll talk to you later,general
are you going to tell me what you ve been doing lately in the,question
fluorine ohio uh huh,general
c but that can be fun,statement
pharynx brighten uh huh,general
f oh i m i m a dog person,statement
c but i like that,statement
sure go ahead,request
experience amp experience amp few,request
d well steven it s been,general
c a c and good luck,general
c or were you a,question
look at the cowboys today noise,request
like washer dryer or,question
f oh was that good,question
yea fry talking,general
okay leslie,general
arrivederci straightaway tv,general
c and f um c and another question to ask represent if they re f um state certified,request
c or is he older now or younger,question
f oh f oh d well,general
treasure talking,general
it was real good talking to you,general
what kind of crafts and hobbies do you have,question
how long have you been in raleigh,question
century and then you countenance it simmer,request
your time becomes very precious,statement
well uh,general
c but f uh i think he s the only one that s that s caught enough crappie e or a big enough crappie to eat,statement
ha what kinds of things have you tried,question
have a nice summer,general
hello laughter,general
it s it s so funny when you live in one part of the country you only see that perspective,general
c but we re in a thirty year old house that would probably sell for forty five thousand,statement
i do know,statement
snow and you pour the beer terminated the top of it,request
d well howdy laughter,general
cholecalciferol well order me what s in your garden this year since i don t have one,request
c but f uh i really i really enjoy the car i have now,statement
i am not sur,statement
f ohio god you go to the promenade,request
that was the best one,general
laughter you re not going to believe this,statement
do they give any limits on alcohol,question
i mean personally i would get more satisfaction out of taking someone that wasn t as successful,statement
ho was it a big change in your life to f uh,question
i appreciate the call,general
i do not feel very f uh stronger that the jury system should be changed,statement
c so why have any restrictions at all,question
c and someday maybe we might even own it,statement
c and do you have a family,question
what what what what s on what s this mat e i mean,question
are you going to move your whole family over there then,question
then you farad uh pour that in there cholecalciferol you know to make the gravy,request
snow and i hope you have a good evening,general
c and it took forever,statement
do you feel that it has improved the way you feel,question
c and they do it that way,question
because technology is so f uh d you know volatile and changing all the time,statement
do you have any hobbies that you like to do,question
d well e i mean are they starting though at at with the children that are so,question
fall them,request
adios,general
tell maine what you think about the vietnam war,request
farad aah,general
c but f uh c soh yea,general
c and invariably just about the time i m going to sleep the phone tears off the wall,statement
what about hawaiian luau,question
i haven t needed child care except for my mom,statement
do you do you think that should be changed,question
d well why stop at children,question
really where did you come from,question
d well what s your ca what s your interest,question
f oh what did you get,question
what do you do when you re putting,question
you might try f uh,request
when i was a kid we used to collect newspapers and bring them to a recycle thing,statement
c because f uh the articles that i ve read regarding national health service in canada and england has indicated that f uh,statement
was she from your part of the country,question
c and the school years are wonderful,statement
what kind of questions did you ask about the private sitter before you took her over there,question
at least use while dusting it away laughter,request
is this a a mail order parts house that specializes in in parts for parts for uh old imports,question
c then go ahead and say laughter,request
c and they get they have community newspapers around here so the local their extremely local laughter stuff,statement
y yeah breathing,general
coulomb but d you know you ought to get him to g pull the sess,request
get the chickenhearted ones,request
c or p c or is it proposed,question
use about half the lolly,request
c and my last name is even more common,statement
d well f um thanks for hearing me rap i guess laughter,general
is it boston in f uh first place,question
await astatine the the smith trial,request
c and then f uh don t ask me what the former hair i made,request
f oh f oh,general
what what does a nonexempt sound like,question
c and maybe this is why this has died out,statement
give me roughly wonderful advice catherine,request
did you embroidery the pattern and then quilt it yourself,question
we th have you noticed that f um that a lot of the f um a lot of,question
c and i ll do the same,general
ladies kickoff,request
c and i do not even think that way,statement
what are your hobbies,question
c so we ll scarcely wait,request
give me some wonderful advice catherine,request
don t result your phone hello,request
c but f uh there is some there has been some resentment with orientals in the black community because they ve started businesses there,statement
a answers the other line long pause hello sir clicking a comes back to speaker b,general
just think of the money they could save,request
c and something major,statement
c but the idea that f uh lipsmack there are things that that do need to be done that could be done,statement
laughter child talk i m telling you fling one way or the other,request
just don t judgement me if i bounce back and forth,request
you probably don t want to drive them to see silence of the lambs,request
north south east or west,question
c and f uh then the end of october it started laughter rain almost a week without stopping just pouring down d you know,statement
c or even making the playoffs,statement
c and how can a country stand to f uh spend as much or much more than they already are on such a problem f uh,question
you want it to get wry but not f uh just real operose,request
cytosine so we ll have to talk about the future,request
one of my one of my friends here he was just spill how he s remember of leaving the company and going to dallas,general
is there anything f uh that you particularly are concerned with in your particular area as far as security and that sort of thing,question
my name is pat johnson,general
coulomb but use use skilful f uh stuff and buy it at a paint store where they have the right brands,request
f oh all right,general
f uh f uh how old is the dog,question
c so tell me your notion along recycling,request
breathing i can t understand why nobody saw that before,question
nestling yea,general
what s the name of it again,question
fuel economy isn t great being a mini van,statement
it s kind of hard for me to believe that this day and age,statement
d considerably hear,request
f oh d well take care,general
d easily jack it was nice to verbalise to you,general
do they have a pool,question
c and the daughter was f oh about a second grader,statement
are you d a d or something up there,question
pharynx clearing okay,general
c and then you bring it forbidden of the fat,request
how old are your children,question
could you restrain on for just a moment,request
c and you ought to d well as your daughters approach the college age f uh get finding out about the scholarship monies because there is a lot of money out there,request
uh huh child mouth rattling,general
d well that s about all i have to say laughter,general
c but my other line is blinking,general
c so ca,question
just a mo,request
breathing d well do you mind if i ask what it s worth down there,question
did you ever check it to see if it really was,question
f um they don t really buy the first quality,statement
farad ohio ohio,general
how do yo wh what do you think about it,question
f ohio yes,general
carbon and keep your mind on incontrovertible things,request
what channel is it on,question
c and i enjoy it,statement
how old is your granddaughter,question
they have one,statement
i m way over it,statement
c or are you in the market to buy a car,question
you want it to get dry but not f uh just real hard,request
laughter perhaps so,general
hang along a moment,request
c and it s not it s not f um it s not easy to do,statement
d now did you see f uh driving miss daisy,question
do you have a large tent,question
do they just come out in the morning then go,question
c and you add f uh about a tablespoon of what i m using immediately is jamaican dress powder,request
c so why don t you explain to me roughly good tips about what you ve suffice which you ve found useful and workable,request
c so you think if if trials were held by judges or experts that they they would tend not to f uh admit not to convict people on circumstantial evidence,question
you ve got to belong see that,request
hullo ditch,general
c and then f uh who knows,question
f oh what are their names,question
let siemens talk about schooling,request
calciferol well you can wait till you graduate,request
c but if you do if you do have to go something i guess we can just cut remove,general
c and he s going to be in also,statement
people have commented how f uh they were surprised at how small they were,statement
which f uh which approach do you find to be f uh more useful the the interpretive approach or the straight reporting,question
f oh excuse me just a minute verbalise to someone in the background,request
c and the sprinkler system that,statement
they re going to get mad beep,statement
c and i know what the experience my daughter has faced with that,statement
i m a librarian,statement
who do they need to trade,question
d well if you ever get one follow sure the walls are good and thick because if they re not you can hear,request
leave the shells on them so they won t just wheel up,request
c or you wear triiodothyronine like them,general
f uh what what are you doing,question
if you don t like it shoot move on to something else,request
f uh do you desire to go ahead and start,request
c and f um i enjoyed talking with you,general
oh okay,general
c or do you go out,question
she was a real attractive blond girl in in her freshman year of college,statement
i know that they re still playing it,statement
so you hit it,request
f um our grocery store like yours will take the f uh plastic bags,statement
hey brand,request
c and besides i can be doing other things and still listen to the news,statement
invite invite the stamp concluded,request
c and f uh because we live on a corner,statement
f um how long did you have that,question
c and course we have a large garden here that we grow a lot of our own stuff,statement
uh huh medicine,general
lipsmack can i pick your brain about how you nonplus rid of those trees,request
good luck with your singing,general
did you vote in the last f uh national election,question
laugh ok tony,general
c but what s a metric ton,question
c and keep beamish,request
wh what s the old country music like,question
d well what do you think if you re in that d you know if you re concerned about that,question
get the yellow ace,request
c and you pour the beer over the crown of it,request
because if you f uh use drop cloths to back everything and you use masking tape to trim out f uh all the parts that you don t want to slop over onto you don t have to be quite as precise about how you manage it,request
f oh he is,general
why don t you do something with those laugh,request
c and especially the visa card,statement
c but f uh c but i knew that it was paid laughter,statement
f uh what kind of crime problem do you usually run into,question
f ohio can you can you moderate on for just a minute,request
were you watching,question
let s example farad uh,request
c but f uh do you have to have a certain skillet,question
hang them,request
we ve had a real nice mild spring,statement
d well leslie it s been very nice talking to you,general
can you restrain just a second terry,request
f uh i know that there are young people characterized i guess as being half my age so that by definition that means,statement
c and that s a pretty heavy state compared to georgia baby,statement
c because really when i look at what my grass does in in actually about twenty four hours f uh knowing what the farmers do in rural areas they just take their hay and just build a big mound of it and it naturally f uh composts or stores,statement
let s behave iodin,request
she really was not aware of what she was doing,statement
f uh they are desperate at this point in time to keep their country together,statement
they didn t have,statement
they had to make a family decision,statement
d well i will say good bye to you,general
do you do you f uh do you know alec morton,question
c so what are you going to get it off with if you get it on and it s dried,question
laughter d well we we keep a little note pad on a on a wall,statement
laugh come on,request
c and then you you farad uh pour most of the all of the oil out of the pan,request
d well i was trying to think of what kind of things you d have to change,statement
commodity talking to you too,general
f uh kate what kind of f uh where do you like to eat out,question
d so how do you get most of your current event information,question
cytosine and then drain off all the grease,request
is that what you re saying,question
oh throat clearing,general
f oh d so are they going to f uh begin spontaneous f uh drug testing,question
one moment please,request
it was a joy in talking with you,general
d well you can wait till you graduate,request
c and save you some money too laughter,statement
laugh yea sniffing,general
yea whistling,general
f uh do you like the sports programming,question
c but d yeah next time you go f uh d you know check into it,request
stir it existent existent well,request
f uh compared to the way the things have upgraded,statement
wow was it huge,question
fluorine oh that s non bad,general
c so fluorine uh i think that probably i will end the call,general
i wondered if f uh the tribes that they represented the tribe that was the the evil tribe if they were really as bad as it made them to be,question
f oh why is that,question
you real should go to eec,request
d like in some of the large oil companies there has been massive lay offs,statement
c but second d you know why should we,question
do you rec exercise regularly,question
what do you think on the local elections though,question
countenance s project what else is on television,request
talk to you later,general
you should always sustain an umbrella permit that bridges your life insurance and your medical and your f uh f uh car insurance in case you run into a lawyer and you break his subdivision,request
c or is the world really that rotten laughter,question
i m inte are you a t i employee i m interested,question
i don t care to go to a place just for the price of it laughter,statement
it sec taken them ten fifteen minutes at a meter,general
e i mean fluorine uh trusted,general
c merely you really indigence to see that movie,request
lipsmack c and now i ll let you articulate something laughter,request
d well have a good time cooking for your dinner party next week,general
d you know the technicians work the eight to five job,statement
f uh separate me where that is f uh,request
reach them do civil duty whatever,request
at wha at cough e excuse me at what age did you,question
cytosine and we ll hopefully we ll get to talk again,general
c and i d you know i say all power to her because she s an example to me of someone who really does have the choice,statement
if i come in in a dress everybody s shocked laughter,statement
d well hey ace appreciate the call,general
i always buy shoes laughter,statement
c and you make sure that you hold up with them for the next time,request
that s what i hope,general
d well with the with the costs as they are right now do you think that the government f uh,question
ane would non recommend that method,request
we we re in pretty good agreement actually on it,general
iodin ll go ahead and start recording that,request
c so don triiodothyronine worry about it,request
c and did you put him in daycare,question
i think it probably has been,general
c and often times that will happen,statement
is not that amazing,question
c and that s that s the two things they associate with dallas texas,statement
you feature sustain to go tobogganing and sledding with them,request
if you own angstrom chance to rent it at least,request
hullo clarice,general
d well what kind of vacations do you like to take,question
you fundament verbalise,request
carbon soh i guess we ll let you go,general
d well i ll permit you go it s,general
it s helped me to believe more about some issues that i need to represent thinking more about laughter,general
d so did you watch the f uh final four this year,question
are you going to trade it in on this new one,question
is f uh because you live in austin is she thinking about the university of texas,question
just wear t mind me if i recoil back and forth,request
f ohio diving,general
you want blue,question
have you been down there,question
i m i m noticing that too,statement
you said you had problems with fleas last year in the yard,question
f ohio god you go to the mall,request
d so f uh tell me about changes from say twenty years ago since you were an adult twenty years ago,request
and let all the convention people go,request
c and i could not handle that,statement
take care of your little ones,general
c but we we don t a whole lot,statement
keep up the cross stitching,general
isn t that,question
cholecalciferol swell great,general
we have it usually at this f uh at this one park because there is a pavilion there in case,statement
why do f uh is that just because they have such a low opinion of the public and the public s f uh,question
of course now i w f uh now everyone s more f uh d you know environmentally,statement
c and phone books are a large volume of annual laughter trash,statement
have you seen all those pictures that they re going to put out there,question
you shouldn t be talking about this right before patch you re fixing dinner,request
c but what do you do with them in the meantime,question
c or is it passed,question
c and he s five,question
d well it certainly is nice talking with you gene,general
i wa about to aver you ought to experiment on at least a small part of it before you just tackle the whole thing laughter,request
do you go on long,question
okey doke,general
are bases safe you know,question
c but f uh then the mi f uh the cauliflower you,request
d well if you if you can arrive green card go for it,request
uracil uh huh,general
c so tell me about your home,request
c and she writes the checks,statement
c and then you cook it for seven minutes on high,request
it was a small restaurant just kind of out of the way,statement
noise sounds wish child s record hi,general
are we talking about is this the n b a,question
laughter did you catch the christmas laughter,question
how long of a program is that,question
especially with the kids,statement
are you looking,question
f oh that sulphur not bad,general
do you have either one,question
have s example farad uh,request
sounds like the way the federal and state system works now,statement
c so we all had to take lessons,statement
f uh c so f uh i would say that s probably their prime motivation,statement
fluorine oh laughter okey,general
laughter d well do don t ever get one for a pet,request
suppose f uh d well d you know they had a group who were construction oriented,request
wasn t that excellent,question
f ohio f uh yea,general
c but once he bought it he has been so pleased,statement
heed to bruce williams f uh for fiscal advice,request
how long does it take you to make one,question
c but after that he did fine,statement
fluorine oh deity you go to the mall,request
i stopped comparing myself a long time ago to somebody who had f um,statement
well you know why not,question
you ve got to go see that,request
that was a a strict requirement for me,statement
c and tell him to take you thither for your anniversary,request
d now why would you go to a seafood restaurant laughter to eat chicken,question
d comfortably let,request
d well then yes,general
c so h he hasn t really gotten into f um that yet,statement
d so f uh depict your family budget,request
d anyway back on embed,request
d like for instance say f uh,request
d well sure,general
i hope your baby goes well,general
of course it means that i don t have to cook,statement
c so that means i have to depend on on trustworthy friends,statement
i think about d you know just the meaning of f um the freedom of this country and and what that really meant,statement
i think they would probably have to pull into my drive before it bothered me laughter,statement
you probably don t want to take them to see hush of the lambs,request
e i mean i m sure i m going to be seeing it because in a week to amarillo where my sister lives and she s got two boys that i took to see the first one,statement
you don t see what you don t you can t know what you don t see,statement
render that,request
i m from pennsylvania,statement
pause laughter yeah,general
hi artemis,general
c and norma it is just wonderful to talk to you,general
do you or your husband work for t i,question
as a matter of fact they had more trunk space than my f uh sedan de ville had,statement
you know,general
you preceptor t have to waiting for them to say,request
f oh laugh yea,general
c but they certainly f uh they have a tendency to learn more,statement
is that silk screening or,question
what kind of mix do you have,question
have you ever seen murphy brown or anything like that,question
my name is lowell,general
i think we ve i think it siemens come to an eye decision,general
c and even d you know i think a lot of the movies we see now kind of kind of play a good part in our changes,statement
c and the weather is perfect for growing just about anything you want to grow,statement
it s good to talk to you too,general
d now tell me your favorite team,request
you should be thrifty laughter,request
c but viosterol yeah next time you go f uh viosterol you know check into it,request
assume t tell that to a native texan though,request
laughter d well frame them in adenine salad though,request
it s out it s outrageous,statement
a lot of testing,question
do they sometimes make a recommendation,question
c and as soon as you go down to salisbury this town that s d you know f uh two and a half hours away in the suburbs or whatever f uh in a real rural balt f uh maryland,statement
c or it s not because we don t want to pay for inmates to stay in prison,question
iodine probably better let you get back to work,general
commodity lecture to you archie static,general
are they big into am ambiance down there,question
laughter f huh,general
go proscribed to the nursing home help guide some craft programme perhaps work on some sigh music programme whatever their talents are,request
what do you think of that f uh the greenhouse effect that s going on,question
d well when she got home who took care of her,question
i know when i sit down with the family and want to have the opportunity you know to talk,statement
d well listen i enjoyed speaking with you,general
d well you are you are the same age as my daughter because she just graduated from college this year too,statement
century but you definitely need to go to hi,request
could i ask you to hold one hour,request
c or c or what do you think,question
do you have an opinion about it,question
did they automatically assign the topic,question
they you still have to punish them,statement
f huh d well you might want to get yourself f uh an animal that doesn t require much aid like a barf,request
c and so he had to paint the outside all the time,statement
i i see other people out there,statement
have adenine commodity day,general
e i mean you depend you depend at the number of marriages that follow occurring right ou e i mean even in high school,request
are are,question
laughter then you got to fetch him to,request
c and they don t look at it so much as d you know,statement
c and f uh nice to have met you,general
c so why spend your time getting qualified,question
bye now,general
we ll mouth for five minutes,request
d you know they ve got it all figured out,statement
laughter that second true,general
e i mean you can tell him from maine,request
postulate them nigh it,request
it adds up so fast,statement
do you just brown the chicken to get it colored,question
f oh you didn t,general
c and all those variegated f uh things died,statement
c and f uh you look at their society,request
thank you for participating,general
f uh pass pass,general
f um laughter yes,general
c and is your mother still living,question
cytosine and f uh nice to have met you,general
do you find that those parents f um,question
f um c so do you have a personal computer,question
was it damaged,question
do you find that f um e or e or do you hypothesize that that most of the f uh smog or or air pollution comes from vehicles,question
that s that s,statement
what type of exercise do you do,question
baby f um,general
i thou in dallas tx,general
calciferol so f uh describe your family budget,request
hell you can buy a coke or something for that,statement
d well tell me what s inch your garden this year since i don t have one,request
c hence you should think about make something like that,request
uh huh real faintly,general
my mom s in the same position late sixties,statement
you aspect at the unify states,request
d well are your children now,question
like i say i ve made a yoke of outcry to texas and,general
don t don t personify in any hurriedness,request
c but f uh ergocalciferol you know find out when they are holding pause the petroleum fair f uh,request
c but it was nice talking to you laughter,general
cause a good unrivaled,general
laughter d so f uh were were the f uh sentences that the judge handed out what you thought to be fair,question
c so you re on spring break,question
c and so we really only have one dallas newspaper and one,statement
c but it follow nice talking to you laughter,general
c and f uh d you know you get rusty,statement
c and this candidate tells you,statement
c so that s e i mean that s pretty big,statement
f oh what is the name of that,question
c and c and is that going to change too,question
sh let s say,request
f oh is is that what you usually use in the house is latex,question
laughter f oh d well tell me what books have you read lately laughter,question
c and you mix it with nonpareil tablespoon onion juice and nonpareil tablespoon lemon juice nonpareil tablespoon worcester sauce and mix it and spread it out onto a plate,request
the little tent comes up the top,statement
farad huh laughter,general
as long as there s enough little companies we re going to have to have something,statement
c and especially it s hard to keep your interest,statement
i can t even go grocery shopping right now,statement
c and you lay a bay leaf and lay some f uh flushed pepper over it,request
i m a finance major,statement
carbon and when you re make to get another car just pay cash for it,request
if i equal you i would get the greatest attain album,request
c and you need to go in the spring when totally the flowers are in bloom totally up and down through there,request
where do you play golf in this area,question
what are your favorite places,question
hi clarice,general
tv hi wanet this is his last name,general
there s something about the human character in it,statement
all right f um f um d well f uh,general
look astatine this slick guy,request
c and perhaps they would be indoctrinated that this is their duty,statement
breathing the meatballs you just f um after you form them fry them in a pan until,request
what division are you in,question
steak,question
hullo ed,general
i come up there i ll have to halt by and have try some of your baking,request
c and i hope you enjoy,general
when do you get to begin with the winters and all that,question
invite invite the boss over,request
have you done this very long,question
oh noise fathom like a cat,general
excuse me resound muffled sound as if hand over the phone,request
this must be a a hard category,general
d anyway it second been nice talking to you,general
one throat clearing one one kind of feel like one wish one could bear gone back to undergraduate now laughter,general
jeez it was d like f uh f uh thirty five baskets in thirty seconds or something like that from three point range,statement
c and when i commence up there the car,general
it it s funny that you mentioned that,statement
what do you think about it,question
it s probably sitting out on the barge somewhere laughter,statement
d well isn t that a that s a that s pretty f uh upscale f uh trash f uh f uh situation,statement
now it s f uh like i say it s been a while for me too,statement
do you f uh take your papers somewhere,question
try to commemorate to respect their privacy,request
c and you have a good day,general
c and i guess although in as i recall the stereotype of of secretaries was d you know overdress over kill sort of,statement
for me it worked out that they were the smaller ones,statement
you take care up there,general
noise someone is walking yeah,general
fluorine ohio you should try it,request
catch you later,general
f uh f uh throat clearing of course in the summer if i can get away with it i wear f uh f uh a pair of shorts,statement
is that one of your f uh,question
c but to pay that much money for an automobile f uh is just,statement
laughter static yes,general
laughter d well we ve kind of exhausted everything i guess,general
is f uh a cruise nicer than f uh if you just go on a regular f uh d you know to a hotel,question
c so what are some good things in texas to go visit,question
snow and you hide it,request
laughter vegetables once indium angstrom while,general
brian in plano texas how are you cause nowadays,general
laughter what what what kind of a,question
it said there was always a line,statement
do you live in the high rise,question
i ll be i ll be upset likely even though my prediction will be justly laughter,general
the the kind of country i like is kind of the older country music,statement
d so are you going to get into instructing,question
c and i hope you have a estimable evening,general
c and i try not to cuss,statement
i i guess d you know i d like you to maybe express something here,request
i m ready for it,general
laughter you re just going to experience to imagine what you would like adenine benefits laughter,request
d well you look at piazza like bomb,request
the other thing to do if you re really like the hyacinth a and i do is that before you plant those bulbs stick them inwards the refrigerator for five weeks or so to cool them,request
c so i i i leave a little bit of a slush fund in my checking account and i figure that so the balance showing in the checking account is always somewhat different that what s really there,statement
which group are you saying is the one trying,question
laugh huh,general
you have a thoroughly daytime,general
attend at the news tonight,request
did you see the one on sunday,question
wh when did you retire,question
uh huh music in background,general
look what we ve done here at t i,request
c and i dwell in te texas too,general
farad uh you diagnose it,request
f uh where you live do you have a state income tax and a sales tax both,question
make them arrange civic duty whatever,request
they re really getting into that,statement
c and then i just sliced them,statement
f um you kind of think it s something else then,question
d well let s hope not,request
okay throat clearing,general
wouldn t it be something to have a world series between da the rangers and the astros,question
d well i think they re useful,statement
mister mom,statement
c and f uh he has had a couple of inches in his house several times,statement
what kind of dining out do you like,question
good luck in your car buying,general
d do do you get cable,question
talking bye bye,general
c so if you ever go in a restaurant order crawfish,request
cytosine and f um cytosine and another question to ask is if they re f um state certified,request
laugh uh huh laugh,general
we f um i m presently living in a house f uh,statement
he s such a motivator he,statement
c therefore d substantially,general
uh huh sniffing,general
d comfortably i guess then i will go,request
c so that s that s maybe not so typical,statement
c and they d just stack up,statement
d well unity enjoyed talking with you,general
e i mean are you in school,question
hey mark,request
f uh laughter in fact i don t know if i could have f uh held up f uh d you know without my wife f uh helping in this,statement
god bless y,general
just rinse them out a little chip,request
c and f uh even if they re even if they re discouraged tell them that that s just a passing moment,request
what floor,question
i imagine there is a certain certain right of the press to have the ability to ask that,statement
it sounds like we ve covered all the bases breathing,general
i thought for sure i thought for sure you were in dallas or something,general
d well it was nice talking to you too jim,general
c and one appreciate your having called,general
c and they marked off routes that they could go or something laughter,question
d well what do you believe in,question
throat clearing if if you cherished to f uh f uh truly get into a hot issue f uh,request
c and what did you graduate in,question
cholecalciferol well i ve delight talking with you,general
talking right siren,general
c so we don t have any any children yet f um,statement
do you do you cook for a hobby,question
do you watch anything d like with sports or anything like that,question
d well we go on a lot of business trips,statement
if you have amp chance to rent it at least,request
where do you think this is going in the future,question
farad oh thank you,general
they everybody wants your business kind of thing,statement
d well listen it was good talking with you,general
pressman yea,general
you can corrupt whatever you want,request
several times you ll hit the wrong key not intentionally or something,statement
then then we had so much fun there,statement
c and f uh c and there s this little mountain lakes,statement
take it to a logical uttermost,request
is there d like a mandatory nap time,question
are you involved in the legal system at all,question
have you did you use commercially available software,question
they have to just go through everything,statement
c so if you could get your projects into boutiques f oh they are wonderful,statement
d indeed d well one won t keep you any more,general
f ohio my,general
c so i d say,statement
d so how do you use your credit cards,question
excuse me just a minute,request
c and it w it was,statement
c and we always d you know,statement
nice talking with you,general
it is about the same weather here,general
i do about forty percent of my time is on the road,statement
c and it didn t rain from august until december,statement
c but f uh so the mi f uh the cauliflower you,request
he may subpoena me,statement
c and your money comes out d you know every once in a while for however much poundage you ve got,statement
perchance we ll pose across we ll cross paths again,general
d anyway d fountainhead it s f uh gracious talking to you,general
d well i thank you for calling,general
that s really cheap,statement
f oh just this year,question
do you live in dallas,question
what do you think of him,question
fluorine huh laugh,general
d well single can go ahead and start and tell you mine,request
i guess f uh d well maybe the computer will pair us up together another time,general
what kind of work do you do when you re consulting,question
thumping uh huh,general
randomness talking oh,general
i guess if you re going to do it you need to suffer the consequences laughter,statement
evidence me nearly your computer laurie,request
i just heard d you know throat clearing last week at that one school they started putting them in because there was that one shooting,statement
hello ann,general
do we pay too much,question
c because they looked really nice,statement
c and f uh i ergocalciferol say blend to f uh midland once just for the heck of it,request
back then when i was a kid there wasn t that much t v,statement
does everybody have their windows tinted up there,question
c and f um the cafeteria is real good about putting out recipes d you know d like once a month,statement
it s just not doing it,statement
could you hold on for just a moment,request
why not,question
laughter beep my children are all gone already,statement
laugh d well invest them in a salad though,request
what is the nature of your company s business,question
did you like do you use credit cards,question
some i do on an x t,statement
hold on put on hold,request
d well listen,request
d so do you use them,question
c but to continue in that vein i think it got a little bit warped and off the track,statement
f oh d well we have only get two channels,statement
f ohio don t be worry,request
f uh do you cook for yourself,question
c and that way d you know you don t get near enough as as much as you bought it for,statement
f oh uh huh laughter,general
what about utah,question
c but f uh f uh i finally gave it to my son,statement
is it still there,question
c and it was about eight months later he ate a piece of the linoleum,statement
c so are you reading these in the form of just like printed manuscripts,question
c but d yeah c so what do you do for a job,question
have a wonderful easter,general
we re doing some here in in cash valley the community here,statement
d well it was good talking to you too,general
he he had,statement
now is that ad good just to colorado or to colorado springs,question
c but that was a fiasco,statement
farad huh laugh,general
f uh the female s red,statement
d well julie f uh are you in a situation where you d soon need to deal with f uh special care for elderly,question
c but i d like late night we don t watch f uh,statement
i think that constitute good,general
e i mean still d you know since it s dormant for such a long time there s still probably a lot of people d you know before the tests ever really came out,statement
e i mean i cannot fully tolerate to owe something like d you know,statement
f uh what white wine,question
what what kind of what kind of paint do you normally use,question
i isn t,question
yeah child talking,general
i don t usually have time to read the newspaper everyday,statement
d well you have a pleasant evening,general
f uh i think i think one of the main things that s really important to spend money on is education not support or or research per se but but education because a lot of people sort of get drummed out of the work place and out of society d you know kind of like lepers would,statement
c and how do you pronounce that,question
get some books of whether it be pennsylvania surgery virginia,request
where is home for you,question
c and he was going to build it in his home town,statement
when you go next time,general
d so how you like new jersey,question
i was almost to say you ought to experiment on at least a small part of it before you just undertake the whole thing laughter,request
uh huh noise water profound,general
forthwith you potty c either use d you know the kind that comes in the little potty,request
we were d you know we were sitting the dog and everything,statement
d considerably i can go ahead and start and tell you mine,request
did he take that back to california with him,question
c and hold on ampere mo,request
c but our crimes up here f uh as i think it must be in most cities now,statement
await what we ve done here at t i,request
do you have enough bedroom space then,question
c and i springy in va laughter,general
keep on observation those movies f huh,request
are they going to move to f uh,question
f ohio ane got you,general
i guess we ve kind of exhausted this one,general
feeble uh huh,general
well listen i ve enjoyed talking,general
c and then you f uh mix flour and a cup of water maybe f uh one tablespoonful of flour and a cup of water,request
do you go to berkeley,question
laughter d well it has it has been really fun,general
you have a good day,general
thank for blab,general
d well did that come on t v,question
put in a repeated blue salvia,request
have a good lif,general
c and so two days a week i f uh manage to get home early enough to meet the kids on the bus clicking,statement
i ve heard,statement
d well you have got to get one of those ladders,request
you can buy whatever you want,request
f oh there you go okay,general
hi ken,general
c and fluorine uh you ought to get it,request
i wouldn t mind it,general
d well what do you think,question
isn t that something how d you know you think about child care,question
d well somebody has to do it,statement
c and it s just got happy birthday printing on it and a cute little phrase inside,statement
century and you just keep licking it in,request
c so don t pronounce she s minor,request
d well take good care,general
uh huh baby,general
d well it was nice talking to you static,general
c so e i mean i m not i haven t played in years,statement
d well what s the first thing that comes to your mind,question
c and we do not know where that influence came from,statement
c and f uh that s one matter we can enjoy is thoroughly delicious food,general
c and it s really d you know it s it gets to be a r a big problem,statement
not when you figure,statement
d well do they all live in the area,question
is it is it f uh deteriorated a lot,question
do they have a mail noise kind of campaign that they send to professionals in the,question
d well you take israel,statement
you got to make money,statement
d like we had a guy fixing our air conditioner,statement
f uh you want to start by telling me what camping cost to you,request
d see they built that starter so it would fit every v eight and all the slant sixes that they ve built in d like thirty five years,statement
d well it was nice talking to you,general
sometimes they don t f uh they don t think that they can get any information out of the manual,statement
farad oh don t be worry,request
c and this was e i mean she did research on it and everything,statement
f uh he plays one of the main characters,statement
single th single imagine so,general
f oh i m in my paperwork here,statement
i thoroughly enjoyed it,statement
they talked about individual cases of people trying hard,statement
c and then cast them in with the rest of your salad sometimes,request
c and f uh it had the gray leather package in it,statement
c and they call it f uh f uh,statement
cholecalciferol good cholecalciferol you know let s face it,request
d well how do you think that that s happened,question
wherefore don t you start,request
do do you have a home or apartment,question
it s a lot different than working in a kids preschool,statement
breathing i ll let you go before laugh,request
i ve never seen that program,statement
now have you thought about this that wherever you buy your paint you need to make sure that that store s not likely to go out of business,question
calciferol well i enjoyed the topic,general
d well i i was in physical education then,statement
i have done the same routine for almost two years now,statement
d well my son had gotten to see a lot of movies this summer on choir tour and,statement
reduce the furiousness in the prison,request
f oh d see that s,general
he he remembers lots of snow laughter,statement
just so we don t have one of those famous ice storms,statement
c but she s still in college,statement
d well d you know let s face it,request
f oh you can actually rent those,question
c and for pause our age group it s too late too little too late,statement
d so have you heard about saturns,question
c only i grew up right here in falls church right outside d c,general
uh huh f um,general
breathing laugh d well d look i ve enjoyed speaking with you,general
farad um tell me some about your camping get carolyn,request
f oh lord,general
f oh do they,question
it s d like the third weekend in august,statement
c and you need to go in the spring when all the flowers are in bloom all up and down through there,request
i ve seen a few things but not very much,statement
c and how do people feel about it,question
that s where practically everybody i talked to is from,general
c and you turn it unrivaled meter,request
okay d well it was real nice talking to you,general
d well that sounds really good,statement
you think my daughter would like it,question
c and then you sprinkle the cheeseflower along top of that,request
tv breathing static uh huh,general
i did not f uh get to live through it,request
d well maybe you can f uh make that one charming and and make axerophthol little moment money f uh,request
laughter i know the feeling,general
e i mean you can tell him from me,request
f oh what s he teach,question
c but c but yet d you know we birth to think about that,request
what should they get in return i wonder,question
you go ahead,request
alright,general
if you re ever inch town we ll go see amp movie laughter,request
carbon but carbon but yet viosterol you know we have to think about that,request
c and i think there s a limit,statement
you know how that is,question
since since it s it s in mo the parent gets it for them that really the parent becomes the one that s responsible,statement
c and you ought to d well as your daughters approach the college age f uh start finding out about the scholarship monies because there is a lot of money out there,request
my doors were okay front and back,statement
c but don t retire laughter,request
laugh my community,general
right pause,general
c and i was a little worried about my son,statement
th does he invest in that and,question
c and f uh i ve always lived down here in the south,general
f oh d well you need to come out laughter,request
c and all the civil rights people are up in arms about it d you know,statement
c but we re even getting it here,statement
e i mean on the other hand e i mean you take a garbage serviceman in new york city starts prohibited at twenty six thousand dollars,request
yes f oh,general
wherefore don t you go first,request
d you know i really do because he knows exactly where he lives,statement
lipsmack c and now i ll let you say something laughter,request
things are not so good in texas job wise,statement
f ohio well,general
excuse me one endorsement,request
i i guess i should have specified,statement
c so right now i know what i m getting from the state,statement
c and you let it come to a boil again,request
c but anyhow ergocalciferol well listen one guess that s about it then,general
you could pretty much do whatever you wanted to do,statement
you go inaugural,request
c or what era mispronounced do you era do you like the most,question
sound fading you f uh you take clams,request
you think the c i a doesn t spy,question
d now i can t wait for f uh,statement
i have a real thing about being hot in the in the summertime,statement
my name is dolphene,general
i don t go for that at all,statement
out of apiece child,general
that s just a thought,statement
a lot time is spent doing things as far as the yard work or housework or,statement
c and it came on t v the other night,statement
d well i know they will,general
c but she was her her daughter was f uh a a ma ma dru a majorette or something,statement
d well try and think if it was ampere hundred dollars ampere square foot talking,request
c but f uh they re kind of fun to to try,statement
are your ba are they babies or,question
excuse me,request
i i ve fallen off twice in the private sector,statement
e i mean do you just keep it in reserve,question
think near farad uh taxes,request
d well it was good to talk to you,general
d well that d see i i didn t believe anybody would believe that either,statement
d well it sounds like i m being paged otherwise,general
of course we got it on a little bit of more furniture and stuff,statement
d substantially go ahead,request
what country were you f uh in europe when you were f uh f uh,question
been nice talking with you,general
what grade,question
was it civil or criminal,question
c and f oh it s it can be really bizarre,statement
do you have to buy metal,question
coulomb but look at their warfare,request
c and f uh have a skillful life the rest of it,general
when was that on,question
c so you should take my word,request
c and you put a embayment leaf and put some f uh red pepper over it,request
unless you rhenium farad um d you know big do it yourselfer farad um to d you know fix up your own cars c and c and things like that,general
now it mho up to you,request
that isn t that funny how we do,question
uh huh child talking,general
yeah pause,general
c but f uh f uh thank god for minuscule favour the f uh f uh,request
c and f uh i ll never do that again,statement
where have you gone there,question
cytosine so why don t you explain to me some good slant about what you ve done which you ve found useful and workable,request
is it is it this year they don t have a draft pick because of the walker trade,question
we ll set it,general
w yeah,general
falls church virginia,general
i was trying i was trying to figure up gold content on something,statement
how did he do that,question
okeh beep,general
c or do you do you eat what you fish,question
c and my wife and i,statement
what about you laughter,question
d good it receive been real good talking to you,general
f uh you want to start off,request
farad oh last ahead,request
is that what you re,question
d well do you do you tear out of your magazines your recipes,question
c and then you generate some real sharp cheddar cheese,request
lipsmack d basically i wear pants,statement
go indium the early hr,request
f oh is that where you are now,question
uh huh f huh said strangely high pitched,general
calciferol well revel it,general
d well fluorine uh i ll let you start i guess sniff,request
c but anyhow d well listen i guess that s about it then,general
stick on the subject,request
c but f uh i still like the giants though d you know laughter,statement
he s like sixteen months old,statement
i think f uh you guys in indiana don t you have the the death penalty,question
kid uh huh,general
let them go and wage their crime or their time doing something else,request
c but training c and training is different than anything else,statement
d anyway d well it s f uh dainty talking to you,general
there there there is a difference there,statement
breathing f uh i don t right off,general
explicate it,request
the pa the paints peeling off of it,statement
do you know which one yours was,question
is it very faint,question
laughter c and i hadn t read the f uh terms of the credit agreement really,statement
c and the only other avenue that i can think of is f uh looking at where they re spending the money and not so much as saying d well we re spending too much in that area as perhaps looking at what is costing them the money,statement
state maine how yours works,request
do you enjoy cooking,question
f um i i might buy the mother boards from utah but then still have to pay pennsylvania sales tax,statement
d so tell maine the utmost time you went for a boat ride,request
you should glucinium careful laugh,request
maybe we ll get across we ll cross paths again,general
d well dependable to listen,general
c and you core it,request
you mean security job security,question
it s really is a buyer s market there now breathing,statement
laugh okay farad uh,general
isn t that odd,question
c but i do d you know,statement
blow and it was nice talking to you,general
throat clearing yeah,general
have you tried mother mesquites,question
what else do you like,question
f oh can you can you hold along for barely a minute,request
drop in at times that follow unexpected,request
c and you turn it unity time,request
laughter d you know,question
f oh why yeah,general
d easily you should f uh play for a school board position,request
d well do you go to many movies more than once,question
been nice talking to you,general
what sort of f uh f uh what other programs other than say running,question
d well i guess i got to get going,general
c and she was sitting in school on a carpet,statement
is it do you think this is a good thing or silly,question
d well tell me about it,request
bird yea,general
why don t you go forward and jump,request
c but you do have to have it d you know you do have to have it hot when you cook it e i mean,request
fluorine uh watch out,request
d well it was great to talk to you,general
c and then you you make the dress for it,statement
do you think that s a deterrent,question
right d you know,general
couch in amp perennial blue salvia,request
laughter my sister is,statement
f oh don tonne made whatsoever excuses for him laughter,request
carbon so you should take my word,request
tell me about your cat,request
c and so my parents invited,statement
people would always bring them when they go to the countries,statement
d now how long does it take for your contribution to vest,question
f oh you ve got to image that single,request
yeah clump,general
ane ll let you offset this time,request
fluorine ohio h,general
f um do you like big dogs or,question
c and d you know we have a swimming pool at our house,statement
i m in plano pause tx,general
do you vote regular tv baby,question
tone f uh do you ha,question
you don t want the gum on the back of the masking tape to get dried to hard,request
laughter with two kids that could be hard,statement
c but f uh mostly it s it s kind of science fiction,statement
we re over by collin creek mall,statement
i ve always thought that would be a real fun thing laughter to do,statement
a lot of times when we do stir fry we just put in tofu,statement
have you taken anything back lately f uh that you ve bought,question
all rightie,general
century so century but f uh d well you ought to try that,request
i don t have,statement
it seems like the stuff that they put out now it e i mean i doesn t just seem like it,statement
i would rather work at home if i could,statement
f uh i don t really know,statement
okeydoke,general
d substantially it sure is nice talking with you gene,general
c and it seemed like it was a little bit hot still,statement
usually i start distracted off the topic,general
noise talking d so how do you feel about it,question
c and they don t give those sessions away,statement
you re you re always risking that,statement
lipsmack oh,general
have a nice day,general
father t father t be in any hurry,request
it cost nice speak to you,general
you too tanya,general
f uh no,general
you mightiness privation to,request
c and i don t have to laughter to be writing checks,statement
it s taken them ten fifteen proceedings at a time,general
f oh very good,general
is he going to be impartial,question
yo yo,question
c and you got to try to be with them as much as you can,statement
very good,general
c and you have to make sure that you f um that you apply pretty early because they do have a portion of places have very long waiting lists,request
it s real interesting this last f um tax season,statement
go out and bargain one now,request
tell maine what you like to serve,request
do you know who he is,question
tooshie you hold just a second terrycloth,request
there s a lot of problems,statement
in the salt water,question
that s the same thing we do,statement
c and then you ll have a realistic assessment of what you re getting,statement
i i don t run much any more,statement
c and you redact it along a platter,request
c and how can you convict somebody on circumstantial evidence is beyond me,question
e i mean you look you look at the number of marriages that are occurring right ou e i mean even in high school,request
everyone get a two way wrist watch t v s on their wrist,request
atmospherics properly,general
i used to take that,statement
wait a second tike sing,request
c or is it something that is f uh a little bit different from that,question
let you commencement laugh,request
c and f um have f uh some happy camping trips laughter,general
now you can tell maine what you do,request
it be good verbalize to you,general
c but gee it represent respectable talking with you,general
could you admit along,request
did you see,question
d well they come along,general
imagine the guilt that person would have,request
i think one of the positive things e i mean one of the things that can come out of f uh is not just di discipline okay,statement
fluorine ohio my,general
just tour to the bike shock bi bike shop and pick it upwardly,request
f uh it was always my mother s fault she was not f uh sufficient d you know she just was not good enough,statement
what is real popular up there,question
my my children are twenty one and twenty five and twenty eight,statement
but so what does that,question
at least exercise while dust it turned laughter,request
laughter fluorine ohio i know it laughter,general
he said he learned a tremendous amount that he never would have able to pick up on his own,statement
and and they carry quite a bit about the u s on the other hand,statement
c or c or maybe just workout at home,request
ace meter steve,general
i m not for all these new age things,statement
nice to talk to you,general
f um d well it s a it s f uh cross stitch,statement
otherwise you re just d you know,general
c and you you let the chicken you fried kind of drain so that a lot of the oil comes kayoed of it cough,request
perchance we ll get together again in the future,general
c and i was i was there this f uh summer,statement
d all right thank you,general
d you know f uh that s the way my mother taught me to fry them,statement
that will be good,general
i think maybe more men would like to be if they laughter,statement
c and you f uh put about two tablespoons of f uh water into this bowl and about an eighth a teaspoon of salt,request
e i mean basically,question
it has taken on a more profound,statement
i m glad you re not laughter,general
c and what do you think that problem is,question
d so would this vacation you re taking,question
i think we ve i think it s come to an eye conclusion,general
c and then you debone them and and kind of shred them up into the meat that has gotten cooled,statement
hit a bad season,statement
at least exercise while dusting it off laughter,request
c or some people unfort just just can t even afford it,statement
do you like f uh f uh iowa,question
i ve got,statement
c and it had a built in f uh grill,statement
why bother voting,question
father t overcook it though,request
excuse it,request
c and i read the newspaper,statement
home study is that what you said,question
c and d you know the hype were just unbelievable,statement
guess i like to utter that s all laughter,general
did someone just come up with this design,question
d oh really,general
how do you decide what number of people have to say that,question
lynn do you do you want to start,question
c and we ll talk another time peradventure unchanging,general
f oh i didn t hear it,statement
redact it on the lease,request
c and i i saw the movie,statement
c and so you cook it for seven minutes on highschool,request
i m jay in dallas,general
f um bye,general
pass kay,general
c but i think you put your finger on it when you said that they re not respected if they don t work because it seems to me that a lot of people i know women i know are doing very menial jobs in a certain sense certainly financially,statement
up in f uh t i out there,question
ohio syncope,general
i m in dallas texas,general
c and d well you do the same,general
i was about to say you ought to experiment on at least a diminished part of it before you just tackle the whole matter laughter,request
d you know c so your name came out of pot when they spun the wheel,statement
c and in the rivers and stuff,question
we talk about sometimes go up to chincoteague,request
i descend from wy,general
c because i haven t really looked into it very much,statement
the former world,general
can you hang on just angstrom minute,request
you want it to get dry but not f uh just real strong,request
c but who does,question
uh huh swallowing,general
combined,statement
c but f um you have to really wash your vegetable after that,request
fluorine oh d well good luck to you,general
well it sulfur been nice chatting with you,general
ohio uh huh,general
what do you think about gun control,question
ace grand ace grand sure,general
f um c and f uh i did get one summons actually at one point,statement
take it to a logical extreme,request
did they tell you our topic,question
d well you have a good day,general
c and in all honesty,statement
d well it mho been great talking to you,general
because if you f uh use drop cloths to cover everything and you use masking tape to trim out f uh all the parts that you don t wish to slop over onto you don t have to be quite as precise about how you do it,request
had a good old time,statement
c and knowing how they love to dig,statement
appreciate talking,general
f uh c so it s a real f uh it s a real problem for me,statement
c and you get up when it gets light laughter,statement
could you have snow,question
everything else is d you know a luxury,statement
clicking d so what is your opinion on on drug testing,question
hold it pile a little longer,request
c but spell ahead laughter,request
c and you just keep beating it in,request
c and the sister is in a nursing home,statement
you own got to see astatine least once,request
c but you wonder how d well this thing,statement
d so go ahead laughter,request
c and you f uh have you eaten yet or whatever,question
fluorine oh it was serious talking to you,general
resumes talking to speaker b yeah,general
it s taken them tenner fifteen minutes astatine a time,general
what s your name,general
century and so when,request
d well d you acknowledge let s face it,request
d well f uh i f uh yeah,general
radius flop,general
d so you watch david letterman,question
fluorine oh go ahead,request
you ever heard of lufkin,question
which ones,question
c or you can set up your work program and your husband s so that one of you is there altogether the time,request
d well you go ahead,request
c but d now did you use to not feel so badly because you could take it off your income tax,question
c but did he go into that in the book,question
hundred and hold along a second,request
c and i ve thought for years it would make a lot of sense to p create an eight hundred number for voters to call and and vent their frustration with government,statement
c and i think the kids are a little bit more challenged because their parents are probably college educated,statement
we speak about sometimes leaving up to chincoteague,request
d well it s it s nice talking to you,general
f oh i like to think about that,request
tempt tempt the boss terminated,request
never sho any anyway anything that i ever wanted,statement
c so wherefore don t you explain to me some good tips about what you ve suffice which you ve found useful and workable,request
in my family my brother s children,statement
calciferol well let s desire not,request
d you know i guess the whole the whole environment and attitude towards school and learning is different for the people,statement
a lack of understanding how that could be in the sense that how could america have gone from being number one to possibly being number two,question
we re d actually it s happening now,statement
why do you think it f uh sounds,question
d well wear t let it garner dust,request
tick beep on phone hum okay,general
a hamster,general
ergocalciferol swell i hope,general
get some books of whether it personify pennsylvania or va,request
they got the forms in personnel,request
c or is it just a job for them,question
d well what kind of music did you all listen to buzz,question
doesn t this doesn t this encourage,question
have you ever heard of kim,question
c so f uh if you re near that age laughter or you hump somebody who is,request
f uh the pacific science museum the little girl really enjoyed,statement
okay hum breathing,general
f uh f uh let s see d well epithet some people that are country that iodin should listen to pause,request
c or it s it s a good change and a good change from cooking and eating at home,statement
what what kind of testing do they do when you went,question
c but she s still on her own e i mean,statement
are you in texas,general
c and c and i think that contributes to a lot of why society is going downhill right now is because the basic family unit is being destroyed,statement
c so this town hall that you meet in is that like a f um,question
do you sing or knit or anything,question
could you hold along for just a moment,request
should we have been there,question
cholecalciferol considerably thank you,general
f uh practice you want to go ahead and start,request
you don t know hebert laws,statement
laughter do you,question
wherefore don t you go first,request
doug you want to get laughter,request
breathing d well charles good fortune to you on your,general
and i d just go over there,statement
c and we all know one another,statement
d considerably take unspoilt care,general
d well tell maine about your van,request
d well wha what s,question
d well good luck to you there in idaho,general
c and f uh sustain your mind off of negative things,request
you should be careful laughter,request
things you already owned or things that you ve picked up just to do that,question
f uh in the houston area,statement
let s talk around the middle east situation,request
we just had,statement
d you know why do you do this to yourself,question
have you ever read anything by susan howatch,question
after your master s or after your,question
good bye clicking music,general
c and i don t even remember now what it was called,statement
okay f uh,general
uh oh laughter,general
c but i think that they were surprised to find it so low,statement
let s exercise i,request
c so fluorine uh if you re near that age laugh or you know somebody who is,request
e one mean one one would recommend you look at that book,request
how about you laughter,question
what did they watch in college when you where in,question
how far about how far do you go walking,question
i want my kids to have values where they re accepting and so forth,statement
d well you can you can tell me a little bit more about it because i don t think we did that in utah,request
i don t go to east texas,statement
i got a box distributor marked on it,statement
d well i almost felt like it was too much,statement
f uh h how is that going to affect the f uh sports weapons e i mean rifles,question
f uh one of our bedrooms is really small,statement
tell me tell me where you re cry from,request
i appreciate the call though,general
ardour away,request
dependable nox,general
all all the major companies get into a a boating race right,statement
e i mean prohibition certainly didn t last,statement
f oh c and they must be,statement
wait wait wait enthalpy three,request
c and then you cook it for vii minutes on high,request
carbon and enjoy enjoy your car,general
f uh ringing i would say definitely run see that part,request
c or even even in f uh like they said d you know lesser d you know trials d you know lesser convictions do you think that they should be all unanimous still,question
they make f uh humidifiers and,statement
cholecalciferol now tell me your favorite team,request
e i mean it s d well there s also the issue of f uh,statement
c but f uh i ve i ve had considerable experience,statement
um is is n c university is that uh state,question
c and i have enough plants in them that it takes up a lot of my porch area,statement
start prosecuting they,request
d well if you if you can get green card locomote for it,request
yes very faint,general
do they have options on who they f uh d you know like choices of doctors and that type of thing,question
throat clearing right,general
c so you make it f uh to that longhorns sooners game,question
right taping remnant with no further conversation,general
you go ahead first if you d like,request
what s the name of that again,question
just rinse them out a short bit,request
what sort of benefits would you like to get from a big company,question
partitions,general
c so e i mean it s like d you know the the joke with the yugo d you know,statement
you should be careful laugh,request
laughter isn t that funny,question
fall them,request
like wat,question
i hope you induce a good day,general
c so go ahead and say laughter,request
f um i was wondering whether you were in favor of statehood independence or the status quo for puerto rico,question
you felt very creative,statement
c and do you have a housekeeper,question
envisage the guilt that person would suffer,request
beep okay,general
c and the car rolled out on top of him,statement
d you know what f uh you said something about the about the,statement
f oh i ve never,statement
fluorine oh go ahead,request
c and so we have to plan anywhere from six d well really probably a year ahead of time so that everyone can f uh start their f uh vacation time,statement
hold it down a little longer,request
parents always do,statement
all right have you lived in this area long,question
f uh do you want to go ahead and start,request
throw the palpebra and everything away,request
c but then estrus them thoroughly inward the sauce itself,request
excuse maine just a moment,request
d thusly f uh tell me about changes from say twenty years ago since you equal an adult twenty years ago,request
how many square feet do you have,question
f ohio okay sniffing,general
hey you should make yourself a promise that you ll you ll read one novel in the next six months just for you,request
i seed up there i ll have to stop by and have try some of your baking,request
do you know grapevine,question
d well have you been listening to iacocca s arguments that f uh that chrysler products are the only ones breathing that that all have air bags,question
let s example f uh,request
f oh you did,general
d swell it was nice talking to you,general
d so yeah,general
who who sponsors you basically the city,question
wait a second child tattle,request
you need alloy instead of formative,request
have you absentee,question
c so you don t have too much time for hobbies,question
c and f uh the seasons are just so much different,statement
d well i m one of those rare left handed golfers,statement
is this the first year they have been up,question
they did not lose their lives,statement
laughter okay,general
okay sniffing,general
c and you let it come to a roil again,request
c so do you do you have a favorite for the series or anything,question
f oh do they really,general
d you know i think he wasn t a real mountain man,statement
c so let mho make it a good one,request
d well i guess then i bequeath go,request
c and then when,request
d you know if i d have been asleep for five years,statement
laughter okay then,general
c but where in virginia are you all,question
what did he get hurt last night,question
break on,request
c but did they have some pretty good special effects,question
clinking yeah,general
c and f uh i ve been pretty selective,statement
f uh ringing i would say definitely go see that part,request
all it was was d you know,statement
d well what you can do is take your car payment and put it in the bank for three or four years,request
c but then we can back upwardly,request
i i guess there s a lot to to think about when you re trying to make that decision,statement
fall on a minute,request
c but still in all,statement
c and f uh f oh what s that real f oh not real old a my wife she is old too,question
d so it mho nice to talk with you,general
c and it seems like soon as that over with we get into basketball,statement
good ego assistance,general
c or do you enjoy enjoy working out,question
what kind what kind of shoes do they wear down there,question
you got kids,question
f oh groan,general
iodin m going to get you kind of lead the pack,request
observe going,request
i think we might have just screwed up the computer,statement
scarcely get it stunned d you know,request
c and c and you re never quite sure,statement
c but f uh that was that s the extent of which i guess that s more than than some people less than others laughter,statement
c and f um c and another wonder to ask is if they re f um province certified,request
hawaii tap,general
withdraw yeah,general
do you f uh smoke,question
you re reading dune,general
you butt just swooning,request
go honorable talking to you,general
laugh breathing fluorine um,general
if you were if you were closer i d i d i d tell you you could come ended and supervise laughter,request
c and what type of recommendations did you have when you decided where to place him,question
c but i think i will probably just do it in a roller,statement
have you ever been to austin,question
hang along a instant,request
is texas one of them,question
f uh c but f uh d you know that i m not going to hold them to that,statement
what about yard space,question
d well don t bother laughter,request
what s that going to be like,question
could i ask you to hold one hour,request
you demand care,general
c and the cardinals got killed by the cowboys,statement
f uh r e m makes me laugh because they ve gone from a college radio progressive group to being f uh d you know ultra mainstream at this point,statement
e i mean you look you look at the number of marriages that equal occurring right ou e i mean even in mellow school,request
let s talk about college hoops,request
hey label,request
he s part collie part shepherd and part chow,statement
are you from dallas area,question
laughter viosterol well we can farad uh complain together or swear we can complain together about the humidity laughter,request
i could be wrong,statement
laughter eupneic f um,general
did you go cam take them camping,question
derriere i put you on appreciation for one minute,request
laughter d well yeah,general
there s another one he wrote that even sounds better,statement
throw the palpebra and everything prohibited,request
how does the paneling,question
have you fly fished,question
now l permit me ask you this,request
laughter baby crying all right,general
go back to that one to tenner scale where one,request
on the ceiling,question
c and i think maybe f uh c and that s the type of the thing that should be d you know stressed,statement
f huh f oh d well,general
we don t do anything exotic,statement
e i mean just because it just keeps growing and growing and growing,statement
what kind of newspaper do you get down there,question
f oh i know exactly where that equal,general
d well i am i m a big football fan,statement
c but then again yeah,general
f oh right resound,general
c and there s also the case about just f uh f uh health health and welfare of the f uh swallowing employees,statement
inhaling d well f uh breathing what benefits do,question
c and c and in in his league do they have d like a pitcher,question
how old is your child,question
yea break,general
c and so that was really the only experience that i ve had with guns,statement
i had a difficult time the past couple of times of getting f uh answers,general
lipsmack where you going to school,question
f uh d so what do you do to exercise,question
if she acts like she wish to or says she wish to maybe you could have her take some for a while and see how she likes it,request
let s just,request
did you receive information from your skiing magazine,question
we re we think books are important around here,general
c and you take care,general
it s cheap entertainment,statement
c and you can leave a substance,request
c and then you can make chocolate,statement
it sounded good to me laughter,statement
get the yellowness ones,request
do they still have the f uh the scenic f uh roadways that cut through the center of some of those trees,question
write that one gloomy,request
c so i don t know if if it s tapering off or what,general
they they re caught dead to rights,statement
save get,request
d you know d like if we re just going through and they camp one night and then head on,statement
now are you with t i down there,question
yes d well,general
f uh f uh let s see d well name some people that are country that ace should mind to pause,request
adieu clicking static,general
d well all properly,general
everything,statement
d like i do some volunteer work here and there,statement
it s high dollar,statement
c and f uh it was kind of like just about their,statement
how many years have we tried to find a cure for cancer,question
it s a big problem,statement
what about d you know d you know how expensive new equipment and technology is,question
c and then on the nights i can watch i ll pick out something,statement
calciferol well iodin think we re about to run out of our time,general
i thought that was the point of f uh a unanimous jury was the idea that if everyone agrees,statement
c and he will go out and get himself into trouble and come home,statement
that s forty years ago,statement
now you can c either use d you recognise the kind that comes in the little can,request
we all went to high school together,statement
e i mean we had a few cool days f uh this month,statement
c and schwartzkopf f uh d you know might make a good f uh politician whether it be governor or whatever d you know,statement
you only have to check in with the office once or twice a week,statement
d well this make been really occupy,general
you whirl right before because i,request
d well how do,question
c but i guess once you get ill then d you know you really have some problems if you can t get around,statement
have a good daylight,general
c but i work full time now and can t catch those anymore,statement
d so have you done any painting projects lately,question
c and f uh there s a big uproar going on right now f uh,statement
farad ohio uh huh,general
up here,general
she likes keeping track of all that stuff,statement
d so what do you and your husband do,question
how do how do you feel about people like jesse jackson getting involved,question
f oh huh uh,general
c and d you know d like declare on here,request
f oh you re in lewisville,question
if she acts like she wants to or suppose she wants to possibly you could have her take some for a while and see how she likes it,request
it no it really was extremely warm,statement
nice talking to you too,general
well it s been nice chatting with you,general
c and f uh he when he was about seven months old got a gastrointestinal virus and was just about on death s door,statement
ane think it probably has been,general
d like throw me some example,request
c and d you know d like hold on hera,request
it was just beautiful,statement
now is that place built,question
d well i enjoyed the topic,general
c and then of course they call d you know,statement
it might only be two hour drive from here but that s a two hour drive,statement
c but i m i m glad you re a stranger,statement
c but don t tell the n roentgen a i said that,request
c and you put it on ampere really broken heat,request
sounds fun,general
we have had several of them,statement
century so you should think about doing something like that,request
there s still no work d you know,statement
if you don thyroxine like it shoot act on to something else,request
you offset,request
f oh quality okay,general
farad oh farad oh laugh,general
c and f uh you simply set it in there,request
c and you sir,general
sure talking,general
to put her in a rest home,question
very faint uh huh f huh,general
c and she went out one day on the spur of the moment and bought a tent,statement
d well i do research,statement
have you followed the dallas elections on zoning,question
what what changes do you think have taken place in the last generation,question
there s nothing between you and us but our barb wire and half of that s down,statement
you want to get a originate,request
is that a big thick book,question
century and keep smiling,request
d so what did you do when you were in europe,question
c but d yeah succeeding sentence you go f uh d you know check into it,request
you don thyroxine feature to wait for them to say,request
hondas have great resale value,statement
oh laughter,general
did you go to baylor by any chance,question
d well i ve certainly enjoyed talking with you,general
in california,question
i think i f um have read recently that f uh the bush administration has increased the funding for the peace corps,statement
c so e i mean,statement
is is is that with seafood,question
c so my father was working down in los angeles for like f uh six months or so,statement
c but then what movie isn t anymore,question
is the one year old a boy,question
f uh lipsmack my husband and my other son who s eleven just got through singing in a musical here in in the community at music man,statement
e ace mean you can tell him from me,request
c so f uh sigh d well i f um i have enjoyed talking with you,general
f ohio you should strain it,request
don t tell me what to do d you know,request
i spent the weekend in ohio with my family,statement
d well what would you f uh like to cook,question
d so what goes into that that particular thing,question
i i have no idea,statement
laugh bye bye instantly,general
they had a dance marathon for charity or to to support that,statement
d well you know why,question
doug you want to get laugh,request
d well what is this going to do the insurance companies who are supporting this work now and hopefully are doing f uh a good job,question
c and then you let it simmer,request
you bequeath a message,request
snow so don t worry about it,request
fluorine uh laugh,general
just because you put on a pair of hose with them doesn t make them not shorts anymore d you know,statement
laughter f um have you done your attitude survey for this year yet,question
c simply look at their war,request
have fun playing tennis,general
c and that s probably not typical america,statement
d so do you have any recycling programs there,question
d anyways i accept savour talking to you,general
but a second,request
c and she would sit like on my neck or my shoulder while i was working,statement
c but i never did f uh,statement
we got enough,statement
i m not french laroute,statement
f uh severalize maine where that is f uh,request
c because you could know about you could know about the crime but not necessarily be taken off the jury d you know not be accepted for j the jury,statement
it didn t happen here overnight,statement
air air them to wisconsin,request
c or c or maybe exactly exercise at house,request
f oh good,general
c so don t say she s small,request
c but d you know how can,question
yeah f huh,general
c but i don t know if i want my kids to go to school at four,statement
c and farad uh keep your head off of negative things,request
farad uh watch stunned,request
c and think how rich she is,request
do they f uh do they axe you for treason or is it a life sentence,question
if that if something does capital punishment d you know does it happen with that within that f uh,question
it to me no matter how much the th our company claims it s not a constitutional issue that because this is f uh between a company and an employee it is not it is not a government,statement
i ll let you go,general
don t get maine to lying,request
i i don t care what anyone says,statement
f uh d you know f um it it could even be done while they re doing another job,statement
d well of course that s the other advantage of paint,statement
d well i think just most people have v c r s now,statement
let mho just hope we don t get to that pointedness laughter,request
d well did you f uh since you were paid for school yourself do you think you had a different outlook on it like your grades and things like that,question
c or a house somewhere what would you get,question
good talking to you michelle,general
f uh what are you studying,question
i live in texas,general
calciferol well i got to be going,general
c but go ahead laughter,request
you ought,request
d see i do that to make myself go to sleep at night,statement
d swell thank,general
you don t run into that up here i think i think because there s so many f uh professional people if you want to call them that,statement
laughter d well do don t ever stick one for a darling,request
you depend at frito lay,request
c and there was one called the pig princess,statement
throat clearing if if you wanted to f uh f uh genuinely commence into a hot issue f uh,request
d well good luck in your house hunting,general
she ll be sixteen in may,statement
c and f uh that s one thing we can enjoy is good delicious nutrient,general
c and it has grown from there,statement
c and they finally extradited him,statement
c and then that then it goes through the moon,statement
sample that,request
where do you get most of your news,question
i went to schooltime at f uh d well i went to schooltime at west virginia university,general
you aren t missing anything laughter,statement
me too on gun control,general
it helps if you i helps if you leave the pit in it,statement
c and you put a bay leaf and put some f uh scarlet pepper over it,request
uh huh noise,general
c or what do they do with you guys if that you guys get,question
d you know i just feel they do better that way,statement
hi very faint,general
c and i guess the crime rate is terrible up here too,statement
see you later,general
you know give them ampere fine whatever,request
what s it like to be twenty three as a woman today,question
what part of the country,question
in my day we talked quietly behind our hands about people that we suspected might be,statement
laughter c so f uh yeah,general
what was it seventy four when we had the the last last oil crisis,question
in fact it s i think it s on tonight laughter,statement
but this was four hundred dollars on only twenty five hundred,statement
d well good,general
c and who s the other big guy,question
are you in the part of town where f uh they have gotten into the other containers yet for recycling,question
in the washington area of course being as affluent as it is there are lots and lots of volvo dealerships down here,statement
is that what happened or,question
you know the murderers the drug monger the exploiter put them all in,request
d you know did we really protect them,question
c and f um there are really easy recipe,statement
c and oblige on a second,request
have a nice weekend,general
d well do you live d like along f uh houston,question
f uh e i mean the other wars seemed like a valiant war e i mean,statement
does does that make sense to you,question
farad oh you should judge it,request
the monitor with the card that drives is another hundred,statement
c and so they probably were out of print all of already when my kids were small,statement
the competition is there,statement
d you know e i mean how young can they start t ball and soccer laughter,question
c but how do they afford to even have the kids f uh,question
ye ye yeah,general
i i am from denver,statement
we we were about to stop one day this year,statement
your see,request
c and f uh d you know make my annual pilgrimage to the lone star brewery,request
d well it might be a good time for you to be to to start a tradition,request
e i mean are you single do you cook every night for yourself,question
thanks a lot,general
those are pretty,statement
c so i m st staying in an apartment,statement
f um there s a invest to look into f um f um,request
farad uh tell maine where that is farad uh,request
c and you start getting millions of calls or,statement
c and i m pretty happy with it so far,statement
why don thyroxine you go ahead first and tell what kind of car you d look for in your next,request
c but it s mostly oaks,statement
d well you ll just sustain to design a vacation some time,request
it was overdeveloped then,question
d well it s,general
you maine too,general
c or you go to indiana on that,question
laughter d well we can f uh complain together or swear we can complain together about the humidity laughter,request
scott let s f uh talk about advice that we can offer a parent where the child is going to go to a university,request
you don t have to expect for them to articulate,request
c and also it doesn t seem like it does that many harm,statement
c and f uh the f uh f uh the one with jody foster did you see it,question
you buy it you buy it as a seasoning,request
west delay,request
do trust immortal because i don t know kids are a blessing,request
d like sometimes when americans go into foreign countries they tend to flaunt american things americanism f um consumer products t v the whole works,statement
c and that s part of i think teaching too is what a family is like,statement
just a moment claxon,request
and she d been,statement
c but those are usually on the weekend,statement
that happens,general
fluorine uh i visit,general
they re are pass to interrupt us any moment now,general
trusted go onward,request
f oh did d well did does your wife ever make f uh bake in a hot bacon dressing d like for,question
d well maybe that s what i ll do when i have time later on,statement
it was good talking to you,general
c because there s are a lot of people that like to go fishing,statement
c and f uh if you have that on a regular basis in texas one think one would go with something very dry laughter to keep it off d you know,request
f um do you want to start,question
and have you had experience with cars other than the ones you have,question
does that,general
d well don t let it collect dust,request
ye uh huh,general
f oh that would be good,statement
c but you f uh,statement
d well it s been fun talking to you,general
d well do you have time to read the paper in the morning,question
that s where much everybody i talked to is from,general
c and you lose a lot of that,statement
i enjoyed talking,general
d well it was good talking to you then,general
c and d you know i like to sketch,statement
calciferol anyways i have enjoy talking to you,general
uh huh very faint f uh,general
ane don mt think we ve gone our our ten minutes,general
c and that s f uh course hydrogen sulfide which is when you burn gasoline you also produce some water vapor,statement
c and some did like that some did elderly visits,statement
does it just want to sniff around and play when it s outside,question
c but it s just kind of like get on the telephone,request
c but they just have different words,statement
put some fresh little fresh shrimp,request
does it have f uh articles on how to do things,question
what building are you in,question
c and now that they re each,statement
let s do i,request
the former one you need to go see is dormancy with the enemy,request
afternoon doug,general
you should live careful laugh,request
test that,request
c so i just stopped playing,statement
what do you think that what do you think tell me what you think about this,request
maybe it was during the interview,statement
f oh there s there s some nice things in baltimore d you know,statement
then f uh how do you propose that we prohibit those types of individuals from gaining access to guns,question
is that mostly f uh fly fishing when you re doing that,question
d well i ve enjoyed this,general
c and breathing f um do you have anything else you wanted to say,general
what do they think about texans,question
would you be against any deficit spending,question
if i can the other side of the coin for a moment,request
i think the way it f uh i think that s the way it works now in basketball,statement
you you call that figure,request
it s it s a house,statement
they civilians or f uh military,question
are you f uh are you someone who works outside your home,question
c and they re just really close here,statement
farad um yes,general
just put f uh put adenine thing along it,request
c so you call him collect,question
f um is is is that f um,question
d well you fundament come over to my house and spend it laughter,request
if we were careless and was in a wreck and they got sued,statement
very good laugh,general
c and what are you studying,question
laughter yeah,general
maybe when the kids get in school that will be d you know,statement
it s interesting to see the the wider world,general
it s exist identical pleasant talking to you,general
laughter d well what what about the taxes on cigarettes,question
you are a good one to talk about consumer goods because you keep up on it all the time,general
c and it it will never change about that place,statement
i ll go ahead and start recording that,request
d well yes,general
i lived,statement
don tetraiodothyronine don tetraiodothyronine be in any hurry,request
c so do you have any art f uh a how do i say it creative or artistic hobbies,question
let s verbalise astir college basketball,request
one south four,general
uh huh lipsmack,general
d well have you played recently,question
f oh are you really,question
f uh c but to believe some of the things,statement
i am sure i will,general
they have a fish that s called an oyster cracker,statement
d like especially lately there s been so many babies laughter that f uh bibs and blankets and things like that wall hangings f um,statement
what else did you,question
c but c but kentucky s beautiful,statement
why don t you go first,request
if you were f uh what do you think about the whole concept of a trial by your peers,question
uh huh noise minor talking,general
c and f uh gah i don t think we can say anything else really,statement
i ve talked to a lot of people in texas,general
c but c but yet ergocalciferol you know we hold to think about that,request
your first ones you mean it,question
that was supposed to be a true story too,statement
ask them astir it,request
c a c and good hazard,general
and i think that is healthy because ch,statement
c and f uh it was nice talking to you,general
you ve mystify to see it peculiarly since you have a german,request
f uh i don t think they should abolish it laughter,statement
c and f uh thank you for your time,general
should we f uh start this so we can,request
c and you rotate it one time,request
you should always have an umbrella permit that bridges your life insurance and your medical and your f uh f uh car insurance in case you run into a lawyer and you break his gird,request
you have a southern accent,statement
laugh uh huh laugh,general
cliff in at times that be unexpected,request
what was the other dog you had,question
must be a f uh t i connection,general
century so if it comes to pittsburgh in the road shows and ane think they have three different companies that tour the u s f um you should go see it because it s really it s really outstanding,request
f uh what kind of fish do you like the best to eat,question
proceed to function for u t,request
laughter okay tony,general
do you have any pets,question
uh huh inspire,general
i i really delight it,general
that wouldn t be so bad,statement
f um what do you do,question
d well if if you re concern you ought to go to the next auto show,request
d well f uh ho how do you view this whole subject,question
f oh it was good talking to you,general
i ha i,general
now you can c either utilisation d you know the kind that comes in the little can,request
do you know how to spell it,question
d so farad uh tell me about changes from say twenty years ago since you were an adult twenty years ago,request
are you in texas now,question
c so if it comes to pittsburgh in the road shows and i think they have three different companion that tour the u s f um you should go see it because it s very it s very outstanding,request
d well you too lori throat clearing,general
f oh f oh yeah,general
century merely century merely yet d you know we have to think about that,request
take it easy,general
d well you take care,general
usually yeah,general
f oh it was nice talking with you too,general
f oh i discover tv,general
don thymine,request
there there has not been a lot of peace in that part of the world,statement
what are your f uh what sorts of things would you consider important,question
they were great men,statement
c and c and where are the engineers coming from,question
do you think,question
you probably don t want to take them to check silence of the lambs,request
you d you know,general
c but i think f um d like three out of the four other people in the trumpet section are from mexico now,statement
do you think the u s is going to wind up keeping f uh military bases over there,question
farad oh excuse me just a minute talks to soul in the background,request
c and full utter with you,general
real good,general
you guys have a good time keep those printers coming,general
you ought to rent the f uh f x part one,request
sh allow sec say,request
c and the bank scurried it back to my account,statement
f uh th that that s mostly what i hear though is people getting ripped off and things getting stolen,statement
take your glass f um d you live jam jars or or whatever f uh liquid jars d you live,request
e i mean f uh you know the guy is guilty,statement
anyway d well you have a good day,general
is it seven o clock there,question
c and good circumstances with the spoil,general
yeah talking,general
farad uh look astatine them,request
do you read a newspaper,question
yeah pause breathing,general
should we f uh kickoff this so we can,request
you need to try pica,request
uh huh withdraw,general
c but laughter d well tell me,request
oh sure laughter,general
just rinse them out adenine little bit,request
d well that is not really true either f uh,request
d well i like most of them except for country pause music,statement
c and they charged us i think it was like it was like five or six dollars i can t remember,statement
d well like i said unspoilt luck to you,general
now you tooshie assure me what you do,request
he s got on i b m,statement
where do you go to brunches,question
it s d you know it s kind of funny,statement
c but i still take care of the d you know flower beds and things like that,statement
did you go to school in plano,question
in in fact if i had not been preparing for this the out of town visitors i probably would have been making some phone calls in the last couple,general
c and f um my husband is a ham radio operator,general
steve f uh with the election year and whatnot coming up do you think we ought to cut taxes raise them,question
i ve just been up there skiing,statement
you likewise laughter,general
you truly should go to eec,request
how do you like that laughter,question
c and go to f uh lone star,request
c but when it enters into what they re doing when they re not at work i find that to be fairly offensive also,statement
return me the money,request
seems like it,statement
i would love to live up there,statement
c and so we could we could talk about f uh that path d you know how important you think his benefits are and and and f uh how important you think they are and if what would you like to examine increased,request
f um do you think e i mean do you think our invest the investment in lives and money was worth it,question
what about you guys,question
d fountainhead stress it,request
it was nice talking to you also,general
e i mean you have the right to do a write in candidate,statement
d well we get the channel with young and the restless on it,statement
f huh prime air,general
c and drain it existent good,request
e i mean i think sometimes some of the the women s lib though is kind of like they wanted it all d you know,statement
they re very tri almost trivial with it,statement
f uh as far as the twins are concerned it seems to be real good,statement
c and he was the one that delivered it,statement
what fare you think that what fare you think tell me what you think about this,request
f ohio laughter yeah,general
bokkos we ll see you later,general
c and f uh d well have you been buying any clothes lately any new clothes,question
c so f uh d anyway d well it s good to hear from you,general
now you can c either use d you know the kind that comes indium the little can,request
f ohio are you laughter,general
didn t he used to,question
c and what s it going to be like in another twelve years when my f uh oldest son is in high school,question
you behind strike those f uh,request
d well you haven t told me f uh what sports that you are active in,request
c and i think about all the people that he talks to all over the,general
f oh you ought to try some crawfish,request
what color are they,question
c and keep up the good work,general
whatever subject you pick do it the knowledgeable direction,request
f oh don t be interested,request
how are the other ones,question
c or do we extend it beyond that,question
do you have the overcrowding in your prisons that we are facing down here,question
c and f uh i lipsmack took the,statement
could you hang on one minute jim,request
did you use a did you use a zar stain,question
f uh let s see,general
d so do you have do you have the long,question
i i m i m looking forward to seeing what happens over there in the next couple of months,statement
farad um throne you farad uh hang on again hon,request
c and i want to go back and do something else,statement
f uh i f uh i had a hard time getting seated on a jury,statement
c but d anyway it was nice to talk to you and f uh sort of meet you,general
if you don tonne like it spud move on to something else,request
did you have anything else,question
we took out two,statement
coulomb and we ll talk another time perhaps static,general
do you laughter,question
hi pat,general
c and talk adenine,request
you all did it yourselves,question
pardon,general
is there going to be a ticket increase this year price do you know,question
and let all the normal people go,request
do you have a lot of traffic in your area,question
i m trying to think of the name,general
d comfortably i guess that s nigh it,general
will a shot be an ounce,question
c but if you were going to a restaurant d say f um where would you go,question
c but f um do you think you pay too much there,question
is that is child care or that type of idea completely foreign to them,question
d well learn skilful care,general
it s very easy it s much more convenient to have one at home,statement
it s going to be a hot one,general
c so there constitute people throughout the country that feel,general
sort of a military thing i was speaking of before,statement
c so f um do you want to discuss the recipe,question
good talking to you archie static,general
let them,request
they say as long as they draw up two million fans that,statement
e i mean you look you look at the number of wedding that are come right ou e i mean even in high school,request
laughter do you do anything on a regular basis,question
c and it came out during the trial that f um they had tried to rob another place,statement
c but you really need to visit that movie,request
d well we never had too much of that,statement
farad um farad uh d well give me your first impressions,request
my wife handles a lot of the day to day finances,statement
breathing nobelium,general
di did we tend to f um change their attitu attitudes,question
d well do you have an older car,question
hey distinguish,request
c but c but who knows how it s supposed to all end laughter,question
c and mean how rich she represent,request
it s nice talking to you,general
do you play,question
c sol you might f uh think around that,request
practiced night,general
c so tell me your feelings on recycling,request
what other shows do you like,question
d well d basically f uh suffice you want to go first then,request
d wellspring we live inch roy,general
d you know you see you see a lot of small colleges doing things,statement
let you start laugh,request
otherwise there d be they d get you someplace else,statement
d all right i ll talk to you later baby crying,general
say me about your clubhouse up there,request
d well i appreciate talking to you,general
f uh i do not know why it is,statement
very blare unquestionably,request
mike i m calling from dallas from richardson,general
do you know any people that run up big big bills,question
c so this is like the first thing that s written down,statement
i just really can t disagree with you,statement
it s embody good talking to you,general
f oh really laughter,general
d well northern virginia,general
d well my my personal preference is is a dog,statement
how long have you been in it,question
is it like shrimp,question
i need to go take care of the kids,general
d well c but why if you re going to do teachers or professionals why not do the kids,question
it s really,statement
i relish talking with you,general
you like them,general
we need to get that through,statement
d well wh what s the difference there,question
c but it was a nightmare back when cheryl was little,statement
good night,general
c and it seems to me baby that it s it s not a totally bad idea,statement
i m satisfied with the vacation,statement
scott let s f uh talk roughly advice that we can whirl a parent where the child is going to go to a university,request
yea dishes,general
c but you get used to it,statement
d well they haven t they haven t have they just lost one game this year,question
i didn t want to push her too early either but f uh kind of had a mixed feelings about that scene,statement
have you seen the debit cards where they actually debit your account when you,question
if they did hit a ball i would have been afraid it would have knocked my face in d you know,statement
c simply fundamentally the same thing,general
c and i i felt very comfortable and good about that,statement
f uh what do you think are the major social changes,question
how you cause howard,general
of course the longer you keep it beyond that point the more profitable it is to own it yourself,statement
d sure you re welcome,general
c so i ve been doing very little reading except i i did finally dip into a couple of biographies f um all of sort of literary figures of this century,statement
c and f uh what is your phone at home,question
c and have a skillful level,general
those are the youngest ones,question
what company do you work for,question
c and they were not really fighting d you know,statement
d well listen i bask talking with you,general
d well i ve got some kids out on the trampoline i need to go look and see what they re doing,general
d well you ought to come to n carolinas,request
we ve been lecture for a trivial bit,general
hullo speak,general
or there,question
f oh genuinely children still,general
c hence why don t you explain to me some good tips about what you ve done which you ve found useful and executable,request
is his office in plano,question
c and d you know here we are,statement
noise yes,general
f oh i m glad my husband s not like that either,statement
you really think so,question
d well if if you re interested you ought to go to the next auto show,request
i ve enjoyed,general
we have some friends with a brother and sister golden retriever,statement
differently you re just viosterol you know,general
they make,general
laughter huh,general
c and they have d like a problem,statement
in missouri,question
how do you just,question
do you have children in the public school system,question
that s you need to do that i ll i ll i ll establish you a hint,request
d well ho how do you feel about f uh drug testing,question
farm report and oil reports,statement
could i ask you to clutch one minute,request
c and c and if i can get one that ll keep my limit at five hundred,statement
any particular reason throat clearing,question
for a hobby or for,question
f uh from a boat or from shore,question
how d you get into it,question
d well sure have enjoyed our talk,general
just put your paper in the same place every daylight,request
c and she visited the place and then fell in love with it and decided to just shun all responsibilities of any kind,statement
meow yeah,general
i have heard reports around here that the landfills will be full by the year two thousand,statement
c and you turn that on,statement
you may not have to prove any type of qualification for it i don t,statement
c but that s about as far as he ll go,statement
what part,question
before we got married i had money in the bank,statement
they re not saying that something s wrong with the educational system here in texas,statement
concord it down angstrom little longer,request
a running total,general
uh huh child talking rattling,general
laughter vegetables once in a while,general
d well have ampere near day,general
d well now do you find that security is very good in in a in a town home,question
c and so f uh f uh i just feel that f uh d you know each person has to dress to their own liking and for their own comfort,statement
c and we ll talk to you later,general
d well let sec go with you laughter,request
c or is that what your into,question
ane would just further you to do a little traveling though before you get married,request
c so go forwards and enounce laughter,request
thing is is that d you know d like if if they would ever happen to have a drug problem suppose that they could feel comfortable coming to me and saying i got a problem,statement
d well f um i m i m originally from butler,statement
c and it s freezing,statement
arrivederci arrivederci,general
you wish to first first laughter,request
c and the barber got a call while i was there f uh from his son s school,statement
c and she s already reading and writing and stuff,statement
c and one hope we,general
ane ll be ane ll be upset probably even though my prediction will be right laughter,general
been good talking to you as well,general
game to your picture you saw that ten thousand,request
preceptor t overcook it though,request
uh huh banging,general
c and what are d you know,question
c and then f uh don t ask me what the other hair i made,request
d w w well yeah,general
yes dissonance,general
laughter golf,general
excuse me noise muffled sound as if hand over the earpiece,request
d you know yeah,general
f um how about yourself,question
we tried corn,statement
have you heard of it,question
c and f uh eventide if they re eventide if they re discouraged tell them that that s just a passing moment,request
d so you think their quality control s going down over there kind of,question
f ohio god you go to the promenade,request
d intimately it follow nice talking to you too,general
if i can the other side of the coin for axerophthol moment,request
plump to work for uranium t,request
d well the d you know e nursery men will se will sell you things here,statement
d well same here,general
what kind of a computer do you use at work,question
that s the thing,statement
c but we don t have any yet,statement
the language barriers,statement
c and our girl is thirteen,statement
c and i kind of drew up some simple plans to make some book shelves,statement
c and c so i feel really enriched in that a lot of people don t get to see,statement
you should always have an umbrella permit that bridge your life insurance and your medical and your farad uh farad uh car insurance in case you run into a lawyer and you break his arm,request
laughter arrive along,request
what what benefits i think are most important,question
f oh laugh i see,general
it s going to be from the ground up,statement
lipsmack blow and now i ll let you say something laughter,request
c and you pour the beer over the pinnacle of it,request
you go forwards first if you d like,request
d well d well when are the rangers going to come through th,question
c and maybe we ll meet up again some time,general
the other thing to do if you re really like the hyacinths a and i do is that before you plant those bulbs stick them in the refrigerator for five weeks or so to cool them,request
child talking sanction f uh,general
c and during the week they go back and do some more,statement
d anyways i have enjoyed talking to you,general
nobelium really faint,general
d you know c so throat clearing smack c but have you ever been to any of them concerts that you like,question
what do you think about what do you think about the the lower grades d you know k through seven,question
i was just reading an article f uh that there were nineteen thousand properties available in texas f uh for sale by the reso resolution trust com corporation,question
c and f uh anyhow f uh you take f uh a span of f uh cups of bisquick,request
f uh then she got f uh f uh hip broken,statement
breathing laughter ergocalciferol so tell me about your menage,request
you ever thought about building a house,question
i worked for the f uh smith douglas division of borden chemical,statement
laughter okay,general
why which one were you going to recommend,question
f huh yeah,general
cholecalciferol good try it,request
one guess you ll enjoy it,general
my t v viewing started sort of mid sixties,statement
by that time we re breathing ready to get home and get back to our routine,statement
do you miss living there,question
you can relax that way,statement
do you do you like,question
talking people in background yes,general
c or did you have someone,question
e excuse maine go ahead laughter,request
d well do not recite that to wholly my friends,request
c and f uh i d you know i ve read all the consumer reports and things,statement
we are putting money away already,statement
going that is what you have got to execute,request
noise yeah,general
i m not really really experienced,statement
viosterol well in the norman in a normal route of way we do things how about the ladies go first,request
could you halt along,request
why don thyroxine you go ahead and say what you feel,request
calciferol well have s start with you laughter,request
what do you do with your budget,question
fluorine oh alright faint,general
f oh i didn t even know that,general
f oh i ilk to think about that,request
yeah laugh,general
you bathroom but light,request
have you ever read that book,question
monday night i m just worn out,statement
tell me what you consider,request
is that,question
you are,general
look what happened on the last presidential election,statement
i guess i ll go back to work,general
do they not ever a i mean i don t know that much do they not ever burn trash or anything like,question
d well when you buy d like f uh canned drinks and stuff like that do they charge you for the deposit,question
c and her daughter was talking about birth control d you know,statement
f oh single see,general
c or d you know e i mean,question
have you done f uh f uh f uh the big pot cooking,question
we verbalize about sometimes going upwardly to chincoteague,request
i don t think we ve gone our our ten minutes,general
c so that i ve been thinking about that for quite a while,statement
c or are you a teacher,general
c and it was a big car,statement
are you re a real life trekkie,question
d so tell me ba,request
laugh don t ask me,request
does yours do that too,question
f um laughter,general
c but my sister in law she s always done a lot of camping,statement
institutionalise institutionalise them to wi,request
d you know c and c and first of all how many how many people had to had to die before the war d you know,question
i guess it equal time to close now so i butt run go help put the kids to bed,request
c so what are you getting your degree in,question
cause that s really,statement
c and then look at the weather we have mastered here,request
try to remember to respect their privateness,request
c but they re not they re not f uh they re not show cats,statement
one thing that i like d like swimming you like that a lot,question
c but i i do kind of like to know what s going on and what s happening,statement
order in ail and onion powder,request
c so do you have to get a shade tolerant grass,question
c and f uh circuit city came along,statement
you showtime,request
cough yea,general
leslie what are you studying,question
c so i i do know something about the d you know the genuinely frigid weather,general
i my wife enjoyed f uh she d you know helped out a little,statement
c and then if you get the,statement
c so there are people throughout the country that feel,general
unity would just encourage you to do a little traveling though before you get married,request
i guess yeah,general
c but that person wasn t even anywhere near there d you know,statement
that southward you need to do that i ll i ll i ll give you ampere hint,request
is she pretty spry is she d you know pretty,question
d well it was nice talking with you too craig,general
c so i thi i think that s a big f uh a big a big reason for it,statement
f oh you do work at t i,question
coke and coke and punctuate that to your children,request
what do you what do you looking for in in those,question
c and f uh that particular year they had just tons of rain d you know,statement
c and f um my hubby embody a ham radio operator,general
c and you order it along a really low heat,request
coulomb and you put ampere little bit of that over it,request
or is it like,question
f oh was it,question
got our businesses and and and our life in line how to manage credit cards how to put away say for d you know money markets and this kind of thing,statement
c but c but yet d you know we have to think virtually that,request
do you have relatives over in israel,question
i get a so i get a sore neck from looking up all the time d yeah things like that laughter,statement
c but i think we just should have stayed there longer and continued doing what we did do,statement
you you call that number,request
d well thanks for your time,general
d see men are coming into their own,statement
c and a very good afternoon to you,general
it is really a concern,general
you mean in cable,question
what kind of square footage,question
d easily thank you very much,general
fluorine ohio that,general
f oh d well great,general
you can issue those farad uh,request
d so anyway,general
f oh really child talking,general
c and you put that in there,request
maybe one tablespoon oregon two tablespoons let that brown then put all of the chicken back in there,request
i ll have you depart this time,request
whitethorn comprise,general
c and you just keep whipping it in,request
just put fluorine uh put a thing on it,request
c so i was d you know didn t want him to have a job that would make him kind of be on call all the time and have to go in at any time and,statement
we did it when we were kids,statement
snow and you just need to take the little ace,request
if i were you i would get the greatest hits album,request
do you watch cheers,question
ergocalciferol fountainhead nice to talk to you,general
c and you beat this cornstarch right into the mil the milk d you cognize,request
the a s,question
d well you you too,general
c and she needed the money so i would pay her,statement
look astatine the news tonight,request
f oh i think that s,statement
c and people in this country are really wedded to their f uh cars,statement
c and it always seemed strange to me that d you know all these all these people that d you know spoke english not too well and spoke d you know a variety of different languages were all being taught at the same time,statement
it is not worth it,statement
e i mean she s not a gifted pianist in the sense that she s going to excel just naturally,statement
f uh exercise f huh music,question
invoke it real real well,request
to commute to work,question
i can t remember how much it was because i didn t even have it very long before i gave it up,statement
are you stil do you live at home with your parents,question
i i think that s about whole i can,general
i m callie in garland,general
what have you got up there,question
any vacations recently that you would highly recommend,question
c and f uh it sounded like it would be an interesting project,statement
f uh do you plan on staying home after you have your children,question
d well one hundred percent of the f uh customers care,statement
c and it s helpful to have f uh things that become family traditions and that sort of thing,statement
do do you have friends with older children,question
f hectometer fine,general
anyway it s a tough question,statement
diagnose one laughter,request
you want to tell me first how you feel about,request
cytosine and tell him to take you thither for your anniversary,request
c so how do you think we can get people to vote,question
right laughter,general
c and i was curious as to w d you know what specific things you you did have to put down,statement
i yard tina,general
uh huh faint,general
post them over to iraq laughter,request
f uh faintly,general
today it s improving to you,request
c but do you ski,question
perplex adenine perplex adenine few,request
e i mean she was standing just as straight and tall,statement
don t go out there and start digging holes fluorine uh,request
is it perhaps woman in politics is for the future,question
c and as i said they have a regular heel on them high heel,statement
every time i ve ever tried one it s f uh i ve just got wrapped in my inertia,statement
d well i think just also d you know the women s movement too has affected a lot of social change,statement
how are you doing,general
d well he s he s out for cardboard,statement
for us when we go out with the kids obviously we want to go somewhere that we can,statement
d you know let s go back to our original matter with d you know our experiments and all the d you know our actual exploring of space and and all that,request
c so there s a whole bunch of people,statement
c and ace m in garland laughter,general
uh huh rest tetraiodothyronine v,general
f oh i see throat clearing,general
d so have you tried any other pets,question
test that,request
m c i,general
c and you let it come to a moil again,request
d see i m talking about,statement
c and we ll hopefully we ll amaze to verbalize again,general
inspire yea,general
e i mean c but where are they where are they,question
yea shrieking,general
d well do you think that that in a civil case if there was majority rule that it would be easy for someone to be set up,question
d now did you say you could knit,question
we took a loan and paid them all off,statement
f ohio very good,general
smack yea,general
f oh i got you,general
c but it was an enjoyable movie,statement
c and the other one is in high school,statement
the other one you need to go examine is sleeping with the enemy,request
bye bye clicking,general
no f uh,general
take care now,general
uh we ve got,statement
what school system does she teach in,question
i don t have to live through many any of those really,statement
d so you keep buying the same artists until you don t like an album then you stop,question
whereabouts is that,question
can you hang on just a minute,request
d well you have capture to scram one of those ladders,request
c but on the other hand i guess too f uh whenever you do have to have some major work done on one of those it costs a fortune,statement
coulomb and so you let it simmer,request
how many bedrooms is it,question
laughter all right very faint,general
c because it would be really nice to be able to have d you know someone that could watch my daughter at work,statement
how do you feel about public schools,question
do you have any hobbies,question
was it actually based on a book,question
i hope you have a nice daylight,general
lipsmack c and now i ll let you say something laugh,request
c or how do you feel about that,question
laughter c but laughter here we go,request
f uh i,general
i i i have talked long enough,general
d so anyway f um anything else about the area about f um,question
exempt me unitary second,request
let them simmer inwards the sauce itself,request
f uh what do you think individuals could do or society could do to alleviate this problem,question
what program you in,question
i live inwards texas,general
c but at least once you pay your way in there,statement
where,question
d you know it s like everyone s a,statement
d well out in this area they really don t have anything,statement
have you seen the show it s it s new this year called home front,question
is there anything any place else that really takes anything other than that that you know of,question
c and if you key you like it so you can always upscale,request
single single give me nitril,request
can you hold phone along just a sec,request
d so is your house in an area by itself,question
d well what else do you put in it besides the celery seed,question
cytosine and you gist it,request
laugh d well put them in a salad though,request
it it it s,statement
is that it,question
d well nice talking to you cheryl,general
d well you know what i was hoping,question
i think they thought that was going to be a great boom crop f uh hundred and fifty years ago because they are all over the place,statement
fluorine oh don t be worry,request
yeah cough,general
c or has it worn away through the years,question
c but i say d you know they commit crimes let them be overcrowded laughter d you know,request
you were very,statement
yeah static,general
are you in the section of texas that s been getting so much rain,question
explicate it,request
y did you actually live in saint louis,question
c or c or maybe just exercise at home,request
c but what about the community,question
now i know my boss has bought the software f um that he can that his checkbook is on on,statement
d like what f um what type roses,question
c so d you know i will f uh encourage you that noise you do get t a little more time to yourself later on laughter noise,statement
the uh temperature this morning was right at freezing,statement
are you f uh transit usually,question
you you call that numerate,request
will they make it through the summer sun,question
yeah very faintly,general
f ohio boy,general
c so c so we were giving them a little too much,statement
potty i put you on hold for ane minute,request
then you farad uh pour that in there ergocalciferol you know to make the gravy,request
c and he does the d you know edging and all that kind of thing,statement
how a how are the laws in pennsylvania f uh as as regard d well not the laws but the rates credit card rates in pennsylvania,question
c but f uh i that s about the only time i ve been to florida except passing through on the way to someplace else,statement
it s angstrom pleasure tattle with you,general
laughter viosterol well i really stool t think of anything else,general
century and you form of clean it out,request
good bye talking,general
cytosine and you mix it with one tablespoon onion juice and one tablespoon lemon juice one tablespoon worcester sauce and mix it and spread it out onto a plate,request
this embody donna donahue,general
c but to me when you do the crime then you should pay for whatever you did,statement
c and then maybe they could take out a loan for a third depending on how expensive it is,statement
c and one live in plano texas,general
time is precious,statement
c or do you feel there s just going to be a big push to f uh,question
just experience it verboten d you know,request
which is i think what they also don t know,statement
do you keep your kids f uh active in sports or anything,question
c and then farad uh don t ask maine what the other hair i made,request
d do you all have do you all still have drive ins up there,question
he was,question
d well i ve really enjoyed the conversation,general
laughter are you into serving wines with your dinner party,question
c so if you don t want to burn coal for power,question
d well god bless,general
we really need some,statement
i really would like to see them do well,statement
score the bags,general
were you up in in wisconsin,question
i have a kind of a big family,statement
you can take those f uh,request
c and do you,question
that cholesterol fat free,question
c but f uh how are your your flowers your little things you planted,question
we got favourable,general
d well it s been good talking to you,general
d well have have you do you are you involved in any other f uh metric type things like,question
i think that s really the best,statement
c and you just keep amaze it in,request
are you surviving,question
c and then once you pick that spot out pick out what you want to do,request
expression astatine the cowboys now noise,request
c and they are not too happy about that now very faint i guess,statement
stick the computers out,request
d well maybe you can f uh make that one charming and and make adenine little bit money f uh,request
calciferol wellspring you see just check it calciferol you know during,request
d you know if if we even if we say that we re going to do stuff i don t know how they ll stick to that noise,statement
f uh yes,general
it was very nice talking to you,general
c and you just necessitate to take the little one,request
c and then you take and f uh lipsmack cover that with drained crab meat fuse with one of the small bottles of chili sauce and spread it over the top and spread it on triscuits crackers,request
are you on you on any leagues now,question
why don t you tell me about yours,request
what kind of books do you like to read,question
c but it mho just variety of like get on the telephone,request
it was so small,statement
hold on unmatched secondment,request
c but if you do if you do have to go something i guess we can just curve off,general
have you ever heard of george winston,question
reduce the violence in the prisons,request
c or did you folks do that,question
what do you where do you like to camp,question
that encounter,general
c and today was the first game,statement
okay very vague,general
what do you think about these things,question
and uh that kind of thing can make and break make or break you,statement
d well it s been good ta it s been a good type conversation,general
c so you lived there at school then,question
what was what was the other case,question
c but they figure local elections don t mean that much i suspect,statement
d well ane thank you,general
what in the world do you do with your computer that takes so much time,question
d well f um f um noise finger snap do you play any musical instruments or anything,question
pick forbidden where you want to live,request
e i mean i kind of am,statement
c but what is big today,question
f oh god you go to the mall,request
excuse maine just a minute,request
e i mean that beats any offer i ve heard in a long time,statement
bye kay,general
d well d you know you you got you got that point well h d you know what what if a mistake is made and you put someone d you know to death that really didn t do it,question
d well did you see carl sagan on sixty minutes on f uh when he was talking about when if if the if the war started in in kuwait and they d set those f uh all th,question
are you going to blow all that money,question
laughter d well we can f uh complain together or verify we can complain together about the humidity laughter,request
c or are you,question
have a great day,general
this is my first job,statement
farad uh do you want to go ahead and start,request
we we were we tried to move over to raleigh last year,general
i ll let you spell start,request
c and d you know they sort of cause trouble around the house and things like that,statement
i may have filled out on the on the form,statement
me too along accelerator control,general
let s talk astir the baby,request
f uh i think there is less flus frustration factor there too f uh,statement
f oh really,general
c and maybe we ll get on line again,general
since you re being you can talk for hours go ahead,request
it s something they don t tell you about when you re growing up,statement
d so it s that dry heat,question
that south what i trust,general
c and they re broken in one way or another,statement
f oh d well it was nice talking with you,general
c and it still takes me twice as long as i think it s going to take to do the job,statement
cytosine and f um you place the shrimp in the in the rice steamer,request
yea whistle,general
d well i sure appreciate hearing how things are going in texas and f uh,general
c or do you all need four wheel drives up there because of snow and everything,question
sniffing do you think that the quality f um,question
laughter d well we ve kind of exhausted everything i guesswork,general
very conk yes,general
thinking i think it was the last time i did hear that we get about the average,statement
are they politicians,question
d well listen they ve f uh they ve had this unmatchable,request
yo you comment on it,request
you always stand in line when you go,statement
if you have a chance to tear it at least,request
i come up there i ll have to stop by and have try some of your baking,request
bang really,general
do you want to go ahead,question
c and you go ahead and do your thing,statement
farad um farad um uh huh,general
f huh f oh d swell,general
f hm i wonder why it does,question
throat clearing ok,general
my name s ken,general
d anyway let you go,general
c but i think most of those people are still out laughter,statement
promise you same you it,general
d anyway d well it s f uh nice talking to you,general
f ooh,general
c and they re the ones wasting all the money,statement
tell maine what leger you read,request
whereas d you know if the soviet union would have who knows what taking over mongolia or or something like that who is really will we have been more just rhetoric,statement
wouldn t that be something,question
what more could you ask for,question
c or do they stay at,question
c or you hindquarters set up your work program and your husband s so that one of you is there all the time,request
d you know c so it s like what are you going to do d you know,question
preceptor t tell me what to do d you know,request
d well take care,general
c and d you know i don t to the point of d you know measuring down to the exact amount that they say,statement
f um c and do you think it s because women aren t qualified or or just don t or don t want the job or just aren t hired for the jobs,question
c but so we fire back up,request
f ohio why yea,general
c and f uh d you know who would have cared about earth,question
i i just i was upset because those were mine,statement
who s going to pay for mine,question
uh huh identical faint,general
d so how is the weather out there,question
c or you don t like them,general
century and i hope you savor your camping trip,general
my figure be donna,general
again knock wood that f uh i haven t used it,statement
c and i hope you have a good flush,general
do you have a sam s wholesale warehouse up there,question
do you have you noticed any new f uh trends in politics,question
who do you like laughter,question
d well try and think if it was a hundred dollars a square foot talking,request
let s edit off,request
d so we ve arrest to talk about music,request
c and something s going to have to be done sooner,statement
c and they have f uh a lot of f uh they have an agency where you can go for personal problems financial or whatever,statement
i i think it would be good for f uh everyone to do something like that,statement
laughter f oh i like that too,statement
expert fate,general
d well all right,general
d well it s been real nice talking with you,general
do you have to watch what you eat pretty regularly,question
i f uh i found that f uh it was a perfect combination from the standpoint of having vacations off at the same time,statement
c and think how rich she personify,request
f oh d well that s about all,general
tell me near your computer laurie,request
you overly adios adios,general
c and f uh do you subscribe to any magazines,question
c and f um that s really what makes the most sense,statement
f uh school systems are in too many states dominated by administrators,statement
c and then look at the weather we have down here,request
c but to give you an example f uh d you know one of her kids will come in and he s you could tell he was just bombed out on drugs,statement
that was a pain,statement
you tush buy whatever you want,request
did you stay up late and catch this red dwarf,question
f um what is it d like f uh stucco walls or,question
d well what f uh what do you all do for camping,question
d well did you have boys girls,question
c and f oh i took my car upwards there to their house,general
they re called moo goo leaves or something,statement
d well serve not tell that to all my friends,request
medicine hello,general
c or are you serious,question
c and who how about you,question
cholecalciferol well you have got to get matchless of those ladders,request
farad ohio yeah laughter,general
you can t do that very often,statement
c but at least the humidity is f uh below forty percent which makes it kind of d like phoenix,general
d well i can t think of anything else really about the polls or voting to talk about,general
d well if your ever inward f uh d c come look up wayne sherman you ll say f oh yeah talked to that roast,request
c but they said they ve skied heavenly,statement
d see am i good or what,question
after the bloom dies they are not pretty,statement
viosterol well it has been existent good talking to you,general
when you go future time,general
c but you couldn t really sleep in there unless you sort of stuck your body out the hole,statement
that is,statement
afraid not,general
i washington hoping you could tell me what you thought,request
faint f oh yeah,general
if you had to pick one what would you choose,question
ohio sound drawn out,general
there s this united nations or world government or whatever they keep talking about that the whole world will deal with you,statement
f uh ohio laugh,general
c so i guess i ll have to laughter go see barking what my dog is barking about,statement
hang on a minute,request
i m sure i will,general
c and this is one of them,statement
c and time i don t have anymore laughter,statement
the starters are kind of fragile,statement
c so do you do,question
oh dim,general
c and then you ll receive to give me a call on gardening laughter,request
laughter can you,question
uh huh sniffle,general
static laughter justly whiff,general
very f um low key in terms of the people are from california d you know,statement
d well do not tell that to all my friends,request
c and d you know it it just wasn t the same,statement
c and tell him to take you there for your anniversary,request
has to be on the hip,question
i hope things look up laughter,general
stir it genuine genuine well,request
d you know it s f uh it looks good d you know,statement
c and they they they realized later he he had killed about between eleven and twelve women at least,statement
now you can c either use d you know the kind that comes in the little can,request
c and i would have would have liked to have seen it,statement
it looked like f um it looked,statement
i really,general
how many hours have you been from home,question
what was the last one,question
okay doke,general
right breathing talking,general
you could embody responsible for that yourself,request
where are you from in california,question
d well i d tell tackle one project first and see how it fail,request
c so we ll talk about that about,request
farad oh go ahead,request
great,general
does it work well out there,question
c and they cut each others throats until they re they reach the point where they re cutting their own throat,statement
c but f uh i have got a lot of books that i i intend to read,statement
d you know when is the sun going to come out,question
hum uh huh,general
farad um okeh,general
you mightiness require to,request
c and c because it s full full scholarship,statement
f oh he s got a blue tongue,question
lipsmack f uh i i don t think so,statement
did this car have one of these expanding balloons,question
you deprivation to start first laugh,request
it s wonderful,statement
can you hang on just ampere minute,request
c and that s one family right laughter,question
i th i think so,general
d well single think we re about to run out of our time,general
houston is a lot f um a lot wetter than than dallas dallas area,statement
c and then i also take the wall street journal,statement
c v a e,statement
i see all the people on on sunday going for a walk with their dogs,statement
d you know who s going to croak first the people that smoke or d you know,question
c but it s kind of the bible of cooking,statement
d well f um i have gone to girl s camp a few times as a d you know a chaperon or a leader whatever,statement
c but it it has a big engine,statement
i insure f uh throat clearing,general
do you do any other crafts or anything besides your sewing,question
f oh real,general
i never get home early enough for those five and six o clock,statement
tiddler peach uh huh,general
c and you need to look at when you if you do adjudicate to go with child care you really need to to look at what your options are and and look at the what they offer,request
you need to chop pica improving real fine,request
let s talk virtually the middle east situation,request
i never thought of that,statement
what types of music do you like to listen to,question
c and f uh i d say go to f uh midland once just for the heck of it,request
c and then they ll get into something and really explore it,statement
c but basically i m a a pretty much the same,statement
d like i ve had things that i didn t get billed on for two or three months,statement
breathing tv uh huh,general
f oh d well ane ll let you go if you want to go ahead and take that,request
tell maine about your home,request
c but i i i don t noise i don t have a problem with them too much testing even after the fact,statement
go out and buy one now,request
what was what was your name again,question
d well in the norman in a normal route of way we do things how about the ladies go first,request
it did last we year didn t it,question
bye bye now,general
noise f uh advert along one second,request
because if you f uh use drop cloths to cover everything and you use masking tape to trim out f uh all the parts that you don t want to slop over onto you don t have to be quite as precise about how you do it,request
d well thanks a lot i enjoyed talking to you,general
d well have a good time cooking for your dinner company next week,general
c but i ve been pretty lucky,statement
c so if you lower the amount they make and raise the amount of true minimum wage jobs not those that are affected by the federal minimum wage then more people will get off welfare,statement
c but we just discussed this last night at church talking about debt and things like that,statement
have you have you tried matching paint lately,question
c hence you will have to do that erst,request
how s the weather been out there,question
f um d well where where for instance f um a baudelaire poem that was written,statement
take your glass f um d you know pickle jars oregon oregon whatever f uh smooth jars d you know,request
c and f uh he s not d you know,statement
d same give me some examples,request
is anybody,question
laughter d well we can f uh complain together oregon swear we can complain together about the humidness laughter,request
and after that in high school i would volunteer at a nursing home and stuff sniffing like that throat clearing,statement
are the f uh oldsmobiles that you re looking at are they the demos,question
c so we ll just wait,request
f ohio southeastward,general
faint oh,general
f uh bye,general
f um what do you find that you use yours mostly for,question
have you seen robin hood yet,question
what would happen if the required young people to do service to the country,question
d swell maybe you can f uh make that one charming and and make a little bit money f uh,request
laughter right laughter,general
laugh iodine see,general
c and then throw them in with the quietus of your salad sometimes,request
because if you f uh use drop cloths to cover everything and you use masking tape to trim taboo f uh all the parts that you don t want to slop over onto you don t have to be quite as precise about how you do it,request
nice talking to you also,general
i m nola,general
c but i i enjoyed talking to you,general
c and it slices great uh huh,statement
what do you presently drive,question
it s f uh d you know new to learn some what different people eat,general
c and it started falling,statement
c and the show did you see the show where she lost all of that fat,question
d so f uh f uh d you know did you graduate from purdue,question
f um c so have you had any adventures on your camping trips with encounters with wild animals or anything like that,question
you take care upwards there,general
f um then then just laughter,request
c and f um d actually there s one f um woman in our a i don t know what you d call it f uh institute who is a manager,statement
i i i always over pay my my deductions,statement
is that on what chan what station,question
c and if the fish flakes it s done,statement
c but we can share the printer,statement
hundred and you core it,request
farad um then then upright laughter,request
i broke my heel,statement
the the one problem i guess i have,statement
commodity destiny,general
it certainly exist fluorine uh going to be a pleasure to chat with you,general
d well jack it was nice to talk to you,general
d well listen they ve f uh they ve had this one,request
d so f uh tell me about changes from say twenty years agone since you were an adult twenty years agone,request
d well let southward trust not,request
c but f uh f uh i was just curious what f uh part of the country,question
breathing it was just the preparation time was so long,statement
e i mean d you know what about the rights,question
i i i would guess that that portion of the population is massively under represented,statement
you await at frito lay,request
d you know let s go back to our original thing with d you know our experiments and all the d you know our factual exploring of space and and all that,request
sound fading you f uh you take wampum,request
c but the cowboys did good today,statement
pause d well i enjoyed talking to you,general
f uh mostly catfish,question
that s coming up,general
is there anything else you would want to,question
practiced utter to you,general
noise farad uh hang on one second,request
c but f uh my brother in law happens to work there,statement
d you know it s not just a matter of f um of d you know did this guy rip off this guy,statement
your your work,request
look at the the smith trial,request
c and c and stress that to your children,request
excuse me noise muffled sound as if hand over the phone,request
c so pause d well i guess i ll generate you generate back to feeding your little one there,request
pullulate them,request
d well thanks for discussing it,general
you go first,request
nest upwards uh huh,general
f oh he still drives,question
c and then you pour two bottles of beer over it,request
d you know what what f uh what do you think is important,question
are they typos,question
can you clutch only a second terry,request
it s f um it s very hot,statement
where where are you,question
weather beater type stuff,question
c but did you see the map they drew up on f uh on how they were going to divide up the districts,question
yea i cognise,general
where s that,question
do you cook breakfa d like you cook a breakfast every morning,question
c or you can set up your work program and your husband s so that one of you is there all the time,request
well it was really nice talking to you,general
ergocalciferol well you haven t told me f uh what sports that you are fighting in,request
d well carolyn the f uh one of the main things i d like like to know is f uh how do you feel about the knowing about the environment of a nursing home before you would send someone there to live and so forth,question
altogether right laughter,general
c and f uh d you know i think dunn and bradstreet puts your according to what i understand dunn and bradstreet puts your names your name out to people also,statement
mix up a footling f uh mayonnaise with roughly dijon mustard,request
do you do you f um receive a lot of information on skiing through the ski magazine,question
what do you think about robin hood,question
d well wha what s included in that,question
well how do you feel as far as uh,question
c or maybe they don t laughter,statement
d well you are going to have to find amp mother s day out and have him call in sick one day,request
what type of things would you fix if you re having company come over,question
c or just,general
i m single,statement
ours is pretty much level in the two years static,statement
carbon and you top it,request
c and f uh inhaling they were noise they were given i think,statement
c and hold on adenine second,request
secernate me astir your computer laurie,request
d like give me some examples,request
d well it s f uh d you know they re just f uh aggressive by nature,statement
f um our supervisor f uh subtly bought all of us a book called what every supervisor should know,statement
send send them to wi,request
we had this terrible rain,statement
c so your a homemaker,question
c but d you know i wouldn t be surprised if thing s like that didn t happen more in smaller communities before they happen in bigger ones,statement
c but f uh have you ever been to california,question
f um tell me some about your encampment know carolyn,request
child talking uh huh,general
where is it going to be,question
calciferol huh,general
how many cups equal that,question
put them to work,request
they re behavior problems,statement
what part of the country are you from,question
madam low,request
let them masses turn,request
farad uh watch stunned,request
good to hear from you,general
i use to watch that,statement
c and what do you do with it,question
f oh i see f huh,general
i don t know what it is,statement
if you were if you were closer i calciferol i calciferol i calciferol tell you you could come over and superintend laughter,request
yeah noise,general
they say it s really horrifyingly scary,statement
drop indium at sentence that are unexpected,request
f oh they do,question
c but the other one didn t,statement
c and i can t wait until stuff like that starts happening,statement
do you work like half days or half weeks or,question
d you know how can you how can you justify raising anybody s salary if you d you know if you have to lay people off,question
do you know anything about that,question
maybe this is a fantasy we can to talk about whatever kind of car,request
laughter i hope not,general
you just never know i guess,statement
right clangorous,general
have you seen the movie class action with gene hackman,question
d well lease s talk about air pollution,request
c but look who she was unravel against cholecalciferol you know laughter,request
c or are you in the work force,question
in the urban areas,question
d well they record these,statement
d you know if you if you don t believe d like if this was a capital crime and and you don t believe in,statement
take for instance f um a large construction company single used to sour for ed swampers,request
hundred so go ahead and enunciate laughter,request
very nice talking to you too,general
laughter f uh what kind of books do you enjoy reading,question
a lot of people like to go down and camp down inside,statement
c and she told me,statement
ane m judge to think of the name,general
c and you set it on a disc,request
i ll bet it is,general
yeah pause noise,general
it s pretty entertaining f uh,statement
that s going to lower our national expenditures,statement
c an c and their parts are supposed to be guaranteed and and everything,statement
f huh,general
c but it s that you are there when they need you,statement
have you are you familiar with that,question
i know that though i e all those petroleum products though are so terrible for your f um lipsmack the water table,statement
c so d yea do it as long you can sniffing,request
f um do you have any,question
what else about corporate benefits,question
why assume liothyronine you go ahead and say what you feel,request
tungsten wait,request
calciferol whole right thank you,general
they take care of the pond in the park area and that kind of thing,statement
how many times have you done this now,general
what kind of puppy you got,question
c and f uh you just set it inward there,request
lipsmack can i foot your brain about how you got rid of those trees,request
why preceptor t you go ahead and say what you feel,request
viosterol well secure luck with the the new kid,general
yellow peppers f huh,general
c but it it d you know we looked at a lot of houses that were had more square footage,statement
d well it was good verbalise to you too,general
do you go to museums in europe,question
huh uh,general
you bequeath a content,request
c so what s the temperature up today over there,question
d well are you summit or are you f uh,question
f huh d well you might desire to get yourself f uh an animal that doesn t require much attention like a cat,request
laughter i see,general
c and it was like you said d you know it was blue,statement
d well this has been really interesting,general
c and i appreciate your having yell,general
f uh mainly,statement
c and continue your judgement on positive things,request
if she acts like she wants to or says she wants to maybe you could have her take some for a while and see how she likes it,request
d well did you understand what this was for d you know what it was for what we,question
bid bid the boss over,request
little rock stars put wholly them in there,request
c so you can guess the rest of the plot,request
did they know that all along,question
what f uh department do you work in,question
who has any spare time laughter,question
c and we just don t want that,statement
no kidding,general
d well you can you can tell me a little bit more about it because i don t think we did that inch ut,request
d well it was good sing to you betty,general
is that the stadium,question
put it along your shoe now,request
c and f oh he s just had a heck of a time getting that ankle healthy,statement
is it a lemon,question
d well it was nice talking with you,general
hundred but go forward,request
democratic formed government,statement
c but f uh put altogether the glass in one place and plastics like milk jugs f uh orangish juice jugs things like that,request
are you from boston,question
f uh i i can t remember what the name is,statement
f uh a few years ago f uh we needed f uh they needed some book shelves,statement
tone static f oh yeah,general
fall on a minute,request
most aren t,statement
ergocalciferol all justly i guess we might as well end our conversation at this point,request
ok conk,general
e i mean is that like a a sport fish,question
tell me your constitute again,request
c and they were impressive,statement
f um do you work in private corporation or government,question
f uh c but d you know i m happy with what they re in,statement
d well are you married,question
in terms of talking about restaurants e i mean are a lot of restaurants how are they when you have children let alone three or four children,question
is it on nineteen hundred,general
let s see what else is on television,request
as a matter of fact my future is banked on that f uh professionally because i believe that that there are f uh pressing needs in the marketplace unmet by schools colleges,statement
is it is is it designed for punishment,question
lately the courts have been deciding that those could be paid for by insurance too,statement
we did fine,statement
f oh the wilson course,question
could you could you get any connection on which was metric and which wasn t,question
laughter all right very swooning,general
you should put ten to fifteen percent of your monthly bring home,request
c and you don t want them sent off to the middle east to,statement
nice talk to you,general
d well bye,general
why don t you tell me what you have found,question
clicking rustling f uh yeah,general
bye noise,general
noblewoman first,request
nice to talk to you too jim,general
sigh yeah,general
clanging uh huh,general
my twelve year old got out the legos,statement
stir it real real well,request
what are you throat clearing what are you studying there at heidelberg,question
i guess the first thing that comes to my mind not having any immediate friends with that problem is is the financial end,statement
c and that s really really a shame too because pause,statement
c and they go through fourteen appeals and,statement
put them inwards jail laugh,request
could you maintain on for just a moment,request
you say that because we do have we have those architectural codes here,statement
d well what did you have for lunch,question
i think you really have to be disciplined,statement
c and to me how can you how can you make a decision if you don t have all of the evidence in front of whether it be whether it pertains to the case or not,question
f uh that makes a difference doesn t it,question
what do you usually do as far as budgeting,question
at first we were going to get a pick up truck with a camper on the back of it,statement
c and you shroud it,request
c so does he work for a company down there,question
c and of course you if you you score high on the s a t,statement
laughter did they get the serious problem that half the people don t vote,question
oh pharynx crystallize,general
you you if you like sports go right ahead with this one,request
mollycoddle crying yeah,general
do they get they get insured they get insured from other insurance companies,question
name unrivalled laughter,request
d so are you planning on to having any children,question
a lot of my cousins are real close,statement
c and she thinks a yeah,statement
uh hum,general
how big a city is rome,question
d comparable give me some examples,request
cholecalciferol you know let the world train them what to do laughter,request
c and then i missed once,statement
c and fluorine uh you just set it indiana there,request
until until they re older,statement
i guess the difficulty would be to that somebody could obviously just take it right off the tail pipe again,statement
e i mean i ve seen and i ve had friends that have f uh d like f uh eighty one or eighty f uh celicas,statement
god i can t believe we moved out of an apartment and had this much stuff,statement
what what ones do you get into,question
believe me,request
nice to have spoken with you too,general
c and we thought that was important instead of getting laughter swallowed up in something that d you know,statement
f huh very deliquium uh huh,general
i have heard that s real good,statement
d well i i like where all the controls are,statement
c and put them all in a place,request
i enjoyed talking to you too,general
you guys are you guys getting snow,question
nice talking to you tom,general
d now come on allow s be realistic,request
ok doke,general
f oh laughter really,general
tell me what you mean about the vietnam war,request
d well don tetraiodothyronine give too much credit to the american public for their motivational ability,request
f uh what do you think about the idea of providing one for somebody like that,question
hey you should make yourself a predict that you ll you ll read one novel in the next six months just for you,request
d so f uh depict your kin budget,request
are you just saying you you sight read every concert,question
d same for instance say f uh,request
c so how s the build how s the weather in building two,question
follow sure to watch it tomorrow dark,request
i helped them with exactly what they asked for,statement
do you have a p c,question
f um you should always have three months of your salary in a savings account in case there s a major need for that,request
c and f uh c but it s not clear to me that it is,statement
d well how how do you feel about the immigration laws,question
what about f uh white collar crimes like f uh theft of trade secrets,question
c and maintain grin,request
i speculation yeah,general
d well i hope you have good weather the rest of the summer,general
c and all these people are registered with their association,statement
laughter me too,general
that s pretty much the south end of the state or the southern quarter of the state anyway noise,question
c and if you discover you like it so you can always upscale,request
laughter can you imagine the d like a big picture of john travolta ta da what is it saturday night fever,question
he looks like rick moranis,statement
cholecalciferol like for instance aver f uh,request
who are you with,question
e i mean you look you look at the number of marriages that are occurring right ou e i mean still indiana high school,request
c and in fact f uh it is actually prohibited,statement
do you have children of your own,question
put them to form,request
we have a boy living with us who works for a credit card f uh company that,statement
d so f uh f uh how about what in particular would you think that f uh women still other than the work place where women still are being f uh f oh d you know found wanting d you know or not re as highly regarded as men would be f uh,question
hullo lynn,general
c and i hope everything works out up there,general
c but that s it,statement
uh huh medicine inch background,general
what kind of vacations do you like,question
d well do you think this the the weather is typical for this time of the year,question
back to your movie you saw that x thousand,request
c so that s good,statement
i know you too,general
why don t you go ahead first and evidence what kind of car you d look for in your next,request
i was a i was a boy scout,statement
what did you call that,question
oh well,general
c but f uh i usually i usually like to make spaghetti or soup or chili or d you know something like that,statement
c and you gens it,request
d well are you doing any kind of volunteer work now,question
what s what s your feeling about benefits,question
laugh ohio,general
the problem is i m really into cars,statement
f oh does that help,question
f uh what have you had,question
where do you go,question
d well i opine then i will exit,request
c and restrain smiling,request
it kind of takes the sport out of hunting laughter,statement
suspire okay,general
have a in it,question
do you get any f uh do you read any news magazines or anything like that for sort of d like a broader d like more long term analytical sort of approach,question
chiming yeah,general
what s most important to you,question
uh oh,general
iodine yard steve,general
d easily iodine sure enjoyed,general
f ohio son,general
what do you feel the changes in the future d like with the abortions and that type of thing women in politics and,question
you shouldn t be talking astir this right before while you re fixing dinner,request
d well they ve been trying different things,statement
c and f uh d well tell your dad that now he owes you quint bucks,request
yeah d well,general
c only you need to rent the first one first,request
got to wait angstrom couple years,request
my name s diane,general
except larry bird s hurt,statement
f uh i live in the f uh washington d c area maryland,statement
d so which f uh what basketball teams are you interested in,question
d well you ought to come to north carolinas,request
they did,general
what do you think about these items that are going to be f uh taxed even more like f uh tobacco and that kind of thing sniffing,question
is he fenced in,question
go to lick for u thyroxine,request
c and f uh d you know score my annual pilgrimage to the lone star brewery,request
so long,general
i want to as talk to you about that afterward,statement
it s going to be a short conversation because i agree with you,statement
d well tell me this farad uh lowell,request
hardly let him enjoy himself laughter,request
if we were going to get anything now it would definitely be a cat or even a bird or a fish tank or something d you know laughter,statement
e i mean the,statement
c but at least the humidity is f uh infra forty percent which makes it kind of d like phoenix,general
d well countenance siemens face it,request
c so i have my compost pile,statement
what do you what activities do you do with your children when you are together,question
just your child and or do they just put any child in any crib,question
c or even have you ever seen where they they ll take a watermelon and just cut the top out of it and then hollow that out,question
c and now when i come out here i just kind of let it go,statement
how big a family do you have,question
celebrate conk,request
cough e excuse me c but f um anyway that s the family reunion story,general
what can we do about crime,question
d well do you think that s do you think that s right,question
look what we ve done hither astatine t i,request
do you and your husband like to work in the yard,question
if you re going to go out to eat why not have the whole service,question
noise someone is walking yea,general
c and have you ever tried f um the macaroni grill up on,question
c and what do you work on at t i,question
c and what i liked about preston hollow is that the people that were there when cheryl was two which was fifteen years ago many of them are still there today,statement
fluorine huh,general
think the guilt that mortal would have,request
i m twenty eight,statement
oh sigh,general
uh huh music,general
look at this slick guy,request
d well it it probably won t,statement
are you talking about d like spring break,question
cholecalciferol well tell maine about it,request
f oh that s non bad,general
c and f uh he s about two years old now,statement
in aerobics,question
c and c and at least they used to when it when it,statement
c but i m really not too concerned,statement
d you know you you see film of people being pulled out of a car and shot d you know in in the street,statement
c but instead of meeting the challenge they re starting to resent them,statement
f oh easily,general
uh proceed onwards,request
let s see what else is along television,request
c so that s the first thing i want is the headlines,statement
c so i don thyroxine know if if it s tapering off or what,general
f um so so just laughter,request
c but how about d like because of divorce and stuff like that,question
d well that s a good thing to do,statement
do you have healthy knees,question
they ve got to be analyzing with a a voice recorder some how,statement
what f uh cristal ahead and tell me about your home laughter,request
that s strong,statement
c but go ahead,request
fluorine um uh huh laugh,general
e i imply you rear tell him from me,request
f um our economy too is really it s just not what it used to be in the sixties or even fifties from history from what i ve read,statement
c and it s just f uh if there were more than one child i don t know the there would be no way to do it,statement
c but d you know women get maternity leave and stuff like that,statement
farad oh yes laughter,general
i have one brother,statement
c and what if a burglar comes along and cuts your phone line,question
c and f uh went to the seattle aquarium,statement
yes d easily,general
d substantially let s not talk about that laughter,request
what what are we doing with these people,question
it s nice over there,general
what kinds of things do you fix,question
are are you down here in texas,question
tell me what you conceive,request
they live in the mississippi river all the way through minnesota,statement
rouse upwards,request
c so yeah,general
my f uh my grandmother s f um,statement
do they have a death penalty in california child talking,question
what is,question
c so we ll have to talk approximately the future,request
d well do you have f um f uh,question
d so then f uh have fun doing this,general
d now have you been to yellowstone,question
can i position you on hold for one bit,request
c and so f uh the likelihood that d you know maybe expected expected murders by him is is f uh integrated over the income of the people f uh that he murders is maybe d you know a loss of lipsmack who knows eight hundred thousand dollars,statement
i hope you have a nice day,general
baby yeah,general
laughter f oh really,general
f huh i didn t know that,statement
thank for calling,general
c and i find that i m enjoying this one far more than i ever did when it was the children s dog,statement
yes breathing,general
i imagine i better go laugh,general
that make sense,question
countenance them people go,request
i ll let you commencement this time,request
it s just a problem that p no one is sure just how to handle,statement
how much does he weigh now,question
all right laughter,general
suffice trust god because i father t know kids are a blessing,request
are d are you do you play the piano,question
i had rather do other things,statement
c and they enjoy it,statement
c but i grew up right here in falls church right outside d c,general
d well do you do the do your daughters live close where you can go out,question
put them in clink laugh,request
if you were if you were closer i calciferol i calciferol i calciferol tell you you could come over and supervise laughter,request
try to do it betimes in the mornings,request
pose amp pose amp few,request
what kind of track is that,question
d well i guess then i leave go,request
c but they had two thousand applications,statement
bye bye child,general
how how does f uh university of new hampshire handle it,question
long pause d well,question
c and that book have you ever read that book,question
f oh is that right,general
what f uh what do you use as a basis to determine which college or university you go to,question
it s like it s like have you have,question
c or where are you from,question
i belong to a private spa and went in and and got with a trainer,statement
laughter well it was gracious talking to you,general
did the did the jury have trouble reaching a decision,question
well what are the others,question
i i would probably have a hard time getting through school myself,statement
c so wherefore don t you explain to me some good tips about what you ve done which you ve found useful and workable,request
let s talk about the baby,request
e i mean i i would recommend you look at that book,request
laughter okay f uh,general
i m probably a mile mile and a half inside the city limits,statement
f oh f uh yeah,general
how would you achieve that,question
are you teaching computer science,question
uh uh,general
f uh she s not here anymore,statement
i live in garland texas,statement
do you tend to buy more recycled items that if something f uh the pack says recycled and something else doesn t,question
i don t think he s really a very good actor,statement
let s blab about the heart east situation,request
put them in jail laughter,request
c and i just throw as i m using the white paper d you know i just throw it right in there,statement
c and i am finding it extremely hard to adjust to,statement
d so are you really from texas though,question
throw the lids and everything extinct,request
d comfortably you see just check it d you acknowledge during,request
little bit little bit tank like fourscore nine,general
f uh after all who who writes,question
c so go before and say laughter,request
cough yea,general
by f uh somebody who was there,question
d so tell maine around china cry,request
you power examine that,request
i never sat there and got a direct translation,statement
yeah rap,general
c or are you a spectator,question
i went to school at f uh d well i went to school at west virginia university,general
d well it sulfur equal real nice talking with you,general
have you been out working and then gone back to school,question
f uh do you work,question
c and you f uh put about two tablespoonful of f uh water into this bowl and about an eighth a teaspoonful of salt,request
go to work for uracil t,request
air them over to iraq laughter,request
talking racket your turn,request
i guess i think it was f uh f uh not that great that we were in there f uh in terms of for how long it lasted,statement
f oh alright,general
i know where fifty six hundred south is,general
the the f uh lobbyists,statement
to you too,general
eastward excuse me go ahead,request
c or who do you like after the mavericks,question
i enjoyed speaking with you,general
d you know c and as i said it just rained laughter every time,statement
who didn t,question
coulomb and you mix it with one tablespoon onion juice and one tablespoon lemon juice one tablespoon worcester sauce and mix it and spread it taboo onto a plate,request
do you sing in in a choir or a choral group,question
oprah laugh,general
d easily it s thoroughly talking,general
f uh first f um i need to know f uh how do you feel about f uh about sending f uh an elderly f uh family member to a nursing home,question
sniffing right,general
what f uh go ahead and tell me about your plate laughter,request
what color is it,question
i apprise the phone though,general
c and it s beautifully done,statement
wherefore don mt you start,request
where s the money supposed to come from,question
i wonder if a judge didn t have control of that if some of that would change d you know,question
f uh d you know the character that f uh james earle jones played,statement
maybe we ought to just start carving in stone again,request
d wellspring get backbone to what you re doing,general
d well thanks,general
c but e i mean if it was really a deterrent e i mean i think like horse thieves in the old west d you know,statement
static laughter right sniffing,general
c but if you don t spend it it should be in your bank account at the end of the month laughter,statement
does he get,question
nice talking with you craig,general
c and i i i i have to think that that it has some influence on it,statement
c and have a happy thanksgiving,general
c so c but i guess they were talking about experiences,general
he lives in cleveland,question
i let two of them out just in the back yard every now and then,statement
that that maybe true,general
i really like that body style,statement
does he get some royalties from that hopefully,question
c but laughter yeah,general
some people don t do it,statement
righto laugh,general
c but c or d you know if you want to have open windows to be able to op,statement
c but father t retire laughter,request
let siemens promise it,request
d well you haven tetraiodothyronine told me f uh what cavort that you are active in,request
i had a sixty six mustang,statement
d well what about an innocent person who happens to have been found guilty,question
arse you hold ringing on just axerophthol sec,request
c so it s been fun,statement
merely don thyroxine mind me if i bounce back and forth,request
it seems like it depends on what what group you happen to be in what what you re going to get and what you re not going to get,statement
how long have you been with them,question
i get my current events basically from news f uh just because i watch,statement
apologise me just a minute,request
c and then when you serve the meal what type of wine would you have with f uh with the with seafood,question
oh faintly,general
do you not d like have a half bath,question
are they f um just what you call it are they breed cats or anything,question
e i mean if you look at the break down of those who don t vote they tend to be d you know,statement
i did not f uh get to live done it,request
did she know that she was going to a nursing home,question
printer yeah,general
f oh don t work any rationalise for him laughter,request
this is norma,general
d now do you usually d like do you usually go and there s lots of other people around,question
c so c simply f uh d well you ought to try that,request
my oldest tends for me now if i go somewhere,statement
i in fact i just bought a serger in december,statement
course there are emergencies d you know that you d you know probably need to have a card,statement
i m only up here temporarily on an internship,statement
where did you get this cook book,question
is it all f um,question
it s nice talking to you too,general
wake up,request
e i mean c but she was truly she was truly aware,statement
d so f uh what do you think about our involvement in the middle east,question
d well england has f uh don t they have a large fairly large welfare,question
rugby is definitely big in college,statement
d well what do you think of f uh this f uh u s free trade agreement we re working on with mexico,question
you go ahead low if you d alike,request
you live in pennsylvania laughter,question
wait what we ve done hither at t i,request
well bill it s been nice talking to you,general
c and if they didn t have a way to f uh to fight back laughter they would have been in big trouble,statement
hello maureen,general
d well do you watch much t v,question
e i mean what s the other one f uh c b s,question
i had a difficult time the past couple of times of getting farad uh answers,general
yes farad oh,general
then great,general
c and d you know the whole electronic classroom idea,statement
ane metre steve,general
c and they re right back at it again,statement
c and you quiver this cornstarch right into the mil the milk d you know,request
does california have a,question
c and i ve got new ideas,statement
no texas rangers,question
hello,general
c but c but it s really good,statement
i completely lost my train of thought f um,statement
c and after that s cooked you take it out and pour this on top of it,request
c and then you you f uh pour most of the all of the oil out of the pan,request
do you know what ellicott city is,question
f uh okay,general
f ohio d substantially take care,general
c but i was real lucky because it just hit the f um,statement
c and how do you get to another world d you know,question
go ripe ahead,request
c and it seems like f uh we re catching all that residue,statement
c but don t withdraw laugh,request
c or why do they not d you know stand up so to speak for their rights,question
what kind do you have,question
what type of vacation,question
f um d well anyhow ellen it was decent talking to you,general
it s too dangerous,statement
laughter d well do don t ever get one for a darling,request
beverly,statement
noise f oh really,general
d you know all the kids had cars,statement
how did they get their reputation then,question
d well from where are you calling,question
c and then look astatine the weather we have down here,request
flummox the computer out,request
just rinse them out axerophthol little prick,request
one know we ve got amp good connection,general
d well where do you do that,question
f uh c and just a lot of things i ve laughter learned off of her that to start doing,statement
farad um farad um farad um farad um,general
c and farad uh you just set it in thither,request
have you seen it yet,question
d intimately f uh i f uh yeah,general
c and i forget to make a call laughter commonly,general
hey you should make yourself a promise that you ll you ll translate one novel in the next six month just for you,request
um pharynx realize,general
farad oh southeastward,general
she die,general
i m from utah area,statement
little rock whizz put all them inward there,request
c and f uh good luck inward your this pretend,general
they just come by and pick them up even if it s just for the tv d you know t f uh selections of the day,statement
you should always have an umbrella permit that bridges your life insurance and your medical and your f uh f uh car insurance in case you run into a lawyer and you break his arm,request
breathing the meatballs you merely farad um after you form them fry them in a pan until,request
c surgery you don thyroxine like them,general
unless you re f um d you know big do it yourselfer f um to d you know fix up your own cars c and c and things like that,general
they sure could,statement
good dawning,general
f um i don t see a problem with that,statement
c or c or are you c or are they some home distributing the funds back to you,question
c and then the watermelon the red with the with the seeds painted in,statement
it it s funny,statement
you you rhenium inaugural,request
c and d you know d like hold on here,request
f ohio f uh laughter,general
c hence you should take my parole,request
right noise child talking,general
century and century and stress that to your children,request
you excessively tanya,general
put it along the lease,request
i ll be i ll be upset probably even though my prediction leave be right laughter,general
f oh c so how about the soviet union,question
f ohio don t tell me that laugh,request
they just mo,question
i didn t like the way it ended though,statement
c so it was nice talking to you,general
d well tell me what kind of books have you read,question
have you tried much with it,question
d now that do you do you agree that they should all be unanimous,question
i ve only taken f uh maybe two trips that were about four hours long dow f uh down to shreveport,statement
d well is the pollution really bad up there,question
they re kind of big and hefty tennis shoes,statement
carbon and i hope you enjoy some more good movies late,general
c or were you able to stay at home with him,question
e i mean have you ever checked d like f uh the most money makers in f uh in nineteen f uh ninety,question
they seem to put out quite a bit laughter,statement
you you re first,request
i don t blame it on the teachers in the school,statement
c or are you not at that stage yet,question
wait angstrom second kid talking,request
okay noise,general
did f um do you have a favorite hors d oeuvre recipe that s easy,question
and f uh especially with with possibly children around,statement
c and don t spend any money this weekend laughter,general
f um the south hills area beaver county well originally beaver county,statement
c so we can t take it back laughter,statement
are you both from utah originally,question
c but they re predicting some more snow for our direction,general
d so f uh tell me almost changes from say twenty years ago since you were an pornographic twenty years ago,request
c and f uh you just set it in thither,request
my sister does f uh flower gardens,statement
how d you like to own a piece of property where your lake is going sour,question
f huh okay,general
c and then you serve it with melted butter,request
cytosine but e i base,general
do you hear the the beep in the background,question
is that right laughter up there in frederick,question
what do you mean where,question
child f oh okay,general
c and i think f uh there s people that to me it s the fundamental f uh,statement
e i mean it s like wear t worry about it,request
tocopherol pardon me f uh yeah,general
breathing,general
you do all of this in fifteen minutes,question
c because when you get the most heinous of crimes have you ever noticed you always get the most renowned defense attorney,question
d now how do they do the blackened,question
how do you feel about haitian immigration,question
flavour at the newsworthiness tonight,request
should we fluorine uh start this so we can,request
i i don t think it ever will really,statement
d so f uh f uh what are the laws like in texas,question
at one time or another i ve taken them all for a year,statement
excuse maine one second,request
you have a good evening,general
laugh come along,request
c but f uh d you know you learn something every time you use it,statement
my mother was real heavy into crafts,statement
c or is it,question
f uh i don t know if maryland has a f uh a seat belt law,statement
c and c and d you know sometimes they get disconnected when i m talking to them,statement
throat clearing okay,general
are most of the houses in your area three bedroom two bath,question
it really isn t because now you can get d like five year financing on them,statement
f um d you know when they say the middle east,statement
do you like rap,question
yea d you bed,general
c and of course you have some savings in terms of taxpayer money keeping people in jail or not f um,statement
c and we had to call somebody out to fix it because i couldn t take it more than a few hours without it on,statement
c and d you know we d he d fly down there on mondays and fly back on fridays,statement
c but you re using weights,statement
how do you put trees in there,question
do you have a pet now,question
it s it s just so complicated,statement
c and you buy a present,statement
just a minute toot,request
hi laughter,general
c so laughter where did you get your recipe for it,question
do you f uh noise are you musical f uh,question
correct laughter,general
farad uh calculate at them,request
d well hang on,request
coke and d you hump d like hold on here,request
considerably listen i ve relish talking,general
laughter go ahead,request
c but do you actually watch it,question
c but f uh d you know witness out when they exist holding pause the petroleum fair f uh,request
f oh go onwards,request
hi artemis,general
d sure,general
can you hang along just a minute,request
very faint f oh yeah,general
take for instance f um a prominent twist company i used to work for ed swampers,request
hold on one bit,request
where f uh where abouts do you live,question
what s in it for her,question
f huh laughter,general
what kind of car would you like to buy next,question
you initiatory,request
c but f uh we thought we were buying at the bottom of the market d you know,statement
laughter sound ahead,request
laughter oops laughter,general
d well maybe you can f uh make that one capture and and make a little bit money f uh,request
where are you going,general
what do you think would be required and so forth,question
f uh my father had had guns when i was in high school because he got them from a friend who lived in massachusetts laughter,statement
viosterol well don t let it collect dust,request
c and who decides what you do with it,question
c but c but i m like you,statement
f uh ticker taboo,request
d well i even like jot,statement
d well danu it s been really interesting,general
f um can you f uh advert on again hon,request
e i mean you wouldn t believe what he does,statement
d well since i don t have a whole lot more to pronounce on the topic,general
i i hypothesis d you know i d like you to maybe express something here,request
d so are you a professional musician,question
sled that is what you have got to practise,request
don t overcook it though,request
and that that the penalty ought to be out there and be enforced,question
you want to go ahead and tell me your favorite team or who you think will be doing well this year,request
c because it was so,statement
d well f um is there anything else you d like to discuss about it,question
c so where have you skied,question
c and f uh it s too bad that all this stuff is just being thrown into a data base and that none of the ideas or thoughts are being used at all laughter,general
c and when you re set to get another car just pay cash for it,request
does he really,question
what kind of things do you like to do in your spare time,question
d well they they had this cruise director dress up like santa claus,statement
hi thither,general
ok real faint,general
c but f uh have you had any major repairs recently,question
fluorine uh randomness,general
farad uh you nominate it,request
laughter all right,general
coke and you proceed,general
c so how are you supposed to expect to stay number one when you re behind the times in technology,question
f huh d well you might want to commence yourself f uh an animal that doesn t require lots attention like a cat,request
think about fluorine uh taxation,request
d well if your ever in f uh d c come look up wayne sherman you ll say f oh yea talked to that guy,request
c and you put back maybe two tablespoons full of the oil and saute some f um bell peppers and onions in in that little bit of oil,request
college or,question
do you have children at home,question
it s an accusation,statement
it s been a pleasure talking to you,general
c and you cook it for another three minutes on high ergocalciferol you know,request
farad oh excuse me just axerophthol minute talks to someone in the background,request
got to ascertain pike siemens peak,request
you could be creditworthy for that yourself,request
you go right ahead because i,request
carbon and you beat this cornstarch right into the mil the milk calciferol you know,request
i hope you have a good day,general
i enjoyed having a lawn service,statement
legal fading you f uh you aim clams,request
a judge would be more consistent from one case to the next and not,statement
it s been a pleasure talking with you,general
thursday nights usually had pretty good with that and as far as very good comedy,statement
would you use that for city driving and racing,question
f um d well anyway ellen it was nice talking to you,general
d so you re probably f uh a baltimore fan right an oriole fan,question
c and regard if it f uh,request
d well good for her laughter,statement
don t dumbfound me to lying,request
d so how about you charles,question
it s c either le leave the patient in bed all day long c or get them up,statement
laughter we ll have some interesting discussion i guess,statement
f uh how you doing,general
d well how about you are you an exercise fanatic,question
that s you need to do that i ll i ll i ll give you angstrom hint,request
what else has changed between the sixties and the eighties,question
right noise,general
i would rather do without some things that really aren t very important compared to being with my child when they re growing up,statement
f uh what what rental agent did you go to to actually rent,question
you need to judge em,request
d well i enjoyed talking to you cathy,general
c and everybody just shows up,statement
i will probably get a cadillac the next time quite honestly,statement
hundred and you rotate it unrivaled time,request
what part of the state do you live in,question
excuse me jim,request
c and they never present that,statement
possibly one tablespoon or two tablespoons let that brown then put all of the chicken back in there,request
bye bye baby holler,general
f um there s a office to look into f um f um,request
it was usually on f um thursday nights,statement
f oh my little boy just he went wild d you know i mean because because he had been used to me,statement
d anyways backrest to the subject,request
c but the the ice storms really are stressful on all the the plants that we have around,statement
it s a lot of work,statement
could you nurse along,request
c and plus for me it s f uh e i mean d like medical and d you know f uh benefits and dental,statement
d well,question
c but the state legislatures are more and more coming to supporting it,statement
let you originate laugh,request
do you backpack or hike,question
do you get a news magazine,question
d you know i guess it was okay,statement
oh snorting,general
hi norma,general
f oh don t cause whatever excuses for him laughter,request
we ll have to stay home and mow the thou laugh,general
have you looked at any homes for them or talked to them about that,question
c or do you have a camper,question
you ergocalciferol you love,general
huh faint,general
until finally they won and,statement
c and she just loves it,statement
to you also,general
d well it s respectable it s respectable talking to you,general
you want to stress em,request
d well thanks a sight i savour talking to you,general
home improvement,statement
use the greens if you get them when they re young and affectionate d you know before they have turn too,request
at first he was just a big muscle man,statement
mix up a little f uh mayonnaise with some dijon mustard,request
as in metric size hole or a or an american sized hole,question
c and he gets the c and you get the bill and send it to him,question
d well it s nice talking to you,general
just don t mind me if i bounce back and forth,request
have you watched that,question
how did you hear,question
d well like i said practiced luck to you,general
d well you are going to have to find a mother southward day out and have him call inward sick one day,request
d see i know of that too,statement
very faint yeah,general
bye bye baby,general
c then c but f uh d well you ought to try that,request
c and f uh we ve got some plum trees and some apple trees and some tomato,statement
c and i am pretty consistent from month to month,statement
not going from side to side,statement
c and he d well he must know is he interested in law or medicine,question
c and f uh what kind of music do you like to sing,question
c and f uh we ll be t i guess talking around the country,general
let s talk about the middle east situation,request
any particular kind or just all kinds,question
i m sure they are,statement
i ve just always like the boston celtics,statement
c or ha has crime increased,question
d well if they went awol what are you going to do,question
f oh god,general
c and let second face it,request
