text,label
all right laugh,general
d well let s hope not,request
d tungsten tungsten advantageously yeah,general
it does improve the reception a little bit though,statement
yeah baby talking,general
c and everywhere you d miss there d be this little bright spot you could see laughter,statement
how long did it take,question
maybe this follow a fantasy we can to talk most any kind of car,request
cholecalciferol considerably i have enjoyed talking to you,general
aren t they more of a running gun team,question
does does your dad have horses there,question
d well i am glad you have broken the ice with me because now i will i will start doing it laughter,general
i know where fifty six hundred south is,general
hum uh huh,general
is mowing the lawn a new exercise laughter,question
produce the yellow ones,request
d well i ve enjoyed speaking with you,general
d well i can go ahead and pop and tell you mine,request
consume playfulness playing tennis,general
cholecalciferol wellspring i hope,general
c but i think that s a that s really a long term type thing,statement
i think it probably has been,general
i ll probably i ll probably move,statement
c and they don t want to think about it,statement
nice talking to you today,general
they re they re very they re very f uh not interested,statement
f oh cholecalciferol comfortably take care,general
d so f uh are you f uh are you f uh active in translation,question
d now you didn t hear me say that,request
c so what am i supposed to do laughter,question
c but when she does there a nurse is right there to help her,statement
c and f um c and another question to ask exist if they re f um state certified,request
i think we are getting,statement
c but e i mean we need control,statement
i went to an inner city high school in chicago,statement
i guess f uh a i don t know what part of new jersey you re in but i guess it s f uh fairly industrial,question
c and you precisely continue beating it in,request
c and then other groups come in and do the services d you know other sundays,statement
be sure to ticker it tomorrow nox,request
where equal you break,general
e i mean did she earn more money that he did,question
c and we walk a couple of miles and then come back to the house,statement
d like give me some instance,request
d so she enjoys staying at home,statement
f uh how do you mean that laughter,question
you know it s d like laughter why are we doing this,question
f um what kind of counseling do you do,question
i think they would probably have to pull into my drive before it bothered me laughter,statement
discover one laugh,request
d well okay f uh,general
did you take it to a dealership,question
d well i kind of f uh i watch the f uh national news every day for one,statement
you deprivation to jump,request
c because i think i think we re just getting taxed way too much,statement
so it must be for a different year,statement
oh uh huh,general
c and what type of recommendations did you have when you decided where to place him,question
c and f uh we re communications,statement
within reason d you know you can lose weight or maintain your weight,statement
i just came back from there,statement
because if you f uh use drop cloths to cover everything and you use masking tape to trim out f uh all the parts that you don t want to slop concluded onto you don t have to be quite as precise about how you do it,request
f uh what does what does that mean alternate,question
i don t think we ve gone our our ten min,general
f um what type of magazines do you have,question
fees that that fund these things i guess that s trickled down to the states,statement
right taping ends with no further conversation,general
c and so we could we could talk about fluorine uh that path d you know how important you think his benefits are and and and fluorine uh how important you think they are and if what would you like to see increased,request
is that why you picked the school you did,question
c and f uh yeah,general
f uh it runs from d like five o clock to seven thirty,statement
very dim f ohio sniffing all right sniffing,general
you buy it you buy it as amp seasoning,request
c so twin peaks f um what happened was i think twin peaks f um went went off they moved to a saturday night for a while and then put and then put something i guess gabriel s fire on it and at thursday nights,statement
inhaling when they were d like in junior high and high school,question
how long is it,question
that s coming up,general
if she acts like she wants to or says she wants to maybe you could throw her take some for a while and see how she likes it,request
walt disney world and other places it s just the wrong time of the year to go,statement
d well good to hear,general
how was your care at parkland,question
bye clicking static,general
f uh now did you hear about the the control that they have up in virginia,question
cytosine and you kind of clean it out,request
do you by any chance,question
indisputable go beforehand,request
calciferol intimately you shouldn t do that,request
e i mean here you have the right to vote,statement
f oh really fry static,general
stick along the subject,request
laughter oh,general
c and you,question
it it does the things i need for it to do,statement
c but i don t think there s an escape from light jackets,statement
the the there has to be some way to do it,statement
my son brought me a little lhasa apso f uh for my birthday last thanksgiving,statement
f oh nobelium,general
c and f uh i have other friends,statement
c and they keep letting out people that have d you know these horrible records,statement
what do you think that what do you think tell me what you think nearly this,request
television at least d you know everybody s,question
now you tooshie c either use d you know the kind that derive in the little tooshie,request
it s like this train,statement
d well you can you can tell me a footling bit more almost it because i don t think we did that in utah,request
just your child and or do they just put any child in any crib,question
i guess i ll go back to work,general
bye bye noise tv or radio,general
is that where you you are originally from around there,question
c and clicking can you hold on simply a second laughter,request
c so not only is it d you know,statement
i sure will,general
c so they should follow the same rule,statement
it s nice over there,general
laughter do youself have children wi who are or have been through the public school system,question
c or d you know e i mean,question
c and so we could we could talk about f uh that path d you know how important you think his benefits are and and and f uh how important you think they are and if what would you like to see increased,request
that s the n b a,question
was it civil or criminal,question
snow but fluorine uh snow so yeah,general
how d you get into it,question
around christmas time,question
fry talking uh huh,general
my problem i guess is time d you know,statement
you mean in the in the most recent conflict,question
c and it would water their lawn,statement
viosterol well if if you re interested you ought to go to the next auto show,request
i m doing fine,general
d well i i was going to ask too does your wife work,question
did you did you sue him under the civil system,question
c and we had no problem with it,statement
we we were we tried to move terminated to raleigh last year,general
is it a looter that got shot by a store owner,question
c and c and that s one of my favorite things to do is sit around and listen to their stories,statement
they don t have to be in a nursing home situation,statement
did you like them,question
d well how much are the box seats there,question
is there not,question
e i mean ha had he been around children,question
d see d now we ve run into a lot of problems where our relatives were,statement
fluorine ohio the potato,general
calciferol so tell maine about where you live,request
are you familiar with that,question
f uh throat clearing yeah,general
d well good,general
i should have i guess i should make another one that says religious or otherwise cause i still get,statement
f uh look at them,request
do you ever,question
c or is it,question
c and the other thing is that when it when it s the public transportation is established that early on then then the business f uh business and residential patterns develop to take advantage of that,statement
c and hence yeah,general
rent them citizenry go,request
been f uh good talking to you,general
d you know i m trying to make it with my job and make d you know myself okay and make my,statement
i guess it s an eighty nine or ninety f uh chrysler something or other,statement
where are you from in california,question
i had a part time job around f oh gosh fifteen years ago seventy six,statement
feel what we ve done here at t ane,request
merely angstrom minute,request
or is it european,question
do you have a chance to look through the wall street journal,question
excuse me noise muffled sound as if hand over the phone,request
d well if if you re worry you ought to go to the next auto show,request
you should represent heedful laughter,request
breathing i can t understand why nobody saw that before,question
let s sing about the middle east situation,request
c but look who she was running against d you know laugh,request
printer yeah,general
baby yeah,general
okay hum breathing,general
this is new orleans,question
fluorine oh that entropy not bad,general
c and then erstwhile you pick that spot out pick out what you want to cause,request
laughter d well what did you find was most helpful in planning the birthday get together,question
c because it s just kind of d like d you know tourists,statement
goodby racket,general
d well how old is your boys,question
d well you are going to have to find amp mother s day out and have him call in sick one day,request
c so f uh yea,general
good goodby sharon,general
do you enjoy it,question
c and sarasota is on the west coast,question
c but e i mean yeah laughter,general
d well where are you,question
f uh f oh,general
f uh car pollution seems to be the one and only thing that that i can really put my finger on here,statement
c and i suppose it does provide some gainful employment,statement
d well nice to spill to you,general
distinguish me your gens again,request
what randomness your list,general
coke and then you take it out of the fat,request
did you,question
do you have to pay for that too,question
hold travel,request
c or c or maybe simply exercise at home,request
what could they possibly be thinking,question
did i reach the dallas area,question
c so you work in back grind,question
c or were you a,question
that s probably what i ll try and look for whenever i do have laughter my children,statement
what s everybody drive up there,question
c and the idea do we go out and feed these people when they re hungry,question
c and correct,general
laughter d well we ve kind of exhausted everything i guess,general
c and what kinds of things do you use it for when you us when you go to their hous houses to them,question
ane ll let you go start,request
c and c and i don t give that out,statement
clanging uh huh,general
do you watch any of those,question
do you f uh,question
d well let s hope neither unmatched of us ever have to run into this subject we were discussing,general
f uh d so what do you do to exercise,question
f oh huh uh,general
did you do it with a jigsaw,question
d well it s been real nice talking with you,general
d advantageously maybe maybe your husband could tape it for you sometime,request
receive receive the boss complete,request
here hang on just a second,request
gloaming church virginia,general
throat clearing cholecalciferol well f uh yeah,general
i don t think it should just be used loosely,statement
d well wh do you think that f uh consumer goods goods are generally getting better or worse in quality,question
wh why do you use that,question
c and it was going to happen to you,statement
for myself e i mean i think that military experience noise was fine,statement
guess,request
i do some i m a graduate student in psych,statement
d good don t let it collect dust,request
oh very faint,general
go boy this this is kind of ugly laughter,statement
laughter cholecalciferol well i enjoy,general
if you don t like it shoot move along to something else,request
you go showtime,request
and one thing she s trying to instill in kids um besides just reading and writing are just some the golden rules,statement
you buy it you buy it as ampere temper,request
oahu naturally has got more people on it than the other islands,statement
c but f um there s no never anything good on saturdays though laughter,statement
lipsmack yes,general
d well do you keep up with the statistical stuff,question
yeah f uh,general
well bill it s personify nice talking to you,general
you look at frito ballad,request
are there cases where you think that that f uh the capital the capital punishment shouldn t be f uh f uh sentenced,question
f oh wasn t that nice of him,question
the d well as it is now the middle and upper classes are paying more than their share for the health care of the whole country because they re the only people that can afford health insurance whistling,statement
debates would come up up there in massachusetts and you know in that area over uh air pollution,statement
i got it so it wouldn t wouldn t shed,statement
c and i expected it to be a lot of trouble,statement
put it on the engage,request
i make that drive sometimes,statement
um yeah,general
d well it s been very nice talking with you,general
i see bird squawk,general
okay hua children baby vociferation,general
c and f uh seeing as you ve got,question
correct yea,general
does it does it on its little on its on the flower does it have a beard on it at all any kind of fuzzies,question
c or should we stay on the topic of books,question
what s your views on it,question
c so you re working on your doctorate,question
okay noise,general
f uh after all who who writes,question
v c r and everything else,statement
e one mean expression at d you know the leader they had,request
have you just started doing this,question
what do you do with all those,question
c or did it come out in the,question
you go right ahead because ane,request
c and it s funny you mention costa rica because they are just they are one of the most successful and peaceful countries,statement
c and they did,statement
yeah whispered breathing,general
no earthly idea,statement
start,request
breathing tv uh huh,general
i hope you have a near daytime,general
unspoiled self help,general
you ve been to the city,question
what do you think about the women that are not having families because they want to continue their business,question
are you a vietnam veteran dudley music,question
it s just just correctness of of pause social skills if you will,statement
i don t think they have any more money than any of the other countries,statement
dee are you familiar with the latin american policies,question
d well nice to talk to you,general
i was going to ask you could you go to d you know nice places,question
d well d you know there s a lot of things that have happened d actually,statement
c but some of the internal news and the news services,statement
good talking to you overly,general
c and i really just keep very good records,statement
you know have them a fine whatever,request
c because if the analysis is inaccurate or biased or whatever then d you know how good is it,question
all right you too,general
maybe i ll call you back after after the recording is finished,statement
c and the wind came in from the north,statement
mark that,request
use the greens if you get them when they re young and tender d you know before they have grown too,request
you get so attached to them,statement
okay breathing,general
d well let s hope neither one of us ever has to run into this theme we were discussing,general
f oh is he the reformed f um gambler,question
good luck,general
c and then drain off altogether the grease,request
really d you know,general
in what field,question
f um alright,general
it s sort of funny,general
c so c but d well it s been good talking to you,general
assign it to quietus d you know,request
who are you with,question
c and where are you from where are you calling from,question
e i average look at d you know the leader they had,request
c so don t say she s small,request
d well it s been nice talking to you,general
do you usually go out f uh with the children or without them,question
it was nice talking to you too beth,general
laughter what did you think about that idea,question
you have a good day,general
d well didn t kansas city put up quite a bit of money for their,question
have you ever seen murphy brown or anything like that,question
the same in some of the areas around here,statement
drop inwards at times that are unexpected,request
i would be bothered by that,statement
c and he told me i needed to pull every leaf off and then spray it with this chemical that he said i should purchase,statement
farad um farad uh d well give me your inaugural impressions,request
got to see pike s peak,request
send them over to irak laughter,request
how did you get rid of them,question
c and it appears as though that f uh f oh in the fifties or sixties when some of these houses were built f uh they used a lot of f uh semigloss type enamel for ceiling paints,statement
c and f uh i think either send them home or do something,statement
cling them,request
or vote,statement
c and you had to check off what all you would be willing to bring,statement
afternoon doug,general
c and that s usually works out to be pretty good,statement
c and i ve sworn up and down,statement
where do you buy your tole painting paints at around here,general
c and then they go on road trips,statement
it s a pleasure talking with you,general
i guess it s ge getting to be lunch time,general
hold along one second,request
make trusted it randomness nice and brown on both sides,request
accessories,general
c but what are you doing,question
what f uh what kind of,question
where are you calling from by the style tx,general
what about if if f um they demanded to have spanish as the official language as a condition for statehood,question
nice lecture to you also beth,general
calciferol you know try that former,request
c and c and what were we trying to do,question
good talking to you excessively,general
c so i hope you enjoy it as much as i have been enjoying it laughter,general
c and the sacrifice is not that great,statement
you all just had a tornado f uh over close to oklahoma and texas,question
it was good talking to you robert,general
d well hi,general
c but i don t think that they re going they re going to change that,statement
baby crying yeah,general
is that right,question
c and f uh what about you,question
uh huh rustling and clicking noises in background,general
print first,request
d well you are non missing excessively much then laughter,general
do you have a do you have any f uh major preferences as far as breathing television,question
yea d you know,general
c and f uh basically f uh i found a recipe to make it in the microwave,statement
yeah voices fade,general
i gathered you mightiness cost a teacher,general
d intimately guess what,request
e i mean did you find that people appreciated having the privilege of being,question
d you know re reduction in in medical costs if d you know they,statement
it doesn t matter who it is,statement
afternoon doug,general
fluorine um then then just laughter,request
iodin come up there iodin ll have to stop by and have sample some of your baking,request
publish start,request
does does it just want to sniff around,question
what s his first name,question
do you do that very often,question
i think it would probably be a dog baby talking,statement
maybe we ll aim across we ll cross course again,general
c but i think it s real vital important for the future d you know,statement
cholecalciferol no you tell me how you feel about,request
yes cough,general
c but f uh so the mi f uh the cauliflower you,request
c but f uh do you see any way of like altering it so that they would become more honest,question
c and in the rivers and stuff,question
belt line and what,question
that that s called it s the original p c,statement
let you start laughter,request
d well down in the cafeteria do they have any place where you can put your d you know pop cans and things like that,question
ok throat clearing,general
c but i it s it s i don t think it s any different of a problem than any other major city,statement
did you buy a program to handle menus,question
howdy nancy,general
what what type of history class is it that you re having to take,question
my name is lowell,general
if you have a gamble to rent it astatine least,request
and let all the convention people go,request
i i always said that if i had a kid they wouldn t know what mcdonald s is,statement
was there anything there to begin with,question
it s interesting to see the the wider world,general
do do they play d like f uh d like does the eight year old play baseball,question
f oh really,general
c but the guy at the very top the one who s who s really making the millions and the millions is the one who also many times is part of the power structure f uh the f uh and had the political,statement
c and they still buy aluminum can and likes that can cans likes like,statement
throw along put along throw,request
they have enough leisure time to afford a nice lawn,statement
maybe we ll get together again in the future,general
c and f uh keep your mind off of disconfirming affair,request
we d like pay her for six weeks at a time,statement
thank you for enter,general
f ohio uh huh laugh,general
he stays at school,question
d so frank what f uh type of f uh budget do you or your family have,question
beep howdy,general
d you know he doesn t have they don t have to rely on him to score ev d you know thirty or forty points at every,statement
are you a student,question
what part of the state do you live in,question
c but do you get to pay the bills,question
isn t tigon f uh part of g t e or vice versa or something like that,question
you know what i mean,question
c but d you know how can,question
salads go first and things like that,question
coke but adam ahead laughter,request
f oh all right laughter,general
c and they were saying how in some sense that that s good because that makes health care affordable for everyone and makes d you know lowers the cost of everything and all insurance,statement
d so what have you seen interesting on oprah winfrey lately,question
i we re we re new to iowa,statement
take it to adenine consistent extreme,request
i just make a point of seeing those,statement
d swell if you if you seat get green card go for it,request
that that sounds like a hell of an idea,statement
sniffing all decently,general
meow yeah,general
adenine hamster,general
you look at the merge province,request
they re just standing in line doing whatever they are supposed to,statement
you you call that routine,request
c and if they don t have their booster breathing any kind of saliva or anything from another cat if they get in a fight it automatically d like,statement
c but are you at t i,question
this follow archie,general
f oh f uh c and do you receive discounts and things like that,question
c and c but wordperfect is just a lot more intuitive in a lot of ways,statement
c or do you have you read any good novels lately,question
c but our pool is not is not heated,statement
yeah i know,general
c so she took the cat to the vet,statement
that s usually the way it is,statement
c and f uh it s good to hear from you,general
e i mean what does this have to do with getting d you know a computer science degree or whatever d you know,question
d well are your children now,question
are you having to repair the walls at all,question
i think it s really important to that that if you get a pet that they re c either spayed c or neutered so that d you know we re not just going on with this pet population and having to,statement
cytosine and cytosine and stress that to your children,request
wherefore don t you tell me some yours,request
f um that s interesting,statement
did it work laughter,question
d so do you work for t i,question
what do you think causes air pollution in dallas,question
c but you definitely need to go to hawaii,request
c and you couch a short bit of that over it,request
d well i d say tackle one project first and hear how it goes,request
c but did they have some pretty good special effects,question
have you seen the debit cards where they actually debit your account when you,question
c thusly let s make it angstrom good one,request
f oh where was where where was that,question
just a minute beep,request
what have you seen recently that you enjoyed,question
c and what is t i,question
d you know flop,general
laughter d well we can f uh complain together or swear we can complain together about the humidity laughter,request
yeah i jazz,general
f oh serious laughter,general
c but wh what kind of things are you looking for,question
is that is that f um pretty predominant as far as california do doe,question
c and i appreciate the conversation,general
c so tell me your feelings on recycling,request
d well that s exactly the way he feels is that he really hates to spend the time,statement
calciferol well good to hear,general
they ray not a hard,general
c and c and they had classes that d you know one class they d do art,statement
hold hold hold h tercet,request
c or you can just get some d you know regular red peppers,request
have you ever read f uh or heard of the book this present darkness,question
i can see that,general
i was afraid i d make the car overheat,statement
make surely it s nice and brownish on both sides,request
iodine ll let you start this time,request
c but f uh d you know find out when they are have pause the petroleum fair f uh,request
c and you beat this cornstarch right into the mil the milk d you know,request
um hum,general
ohio ohio yea,general
c and i check that everyday,statement
what s going on,question
do you want to start away,request
i am a speech pathology major,statement
c and f uh if you have that on a regular basis in texas i think i would go with something very dry laughter to keep it off d you know,request
c so d you know after bull durham and field of dreams d you know,statement
c and you make sure that you keep up with them for the next time,request
it was nice talking to you,general
one m calling from texas,general
c so i got my chicken and all my little net and everything,statement
catch you later,general
raspberry yeah,general
f oh dear,general
gosh i m sure not even one percent of the world is as fortunate as these areas,statement
i get most of my news driving back and forth to work listening to the radio,statement
if you assume t like it shoot move on to something else,request
how would,question
c a c and good luck,general
c and i think they got exposed to a lot of neat things,statement
do we get f uh,question
real maternal laughter,statement
television f uh the violence on television and in the movies would be contrary to my beliefs in that,statement
c and they got pretty scenery in ireland,statement
c so what do you think of our trial system noise,question
f uh do you think it works very good with that random do you think it limits,question
huh uh,general
veracious clanging,general
c and you meat it,request
could you hang on matchless minute jim,request
don tonne overcook it though,request
e i mean you buy a a tenderloin steak it costs outrageous d like twelve dollars a pound,statement
c and they are going to come right through you if you don t do something,statement
d well you take care,general
f oh i see,general
f ohio alright,general
c and c and we were looking all these alternative sources of the energy and so forth,statement
it had held d like a fifteen shot clip,statement
guess,request
ergocalciferol well ane thank you,general
do you f uh think we should go metric,question
don liothyronine go out there and start digging holes f uh,request
c and let s hope some there are other people that feel the same way laughter,general
f a f oh i see,general
you re reading dune,general
gosh it sounds so nigh,general
laughter nineteenth amendment is it that gives women the right to vote laughter,statement
i don t subscribe to either,statement
because i guess it s because t i s down here,statement
d well i guess that s about it,general
c or are you familiar with any of that,question
did you see it,question
let s hear approximately your avocation,request
fluorine oh unity got you,general
laugh blend ahead,request
c and maybe we ll meet up again roughly time,general
cholecalciferol well go beforehand,request
are you an engineer for t i,question
f oh excuse maine just a minute talks to someone in the background,request
c but do you think that that s going to be enough,question
we ll see how that goes,statement
put it to sleep calciferol you know,request
e i mean i can t help but wonder if if i grew up without a father on the streets and,statement
the other affair to do if you re really like the hyacinths a and i do is that before you plant those bulbs stick them in the refrigerator for five weeks or so to cool them,request
c or is this mainly cross stitching,question
have ampere adorable day,general
that is probably as about as much as we both know laughter,general
this cost jim in dallas,general
did you go,question
fluorine ohio fluorine um,general
how do you know how wrong they are,question
scaffold,statement
c so don t say she s modest,request
d well don liothyronine let it compile dust,request
i think those should be uninsurable,statement
f oh didn t you,general
c and then yeah,general
c but start ahead,request
it s just incredible,statement
d well listen,request
if you had f uh no financial requirements if you could buy any car in the entire world no matter what it cost what would you buy,question
do you know what that is,question
i got it from a friend of mine that i used to work with,statement
are you both from utah originally,question
mean private enterprise,question
d well michael what do you think about f uh funding for aids research,question
c or how did you get rid of them,question
you wish to start first laughter,request
e i mean just don t run too fast,statement
c but there s no coping saw big enough to for a fourteen inch wide watermelon laughter that,statement
are d are you do you play the piano,question
at least exercise while disperse it off laughter,request
or there,question
laughter all aright,general
fluorine oh you should try it,request
a while,general
to you too,general
go to work for u t,request
c and f uh d you know we planned out how much we were going to spend for food and how much for for this and for that,statement
f oh thank you,general
c therefore f uh if you re near that age laughter or you know somebody who is,request
d you know d like yeah,general
you could probably do that,statement
swallowing yea,general
f uh lipsmack f uh d well i know they were going to start one,statement
d well it certainly is nice talking with you gene,general
f huh d well you might want to get yourself f uh an animal that doesn t require much care like a cat,request
hold it down axerophthol little longer,request
c and one man in particular had reservations made plane tickets made everything,statement
my mom she just loves to fish,general
approve carol,general
i saying teachers should be paid more,statement
you need metal alternatively of plastic,request
i m enjoying hearing you so much laughter,statement
certainly go onward,request
start,request
f uh i,general
am i pretty texan,question
d well how large is williams,question
laughter that s about what it looked like,statement
c and good luck with the baby,general
make sure it s nice and brown on both sides,request
d well then the nex the truck i got next i definitely looked for the same engine,statement
c and f uh d you know make my annual pilgrimage to the solitary star brewery,request
d well that s some all i have to say laughter,general
you go right ahead because single,request
did he get hurt again,question
name one laugh,request
sniffing yeah,general
d see am i good or what,question
f uh what have you had,question
d boy it is a big problem,statement
if you are not going to have a family then that s fine,statement
c so if it comes to pittsburgh in the road shows and i think they have three different companies that tour the u s f um you should go see it because it s rattling it s rattling outstanding,request
write firstly,request
c and don t spend any money this weekend laughter,general
can you hold just a second terry,request
d well yeah f uh,general
carbon and f uh that s one thing we can enjoy is good delicious food,general
put them fools inwards thither,request
f uh what f uh what sort,question
tell maine almost your clubs up there,request
you might put around d like around yellow catfish in there,request
did you see it the other night,question
f uh faintly,general
where do you work in research,question
c and you beat this cornstarch right into the mil the milk viosterol you know,request
have you eaten there,question
you ve got to see it especially since you have a german,request
a hamster,general
you know give them a fine whatever,request
okay laughter,general
what what program are you in over at carnegie mellon,question
laughter what what what kind of a,question
c so d well,general
c and then you ll bear to give me axerophthol call on gardening laughter,request
ye uh huh,general
hello diana,general
gentlewoman kickoff,request
cheerio cheerio clicking phone detent hanging up,general
c and then you take and f uh lipsmack cover that with drained crab meat mixed with one of the small bottleful of chili sauce and spread it over the top and spread it on triscuits crackers,request
f um there entropy a spot to look into f um f um,request
is it one of those afghans that i ve seen in the packages with the with the large squares,question
how way back e i mean laughter,question
c and what s that other one where they laughter where they do the f um skits,question
cough yeah,general
f um f uh d considerably give me your first effect,request
today tell me what you expect from the mavericks this year,request
f uh i ve got f uh five toughie here from t i,general
c or what she s losing her sight or whatever,statement
f c and wasn t it pretty last week with the bluebonnets and everything,question
c then we ll talk about that some,request
college or,question
she s even got she s got one dog now and the two cats,statement
what time is it there,question
if you wear t ilk it shoot move on to something else,request
d now if you just lose if you just skip one election,question
i don t i m sure she puts wine in it because f um she cooks everything with alcohol,statement
c because the those were big political that was a big f um turn out,statement
what do you do with your budget,question
where,question
d you know he attached himself to a couple of those,statement
c and they marked off routes that they could go or something laughter,question
f uh i think it s a stinking shame breath that there isn t capital punishment for those assholes that stold our money,statement
c and c and if i can get one that ll keep my limit at five hundred,statement
c or is that just the the truth,question
a a the sides and the lines that were drawn are all confused as to who s good and who s bad,statement
d well i know they will,general
c so is f uh is he working there then,question
is it snowing up there,question
have you heard anything on d like out for justice,question
yell them,request
nice talking with you craig,general
narrate me approximately your computer laurie,request
d well when she got home who took care of her,question
c and afterward that randomness cooked you take it out and pour this on top of it,request
d well you haven t told me f uh what sports that you are dynamic inwards,request
wordperfect is just so much better than than wordstar at least the version of wordstar that i used to have,statement
uh huh noise children talking,general
wherefore don t you go first,request
c and it would have make it f uh broadened the audience that it could have been targeted for i thought,statement
d no you tell maine how you tone about,request
i think they i think the fords tend to last a little longer,statement
i ve enjoyed this f uh,general
d so c and how do you feel about it laughter,question
i m carol,general
c and then we actually held them back in fourth grade,statement
is that the aspect of the news that you re most interested in is is the timely yo noting of the events as they happen,question
they did that three or four years before they did it with everybody,statement
c and f um maybe we ll talk again,general
i i can t i can t if it s twenty twenty sniffing or one of those things where,statement
c and f uh the child needs to take pride in the fact that their parent is doing something,statement
c but san francisco will be hurting anyhow,statement
could you hold along,request
c but i ve two kids and all,statement
i would just encourage you to do amp little traveling though before you get married,request
my wife f uh she went to f uh the school out there in lubbock,general
f oh has those influences lasted,question
f uh what are you thinking about buying,question
coulomb and we ll hopefully we ll get to talk again,general
yes farad oh,general
d substantially unity have enjoyed talking to you,general
west wait,request
it mho good verbalise to you,general
chiming yeah,general
a liter s about a quart,statement
how do you like it out there clicking,question
c but if it were told to us that we would find the time somewhere between our seventeenth and f uh twenty sixth birthday to give a year or two to the to the country in the form of maybe building better roads or the parks service or the peace corps or somet d you know the military service or something wouldn t we have f uh maybe a better class of americans,question
lead care now,general
e i mean it s been a while since i been in high school,statement
golly,general
you go ahead first if you ergocalciferol like,request
c but f uh we re up here in western northwestern part of pennsylvania,statement
f oh i see f huh,general
c and f uh we got that,statement
what if you re looking down the barrel of a hand cannon,question
it s been pleasant talking to you,general
laughter calciferol well i revel,general
c so i wasn t paying as close of attention,statement
don good talking with you,general
c and so on f uh on weekends she would d you know spend all of her time with her kids and spend lots of lots and lots of money,statement
i needed to do it,statement
c and c and you ll hurt yourself laughter f uh,statement
c hence don tetraiodothyronine say she s small,request
c but you know what you can do,question
alibi me,request
c but f um you have to really wash your vegetables after that,request
her is her career f uh related to to finance or accounting,question
c and consequently some of the very best students were had excellent memories,statement
trust you like you it,general
keep on view those movies f huh,request
afraid non,general
c and c and yeah,general
was it bad,question
right breathing,general
i have four sons scattered all over the country,statement
directly it s up to you,request
c and you put it on a really low rut,request
d substantially hang on,request
my name represent lowell,general
yeah laughter pause,general
c and no matter what the weather is they can walk,statement
nowadays you view,request
d sure you re welcome,general
c and you assign it on a platter,request
i know i know they can t wait laughter,statement
laughter all right,general
f oh wha what else can i tell you about painting,question
you you if you same sports xtc right ahead with this one,request
you had to go chase her down,statement
f uh how about yourself,question
laugh d well tell maine,request
have you been cross stitching long,question
resound f uh hang on one secondly,request
f uh we re not f uh real wealthy at the moment,statement
f um been with t i like twelve,statement
and how is it really transmitted,question
that s really unfortunate,statement
and with banners and and a parade of vehicles with their with their colors of the,statement
i m clouding up right now,general
tone astatine this slick guy,request
d well listen they ve f uh they ve had this one,request
i m sure until at least school age and maybe longer,statement
c and you know the funny thing is now that i have a large kitchen with a big island and that i still have people trying to come d you know,statement
c and i i don t i say i don t have the time,statement
d well you ll exactly receive to plan a vacation some time,request
what did he say about it,question
who who did they play,question
d well you can come over to my house and spend it laughter,request
c and it wasn t laughter making it was wasn t as good news as it was,statement
children uh huh,general
d well do most of your day care workers really care about the children,question
coke and talk a,request
static uh huh,general
beep d so where was your last vacation laughter,question
having both of them natural the first one was natural and going natural the second,statement
f oh do you laughter,question
c so it s it puts has put pressure on both of them from that point of view,statement
d you know what s the significance of the apes d you know laughter,question
d well how do,question
it was aerobics and lifting weights three nights a week,statement
i did non f uh get to live through it,request
scott let s f uh talk about advice that we can offer a parent where the child is work to go to a university,request
what type of foods do you cook,question
c and unity hope you have a good evening,general
c and f uh good luck in your this venture,general
d so you think that f uh maybe a five day waiting period for handguns or that stuff would be legitimate,question
i am in falls church virginia,general
c and i know a lot of those nations there s f uh brazil i know is like forty percent evangelical christian not just go to church but d you know really on fire for god,statement
c but f uh where s the line where you where you say to somebody i m going to drug test you tomorrow,question
you actually have students with with beepers,question
um throat clearing,general
yeah pause noise,general
you remember when archie manning was a quarterback,question
suspiration ugh,general
c because there is lots to see noise,statement
f uh do you cook for yourself,question
c but f uh have you ever been to california,question
give maine the money,request
f oh how was it,question
c but it s still such better quality that i think it s worth it,statement
preceptor t tell that to a native texan though,request
we decided not to get the which is actually another loaner one too that we picked up for a consulting job that my husband was doing horn,statement
c and f uh the other thing that i always notice is that whenever they write about something that i m an expert in i find their descriptions to be wrong,statement
adenine hamster,general
do you have you noticed any new f uh trends in politics,question
c and they don t miss in public relations,statement
compose that one mastered,request
they just d you know start going through the phone book or going through a series of numbers,statement
laughter work ahead,request
c and f uh i ve always lived pop here in the south,general
pin along the subject,request
put some fresh petty fresh peewee,request
coke and then you take it out of the avoirdupois,request
that looks awful tiring laughter,statement
d well c and c and i think in the in the in the much bigger picture than f uh to some extent hospitals and doctors have some f uh fixed amount,statement
c and it s kind of shocking,statement
they talk about t v shows,statement
doorbell peradventure we ll talk again doorbell sometimes doorbell,general
c but f uh i think drug testing,statement
d well you oasis t told me fluorine uh what sports that you are active in,request
c and now we re kind of d like in lewisville miss white little suburbia,statement
invite invite the knob terminated,request
f oh have you heard that that i m trying to think of what company it was there was a company that was going to f uh be giving out information about your financial status,question
f oh jagged edge,statement
c and how long have you had them,question
c and that might be a partial solution,statement
laughter d well do you feel like f uh,question
d comfortably breathing i guess i ll let you run now,general
maybe we ll get across we ll cross course again,general
mix up a picayune f uh mayonnaise with some dijon mustard,request
hey what do you think,question
yea coughing,general
that s that s what i was f uh,statement
wear t tell me what to do d you recognize,request
did she,question
laughter d well taco bueno s good laughter,statement
laugh d well put them in ampere salad though,request
yes fluorine um,general
whose your favorite actress or actor,question
then i plan to get right back into it,statement
don t say that too loud though because f uh every city and town will have a meter on your laughter tail pipe generating generating revenue,request
how would you go about organizing a family reunion,question
do you think it s okay for a company to reject somebody knowing that they ll take drugs,question
d well i enjoyed talking to you,general
is that what you think,question
children telly noise kitchen hawaii f uh,general
noise background uh huh,general
i think our policy is that,statement
c but f uh i ve heard that it s real long that it s a good movie but it s long like three hours,statement
is that the one where f uh the guy gets captured by that women,question
the reason they have the angolan heights and the the f uh all their buffer area is between jordan and the the sinai and and lebanon was just as a buffer,statement
f oh backless,general
you buy it you buy it amp a flavor,request
c so it s kind of hard for us to visit with them as much as i d like to,statement
do you get spooked you feel,question
fluorine um can you fluorine uh hang along again hon,request
c and c and at least i had the opportunity of seeing two families move into decent housing,statement
c but d you know you ought to bring him to g deplumate the weeds,request
i d like to go to sundance and park city,statement
you could be creditworthy for that yourself,request
whatever subject you pick do it the lettered room,request
d so would this vacation you re taking,question
f oh i see what you re saying,general
tell me what you think,request
why don t you do something with those laughter,request
one of the two f uh,statement
c and he s very good in regarding henry,statement
d well how are the cardinals,question
good enough,general
do you do you garden or not,question
depart hinder to that one to ten scale where one,request
di did did you learn it in computer science,question
d well do you know something,question
hey how you fare,general
d well it s been enjoyable talking with you,general
century and you rotate it one time,request
and have you had experience with cars other than the ones you have,question
it s farad uh,general
don t you,question
do you have major medical benefits,question
d well what do you think if you re in that d you know if you re concerned about that,question
throat clearing hello,general
f uh do you want to decease beforehand and start,request
throat clearing if if you wanted to f uh f uh truly get into a hot issue f uh,request
throw the lids and everything out,request
take your glass f um d you know pickle jars or or whatever f uh liquid jars d you know,request
this live jim inch dallas,general
yeah noise,general
d indeed tell me ba,request
c so how are you supposed to expect to stay number one when you re behind the times in technology,question
laugh come along,request
nether bricks or nether woodwind,general
what what f uh newspapers do you read,question
d now why didn t he why didn t she keep him home with her,question
what execute you consider that what execute you consider tell me what you consider about this,request
explain me just a minute,request
maybe this personify a fantasy we can to talk about any kind of car,request
okeh beep,general
just commit f uh commit axerophthol thing on it,request
i think you could recover from a pistol but not from a shotgun laughter,statement
c and then drain off whole the grease,request
just let him love himself laugh,request
c and i think i can be a better and more effective employee if if i,statement
uh uh,general
seemed like the thing to do at the time,statement
unity metre ready for it,general
simply ampere minute,request
have you ever seen it,question
do you exercise a lot,question
laughter all right very faint,general
d well mayhap mayhap your conserve could tape it for you sometime,request
you mightiness occupy a look at them,request
they re both running around now,statement
c but we tried to figure out whether we could put three in because we really need to be able to put at least three in,statement
it s it s it s hard to say,statement
d well d now did you all,question
was it damaged,question
thank you sandy,general
lipsmack can i pick your brain about how you nonplus rid of those trees,request
do f uh does this school your son goes to do they f uh re require to wear a uniform,question
are you aware at all,question
are are you down here in texas,question
f oh all right,general
how old is your child,question
c and what happened was her husband was f uh involved in a motorcycle accident where a drunk driver ran the stoplight,statement
c but it s embody a delight talking with you,general
excuse me one second,request
e i mean on the other hand e i mean you take amp garbage man in new york city starts out at twenty six thou dollars,request
c and then newspapers and t v would be tied after that because maybe i ll catch the the evening news like ten o clock on t v,statement
let s just,request
c and f uh no,general
f oh it s national,question
c but i f um tend to all the planting the annuals and and the spraying,statement
c and c and how did your daughter get scholarship money on,question
can you hold ringing on scarce a sec,request
it s been a pleasure talking to you,general
if you deprivation to go first go ahead,request
i can buy the cookies in a larger quantity than they can,statement
c but d you know critically acclaimed,statement
you ve become to go see that,request
unity let enjoyed it,general
fine thanks laughter,general
scott let s f uh talk about advice that we can offering a parent where the child is going to go to a university,request
you really should locomote to ec,request
c and you lend fluorine uh about a tablespoon of what i m using now is jamaican curry powder,request
five was the script was bad bad bad laughter,statement
security number,general
because if you f uh use drop cloths to cover everything and you use masking tape to trim out f uh all the component that you don t want to slop over onto you don t have to be quite as precise about how you do it,request
c sol you bequeath have to do that once,request
certainly go onwards,request
cytosine so don t say she s small,request
laugh oops laugh,general
f uh f uh f uh i think i know who you re ta f oh i know who you re talking about,statement
c and i have my own equipment,statement
concert tours for country and western sings is it s it s quite quite odd,statement
calciferol well hang on,request
enjoyed it bob,general
talking people in background yes,general
c and you put a little bit of that complete it,request
i ve i ve never throat clearing i ve never even been called to jury duty,statement
i don t know what channel he found that on,statement
carbon and i hope you enjoy your camping trip,general
for how many years,question
when they say this proposal is this something that they re just suggesting,question
your perspective,request
c then d yeah do it as long you crapper sniffing,request
can i order you on hold for one minute,request
i ll let you die first,request
c and do you have to sort that,question
c and c and i m just really in a dilemma if that s what d you know,statement
f uh is there someone,question
d well let s hope neither one of us ever has to run into this subject we were discussing,general
c and low polluting fuels are being experimented with ethanol and other types of fuels,statement
d so what else do you think is important,question
e pardon me go ahead laughter,request
okeh so,general
c but i just f uh i m consulting right now,statement
down there it s just like sum and potatoes d you know,general
d now what what keeps you doing that,question
let me ask you something can i run a minute and shut my radio off,question
c and then the popcorn and everything else,statement
c but i know someone who does a lot of woodworking for a hobby,statement
hold along put along hold,request
take for illustration f um a large construction company i used to work for ed swampers,request
d you know if they re overcrowded just keep cramming them in there till they just suffocate f uh,request
what do you do there in lubbock as far as f uh recycling is concerned,question
h are you pleased with the news coverage that you re receiving,question
i ve tried to do that with sugar,statement
d now that do you do you agree that they should all be unanimous,question
well listen iodin ve love talking,general
f huh prime air,general
electric or f uh,question
snow or snow or maybe just exercise astatine home,request
and it it uh eliminates a lot of qualified people,statement
have a wonderful easter,general
have you ever heard about that one,question
do you have any f uh,question
uh huh mollycoddle crying,general
i know f uh hurricane hugo,statement
what about the speed,question
c and breathing d you know lipsmack so i did have that advantage there,statement
could you could you get any connection on which was metric and which wasn t,question
father t tell that to a native texan though,request
huh very faintly,general
c and another consideration is how many infants or children are they what s the ratio of of teachers to,question
f uh how about you,question
d well have ampere good daylight,general
ace ace have got to run to a touch,general
excuse me noise muffled sound ampere if hand over the phone,request
what if we totally took money out of the camp f eh ma just severely limited the campaigns so money wasn t so much of an issue,question
c but you ut have to have it d you know you ut have to have it blistering when you cook it e i mean,request
breathing i ll let you go forwards laughter,request
c but i remember when i got out of high school all through high school was,statement
that is a shame,statement
you look at another kind of society like the japanese,request
c but boy there s a lots going on in there laughter,statement
uh yeah,general
c and they have of course some pretty severe storms winter storms snow and that type of thing,statement
have amp vacation in iraq for amp year laughter,request
i don t want to d you know,statement
all right,general
what kinds of things do you fix,question
is one or two timer a year if i do go on them,statement
is that the only f uh musical,question
f oh okay f um,general
brian inch plano texas how be you doing today,general
think about what you can bargain for sixty dollars,request
d well countenance s confront it,request
they even had somebody portraying ed sullivan,statement
c and i think that s what you re maybe appealing to you too on something like twenty twenty or,statement
f oh it was gracious talking with you overly,general
c and you rotate it one time,request
breathing laughter d so tell me about your home,request
f uh set you want to go leading and start,request
make them do civic obligation whatever,request
you first,request
bye bye music,general
don t go out there and start digging holes f uh,request
good luck in your car buying,general
i m nola,general
what s your favorite thing to cook if you re having a dinner party,question
c or do some of them play the same song,question
c so farad uh sigh d well i farad um i have enjoyed talking with you,general
c and not too much soy sauce,statement
d well what other long range goals do you have besides college,question
c and drain it real expert,request
if it was it would probably have to be a pattern,statement
you do it yourself,question
excuse me just axerophthol minute,request
d well where do you do that,question
c but they f uh got one local and f uh one region,statement
c or do you think there s too much crime now,question
if they want people to recycle i think it s f uh d you know,statement
i i went to a junior college for a couple of years and played baseball and then transferred,statement
c and then when they when they talked to us or when they sent us the letter it f uh lipsmack d you know to get the information and all,statement
you know what i mean laughter,question
is that f uh is is it like f uh a preschool level then or through,question
okay lewis,general
c so d you know really when you look at it they have full coverage,statement
f uh bye bye,general
c and f uh i really enjoy especially the sixties,statement
cholecalciferol well we are though laughter,general
is it on nineteen hundred,general
the only birmingham i could think of was alabama,statement
d well julie f uh are you in a situation where you d soon need to deal with f uh special care for elderly,question
c so we ll talk about that around,request
d well let s talk about air defilement,request
d well i think that s all that we need to say,general
cytosine and so you sprinkle the cheese on top of that,request
had to get out to do something,statement
maybe after awhile i ll rub off on her or something laughter,statement
do you see any out for us,question
laughter what else causes air pollution f um,question
c and f uh as a rule it sounds pretty decent,statement
f oh if you don t have a v c r a we just got one after nine years don t even spend your money on it,request
d you know d like maybe a mile two long,statement
how about ghost,question
put it along the lease,request
not a problem,statement
you beginning,request
the pop up trailer,question
c but viosterol yeah next time you go f uh viosterol you know chit into it,request
coulomb and keep beamish,request
we d do any of your friends have have uh older children that they do anything with,question
do you still keep up with them or someth,question
c and i probably re rebelled against it,statement
there d you know they came from poverty,statement
c and he told us it was a completely new roof,statement
are you going up toward f uh f uh,question
let s example fluorine uh,request
d wellspring take care,general
d so are you going to get into instructing,question
lipsmack c and immediately i ll let you say something laughter,request
we lost a lot of our root things our squash and our potatoes,statement
c but f uh it doesn t take us that long because our our yard is so small,statement
well listen i got to go,general
c because i have lived in utah for d like ten years,statement
e excuse me f uh yeah,general
could i ask you to hold one minute,request
for one person,question
c because i have a cousin whose husband works for hewlett packard,statement
he he likes that,statement
have you been sailing,question
what s your f uh feeling,question
have a vacation in irak for a twelvemonth laughter,request
ye ye yea,general
c but there s a fun there is a place in utah called a funny name,statement
what about you laughter,question
in the future it s even going to be f uh more noticeable and more significant,statement
d soh f uh order me about changes from say twenty years ago since you were an adult twenty years ago,request
i have a sister in law that lives in new mexico up through new mexico and into colorado and the grand canyon area,statement
yea child sing,general
sh let south enounce,request
d well let s hope neither one of us ever has to run into this case we were discussing,general
because if you f uh use drop cloths to cover everything and you use masking tape to trim out f uh all the parts that you don t want to slop over onto you don t have to be quite as precise nearly how you do it,request
thanks sherry,general
i d you know i m tired of hearing about the polls d you know d you know,statement
i isn t,question
c and it s kind of fun to listen to the,statement
breathing farad uh i don t right off,general
how do you dress for work,question
you displace just loose,request
f uh viosterol you know there s a shop in roy that i really love,general
cytosine and maybe we ll get on argument again,general
don liothyronine get me to lying,request
hawaii laugh,general
leave the carapace on them so they won t just roll up,request
d well you can you can tell me axerophthol little bit more about it because i don t think we did that in ut,request
d well then yes,general
breathe laugh d so tell me about your home,request
i ha i,general
do you get f uh a lot of tutoring,question
are you serious,question
d well they get ice,statement
ergocalciferol well i m in graduate educate now,general
c and we stopped at f uh f uh las vegas for a couple of nights and then f uh went into malibu in california over on the coast,statement
sanction fluorine uh,general
i i grew up on a farm,statement
c so what s the difference,question
laughter d well tell me,request
f uh actually i grew up in alabama,statement
you can talk,request
what do you think is,question
f uh have you seen shrimp on the barby,question
whereas it would have been,statement
c and c and getting out into nature and relaxing,statement
i guess we re becoming more of a television oriented nation in that i don t think that f uh my children even read newspapers other than the t v guide section,statement
you mightiness attempt that,request
what if i lose my mind,question
hey mark,request
c so it s between tennis and and bowling,statement
what s the largest fish you ever caught,question
c and my husband came home a home very upset,statement
swallowing yeah,general
put some smart little smart shrimp,request
c but what are you supposed to do with them,question
i don t have any kids,statement
here in texas i know a lot of the pretty much every place here is relatively flat,statement
you arse talk,request
d well what are we going to do about it,question
i mean that s so scary,statement
f uh does califor is california getting rain then,question
c and you you let the chicken you fried genial of drainage so that a lot of the oil comes out of it cough,request
do you are you involved in any engineering drawing stuff that dishes talking,question
c and then f uh the next time i go to the store why i pick it up and fill it up,statement
c and one day i do the aerobics,statement
music hello,general
laughter e i mean don t you think,question
lipsmack can i pick your brain about how you experience rid of those trees,request
laughter that s your favorite,question
c and that s why d you know i m like d okay what s my role in this thing laughter d you know,question
like what,question
i i don t either,statement
c and so that kind of f uh,statement
is it f uh many other corporations in the area,question
f um what kind of hobbies do you have,question
c and they get together,statement
coke and then you you farad uh pour most of the all of the oil out of the pan,request
probably find someone,general
do you use nuskin skin care,question
it s kind of nice to breathing to escort old supporter now you escort,general
d well if we re entertaining we ll do a chinese recipe,statement
where did you go on your last vacation,question
laughter no,general
c but f uh how are your your flowers your little things you planted,question
write first,request
intelligent fleet you f uh you take clams,request
f oh yes,general
get a upright weekend,general
are bases safe you know,question
f uh c and how how do you feel about f uh let s see eye care,question
fluorine um laugh,general
f oh what are their names,question
c and c and is that d like near albany or syracuse,question
c but farad uh then the mi farad uh the cauliflower you,request
good bye clicking music,general
c and then i you re supposed to do chicken,statement
and that that the penalty ought to be out there and be enforced,question
d so i d like to know f um what what do you do in lawn and garden,question
cull out where you lack to live,request
d well that s what we ve got,statement
c but she had no help,question
have y all been having any heat waves or d like the ninety degree,question
perhaps we ll get crossways we ll cross paths again,general
c but have you seen the movie,question
c and d well you do the same,general
pass onward,request
take them out,general
i f uh noise was thinking about salaries and benefits and,question
who s a very good he s a very good arranger,statement
d well we probably have we speak long enough,general
d well how much do you earn on the cans,question
laughter okay then,general
you can t drive a car without bumper sticker,statement
c and snap can you hold on just a second laughter,request
are you a native of there,general
c and there just embody there embody so little such little going on in raleigh d you love,general
d like five pairs of socks and,statement
d well it s been good talking to you,general
well it s kind of strange,statement
to me also our nuclear family is not the same because more people are living together,statement
c and in the earlier years they really had some super teams,statement
c and c and maybe these kids will really resent that their parents are out there working for things,statement
carbon but so we can back up,request
c so that worked out real good,general
d well i painted the outside of my house,statement
welcome to the net,general
f oh that s not bad,general
laughter f oh okay,general
and even that was a rat race,statement
every day,question
put them dupe in thither,request
i think in a good example on the typical thing that happens f uh when the phone rang,statement
c and you put it in,request
there would be some types of crimes for which you re not guaranteed a jury trial,question
d well do you exercise regularly judy,question
c and c and you ll be happy i think in october when the dodgers win,general
d well i can t either,general
c or p c or is it proposed,question
c and maybe we ll get on line again,general
c and this is talking d you know for some reason the way that the reporting is going on now,statement
convey it to ampere logical extreme,request
i never like the f uh,statement
c and then you pour two bottles of beer over it,request
does that make a difference to you,question
it s kind of nice to breathing to see old friends now you see,general
coke just yes,general
thank you motionless,general
c but what about the palestinians,question
blow and soh yeah,general
i ll talk to you later,general
d well i think some of the blame can be placed on plea bargaining and people getting less time and not serving any of the or a lot less of the,statement
c and i i i can t confess to having any substantial knowledge of that sort of thing,statement
coulomb but don t retire laugh,request
is it your your grandma s own sibling,question
do you like f uh like v van halen or anything like that,question
farad ohio huh,general
we were really into that when we got him going to the ranger games,statement
uh huh music,general
don good utter with you,general
i i get i get that experience starting next fall,statement
why have you,question
do you think they should have a jury there,question
f oh he s loved it,statement
excuse it,request
d well i i do f uh f uh programming for c n c turret presses and,statement
d well suffice non tell that to all my friends,request
c so f uh if you re near that mature laughter or you know somebody who follow,request
your views,request
um fine,general
d well throat clearing what else do you serve with your pig,question
thanks,general
c and if i d you know if i didn t use cable for anything else other than the basic d well i can get that for free,statement
d well that s what i m paying on mine now,statement
publish first,request
this is your opportunity to do whatever you want,statement
figures what like those f uh magazines you get through the mail,question
f uh are you f um,question
what do you think going to happen to the rangers,question
c but i do want to get very deeply much more deeply into computer work because obviously the world is going to be controlled,statement
c or gain everything dieting,request
you re welcome,general
you get a guy down the street who comes up f uh carrying a kni,statement
d considerably if your ever in f uh d c come look up wayne sherman you ll say f oh yeah talked to that guy,request
d you know if f uh d you know if it s run by the individual state,statement
you can buy whatsoever you need,request
when i was getting robbed down in florida i was really considering electrifying doors,statement
this is my my gemini nature d you know,statement
you ve got to go see that,request
it was nice sing with you,general
c only then we fire back up,request
you ve got to see it especially since you have ampere german,request
breathing where are you in relation to sevren,question
c and you could walk out the bar with your drink in your hand,statement
go back to that one to tenner scale where one,request
f um there sec a space to look into f um f um,request
i m studying language pathology,general
cholecalciferol well let randomness start with you laughter,request
is he the guy wants to d like deregulate heroin or something,question
d well listen it was good talking with you,general
uh huh,general
c and you d you know,question
striper,general
f um what do you think laughter the major cause of air pollution or at least in the boston areas,question
it s a very sweet dark sort of a purplish plum sauce purplish brown,statement
what do you think about f uh the self insurance business,question
did you replace just the f uh bendix on the chrysler station wagon or the whole starter,question
then again did f um money come into play with it at all,question
f um then then just laughter,request
you power try f uh,request
is that for t i,question
what is that restaurant off of central,question
d now come on let s be realistic,request
c therefore f uh if you re near that age laughter or you know somebody who is,request
d well what do you think of howse who is the coach for the pitchers,question
d so do you is there are you planning to d like encourage your children to go to a particular school,question
you should always have an umbrella permit that bridges your life insurance and your medical and your f uh f uh car insurance in case you run into a lawyer and you break his arm,request
d now how many how many people are in his immediate family,question
saint claude is that sound familiar,question
c and f uh the people that are independent d you know are the ones that don t f uh don t really f uh show up every year because they can t seem to to decide which are the good aspects and which are the bad aspects of a candidate,statement
c and i m just looking at myself holding a gun,statement
uh huh farad um interruption,general
c so f uh what was the last car repair you had,question
c so f uh we re thinking that ll be a lot of fun,statement
i i feel that everyone is everyone is f uh entitled to a trial by jury,statement
c so did you have carpets and stuff,question
f oh c but,general
c so f uh if you re near that age laughter or you know somebody who is,request
c but what what are your,question
uh huh pause,general
what do you like to do in your spare time,question
c so you might f uh think about that,request
i beg your,general
c and f um my husband is a ham radio operator,general
c and then you just set your cauliflower in there,request
c so she brings some money in,statement
yeah clicking,general
c and what do they do with it,question
c so they got turned down,statement
the problem is that it hits the sun hits it,statement
ask them about it,request
d well i am glad you have broken the ice with maine because now i will i will start doing it laughter,general
you have a southern accent,statement
do they require you to presort it,question
d well they get to that stage,statement
d you know after a while you make some stuff,statement
why don t you go initiatory,request
lipsmack yes,general
i know we ve got a good connection,general
c and so we did this in san antonio,statement
c and we re going to brick up the garage to match the house and things like that,statement
yes farad um,general
c and f um have f uh some happy camping trips laughter,general
e excuse maine go leading laughter,request
c and d you know i think they even have a swimming pool,statement
i guess f uh they don triiodothyronine care if we end it early,general
spread it out because you keep the cream cheese kind of fragile,request
c and that way i don t have to worry about being interrupted,statement
right sniff,general
straightaway you can c either use d you know the kind that comes inch the little can,request
c and how do you spell that breed,question
like the cottage industry,statement
c but f uh they have t v s in the break areas,statement
have you ever been up there to boston garden,question
i guess f um d you know,general
e apologize me go forward,request
f um can you f uh hang on again hon,request
as in f uh martini,statement
noise uh huh,general
e i mean this is it,statement
indium biography,general
the guy that used to live next to us in richardson before we moved twelve years ago or whatever he had a sailboat used to park it right in the f uh driveway,statement
use about half the dinero,request
c and then you precisely set your cauliflower in thither,request
you you if you like sports go right ahead with this one,request
f um lipsmack,general
do you f uh run the family budget as far as f uh groceries and that sort of thing,question
what fluorine uh go ahead and tell me about your home laugh,request
c but he got on the elevator,statement
i gathered you might be a teacher,general
child talking okay,general
is it f uh like a retirement center,question
f huh d well you might want to get yourself f uh an animal that doesn t require much attention like a cat,request
d fountainhead enjoyed it,general
f uh f uh it s it s it s nice,statement
f oh real proficient,general
let s talk about college basketball,request
anyway d well you bear a good day,general
okay d well what do you think about the government providing health insurance for everybody,question
d so what sort of car are you interested in getting next,question
c and c and accentuate that to your minor,request
c so f uh d you know let sec let sec stick with that original trust i guess,request
d well i listen to this talk radio station down here,statement
c and you need to look astatine when you if you do decide to go with child care you genuinely need to to look astatine what your options are and and look astatine the what they offer,request
tyke uh huh,general
don t ever drink scotch,request
c and that s kind of helpful,statement
c and it just seems like every couple of years i get back in there laughter,statement
f uh pause what type of f uh utilizations do you make of it,question
pretty hot isn t it in the summer,question
d well it was nice talking with you too craig,general
have you made a lot of calls,question
tell me what are some of the things that you did with your children when they were growing up,question
on likewise then did you see pretty woman,question
c and f uh we ll,general
c but you involve to rent the first unity first,request
me to,general
d like give maine some examples,request
i was about to say you ought to experiment on at least a diminished part of it before you just tackle the whole thing laughter,request
i guess i ll get back to my laundry laugh,request
what program you in,question
c and f um yeah,general
c and you turn it one meter,request
d well get back to what you re doing,general
smell yeah,general
there s a lot of crime,question
let s say your spouse embody on a exceptional drug,request
keep it damp,general
c but f uh they was getting a program set up that for all new hires they was going drug f uh give them drug tests,statement
maine to,general
that s where practically everybody i talked to is from,general
i f uh was just in a supermarket,statement
why don thymine you go first,request
have you ever been to biffin s,question
i enjoyed talking to you too,general
c and yea,general
laughter d well i really can mt think of anything else,general
d well you shouldn t do that,request
hey commemorate,request
d well have you done much camping up in kentucky and and those parts,question
f uh what do you consider an invasion of privacy,question
what do you usually do as far as budgeting,question
what what is,question
go out to the nursing home help guide some craft programs perhaps work on some sigh music programs whatever their talents are,request
what do you call it,question
how you doing howard,general
is that what you feel good about in the news coverage,question
we do a lot of recycling out there,statement
c but f uh have you had any major repairs recently,question
i think that s being damaged f uh,statement
give maine some wonderful advice catherine,request
d well evidence maine about your van,request
d well i think i don t know if we ve done five minutes,general
have a good day now,general
how about your community,question
d well have sulphur start with you laughter,request
c and the guy around the corner is being transferred,statement
i was just about to write a letter when i heard they canceled it,statement
laugh fluorine oh yeah,general
hold it pop a little longer,request
c and extend to f uh lone star,request
c and enjoy enjoy your automobile,general
d well it has been real good talking to you,general
laughter somebody adopt care of me,request
c but it s it s a lot like camping,statement
it s just north of dallas,statement
have you ever served as a juror,question
c but they have the money to be able to do it,statement
f uh are you married,question
c but f uh it s pretty typical for the area as well,statement
sayonara sayonara lecture,general
it s pretty dangerous out there d you know when they fall over,statement
snow and you just keep beating it in,request
d well have you ever visited f um d like los angeles or any place that s ever it s kind of known that it has f uh pollution in it s air,question
lead beforehand,request
do you do you listen to gary cogill,question
i m really from kentucky,statement
laughter you re just going to have to imagine what you would like a profit laughter,request
mighty laughter,general
god it would have been the eighty five layoff,statement
because uh when he was a baby that we did the swimming too,statement
c and i m just not sure that that there s going to be any easy permanent solution,statement
c but most of us don t have the f uh sufficient,statement
uh huh talking,general
f uh c and we re just not set up for that,statement
c or it s always good on top of something in the sandwich,statement
they ve got catalytic converters,statement
you lost your business,question
you want to go ahead and start talking about whether you budget laughter,question
f uh do you ever watch that,question
d well do you think the u s should even be involved e i mean as the world leader in the sense trying to resolve these issues,question
c and then they just sort of do d like a little program or d you know something like that so,statement
you can just light,request
c but what did we do,question
i have little ones,statement
have a vacation in iraq for a year laughter,request
d you fuck let the world train them what to do laughter,request
f uh surround i would say definitely go see that part,request
it s been good talking to you,general
impart me some wisdom catherine laugh,request
c or you d have to pay air fare,statement
i m going to protect my family d you know,statement
is it,question
c or equal you a teacher,general
c and then f uh who knows,question
don t don t follow in any hurry,request
start,request
c and farad uh you put that in,request
laughter do you work during the week f uh outside the home,question
f oh d well does a boar taste just like regular ham,question
what other kinds of f uh dinner parties laughter do you serve,question
what kind of hobbies do you have,question
i i i accept talked long enough,general
d well it was secure talking to you then,general
c and then you take and f uh lipsmack cover that with drained crab meat mix with one of the small bottles of chili sauce and spread it over the top and spread it on triscuits crackers,request
i like to run about f oh about two two and a half miles,statement
c but beyond that f uh lately i ve been reading,statement
c and f uh calciferol you know make my annual pilgrimage to the lone star brewery,request
f ohio conk,general
did you see the great barrier reef and and go snorkeling,question
f uh laughter yeah,general
c and d you know i see a lot of differences but from one group to the next d you know about who gets it and who doesn t get it d you know,statement
f oh hurtle,general
c and you put it on a platter,request
at least i don t think so laughter,statement
you you call that number,request
f ohio f ohio laughter,general
do you backpack or hike,question
west texan,statement
c but what what what are the steps,question
my mom likes d like f uh doris day d you know,statement
i haven t had any actual real life experience,statement
don t they pro,question
c but f uh d you know find out when they are holding pause the petroleum fair f uh,request
assume good talking with you,general
do you ever go for steak just a steak and potato and salad bar that kind of thing,question
i m glad you re not laughter,general
go inward the early hr,request
c and f uh keep your idea off of negative things,request
can i guess your favorite team if you had one might be the steelers,question
my last g m car was a seventy chevy station wagon,statement
d so now what are your opinions on recycling,question
would you say that you have a fav,question
throat clearing if if you need to f uh f uh really get into a hot issue f uh,request
c so you make it f uh to that longhorns sooners game,question
children yeah,general
c so f uh d anyway d well it s good to hear from you,general
let s cut forth,request
squeamish lecture to you linda,general
c and it s funny,statement
c and f uh give it a try,general
f um i haven t wasn t really aware that she had written anything for f um adults,statement
i i had a i had a program due,statement
what who are you with,question
don t get me to lying,request
i f um i i have both because that that s what i use all the time is unix systems f um versus the dos,statement
we are substantially north of new york enough that f uh,statement
i still wish they could do more with the cancer situation though,statement
you cannot,statement
f uh what do you want to concentrate on,question
c and others of them f um had an impact on the society around here,statement
c but that s laughter that s what the point we ve reached,statement
f uh laughter,general
alright,general
c and that was e i mean that was the killer,statement
well i guess that s about five minutes,general
judge that,request
just a moment honk,request
c and f uh you put that indium,request
thank you much,general
how much of your resource should you dedicate to f uh making things work for others,question
be sure to view it tomorrow dark,request
f uh two thousand and ten was far better,statement
if i were you i would receive the greatest stumble album,request
it s sort of a a rare select environment,statement
c or ha has crime increased,question
latex paint,question
c and they could f uh they could get in pretty easy and and especially f uh since there are bedrooms upstairs,statement
c and they shell it as they eat it,statement
you ve become to expire see that,request
you think,general
c and c and we do a lot of that on the weekends d you know,statement
c or you can set up your work program and your husband s so that one of you is thither all the time,request
blow but you really postulate to see that movie,request
c and you don t know what they re there for d you know when they re coming how long they re going to be,statement
f um what kind of what kind of,question
you need to put that on there seriously,request
if you don t have bars on the window you re not even safe d you know,statement
c and so you have it simmer,request
cholecalciferol well i guess then i will go,request
d so are you happy with what you are doing now,question
c and don thymine spend any money this weekend laughter,general
let s say your spouse is on a particular drug,request
they publish it every single day,statement
c or is that what your into,question
c and f uh it s taking up so much of his time and so much of his thought that he really has,statement
are you at home now,question
f uh f uh let s see d well name some people that are country that i should listen to pause,request
especially when they re in school i think they would get a lot out of it,statement
c and that we were worried that they were getting dug in,statement
c but f uh put all the glass in one place and plastics like milk lag f uh orange succus lag things like that,request
have you just recently moved to charlotte,question
do you think that t v is f uh pretty accurate,question
you want to start,request
what kind of things do you like to do in your spare time,question
what is the woman s name whose us not the mayor but the typo should be who s,question
f uh tv,general
correct laugh,general
c and if you expose you wish it then you can always upscale,request
d well good luck with the the novel kid,general
laughter d well i i just last friday got off a capital murder case,statement
f oh don t glucinium touch,request
order me your name again,request
c but when they re three years old they re,statement
they went from eleven to fifteen hundred,statement
d sure you re receive,general
d well d basically f uh did you deficiency to go foremost then,request
she started working,statement
i live on one of tho that little ten mile spot,statement
c so we decided we ll try in a couple of years,general
haven t either,statement
c and it s a private academy,statement
they got the forms in force,request
laurie all right honk,general
d well how d you learn to do that,question
d all right i guess we might as well end our conversation at this point,request
carbon and you put back maybe two tablespoons full of the oil and saute some f um bell peppers and onions in in that little bit of oil,request
c and f uh good bye,general
d well when you buy d like f uh canned drinks and stuff like that do they charge you for the deposit,question
barely think of the money they could save,request
c and i hope i ve,general
d well it s been nice talking with you,general
c or you sneak out in the morning after daylight savings time starts and with your cup of coffee and see if it has grown overnight,statement
i m i m intrigued by it,statement
f uh do you also get dental,question
blow and you extend it,request
noise someone is walking yeah,general
let them masses whirl,request
c because d actually f um when i was in college i visited mexico several times,statement
upwards here,general
c or would,question
if you if you if you re not buying the most expensive clothes out there the the quality is really not that great d you know for the price that you pay,statement
do you do you test each individual one,question
go taboo and steal one now,request
it was it was axerophthol pleasure chatting with you,general
do you have pets,question
c or is it passed,question
i i guess d you know i d alike you to perhaps express something here,request
c but it works great now that we ve got it,statement
we ve comprise talking for amp little bit,general
c so who do you work for,question
you go start,request
how many miles on it,question
c and i think d you know,general
it seems like we are doing it here forever,statement
f oh what kind is it,question
d well i think they waste what we pay,statement
farad huh yes,general
okay john,general
good bye talking,general
do you like rap music,question
did puppy go to,question
c but if you build computer systems d like d well d you know what does that computer program really do d you know or especially if you write d like papers d you know,question
f um there s a place to look into f um f um,request
c so do you have to get a shade tolerant grass,question
smack yeah,general
countenance them get,request
how long does it keep,question
d so f uh do you own a p c,question
make sure you smack him around then laughter,request
you are,general
c but f uh c so yeah,general
laugh yea laugh,general
i ve got another line calling,general
f ohio quality ok,general
have you ever lived in a country where they use metric,question
c but they don t have to pay all the taxes and so forth that we do,statement
in building which building,question
f uh though it tended to be a little one sided,statement
c and they have all these teams from,statement
c so do you have a big family,question
i wonder about those things d you know or even if it s d you know,statement
what part of dallas are you from,question
lipsmack yes,general
how about mister rogers,question
c and have a good afternoon,general
just get it out ergocalciferol you know,request
i m home at three o clock when the children are at home,statement
c and i went to see the movie the doors a couple of days ago,statement
are they a hard worm,question
ergocalciferol anyway identical faintly,general
c and so alright,general
d so f uh what are your what are your thoughts on the subject there,question
fluorine huh yes,general
c and then drainage off entirely the grease,request
d now was this his entire family cousins aunts uncles,question
c and i ve pretty much been home f uh since brian was born,statement
yes f um,general
e i mean c and it it might be something that he wouldn t be able to control,statement
i know that s how i am about xanadu,statement
c but when you were growing up and they weren t and the younger ones weren t around what did you do,question
f ohio i like to think about that,request
c and they had it in front of wal mart,statement
c and think how fat she is,request
right,general
was was that the the better paper,question
we ll do it,general
d comfortably it was nice to meet you,general
this was his american film debut,statement
you could glucinium responsible for that yourself,request
there s there s no easy,statement
c but dogs seem to be always in the mood,statement
get the computers out,request
yeah very faintly,general
f uh how do you feel about taxes,question
bye bye clicking phone clicks hanging up,general
i know that a lot of times they ask for information that they don t really need,statement
both my mother s parents and my father s parents were immigrants,statement
have you ever been there,question
is it a miniature or a standard schnauzer,question
it s good to talk to you too,general
c and that s one of the arguments that the third world countries have been using is that basically they don t want to have to pay for our mistakes laughter if if that makes any sense,statement
you feel like you re in the minority,question
d like give me some exemplar,request
all righty,general
f ohio all correct,general
c and do you and your wife have a budget plan for your finances,question
think some fluorine uh taxes,request
ohio pharynx clearing,general
d so what do you do,question
laugh don t inquire me,request
f huh right,general
laughter really child,general
d so have you ever served on a jury,question
d so d well listen so,general
f um i believe that all the language is as shakespeare wrote it except it s been shortened a little bit,statement
make adenine make adenine few,request
c and i believe we ll see a lot more c e o s in companies,statement
your your turn,request
c so how,question
c and clicking can you hold on just a second laughter,request
you probably don t desire to take them to see hush of the lambs,request
you really should go to europe,request
c and i thought d wow that might be interesting,statement
c so how old is your retriever,question
hi norma,general
knack them,request
wholly rightie,general
c and i work in a situation like that,statement
f uh i made scallops the other night,statement
c and unity went to u v angstrom,general
c but you go ahead now laughter,request
do you have any mountains nearby,question
f uh c and in texas there is there is a couple of questions you have to ask f uh in the punishment phase,statement
just don t mind me if ace bounce back and off,request
faint uh huh,general
rent s hear about your hobbies,request
e i mean what s the other one f uh c b s,question
what kind of cat is it,question
d well good to talk to you,general
what do you teach what grade,question
they come up real pretty,statement
d well let s not talk nigh that laugh,request
d well d basically f uh did you want to whirl first then,request
that s something do to you d like to get up in mountains two utts,question
is that true,question
are you in the part of town where f uh they have gotten into the other containers yet for recycling,question
d well back back to this see matter,request
it s a real it is a real nice facility,statement
c and this person s teaching my children,question
c and f uh what are majoring in,question
one block to,general
a lack of understanding how that could be in the sense that how could america have gone from being number one to possibly being number two,question
c and fluorine um yea,general
you should be careful laugh,request
c because then h how do they pattern their own,question
d well i was just essay to form an introduction here laughter,request
coke and f uh you look at their companionship,request
good luck in school,general
took it back,statement
c and f uh i just decided i had to do that i think in part because it was easy for me to become addicted to it,statement
let s see how about f uh man from uncle,question
breathing okay,general
that s the last thing you want,statement
the day goes by,general
don t lease that stop you laugh,request
how many do you have,question
c and yet for whatever reason f um his crime was not considered a capital crime,statement
and i think you know it should be more of a thing that s based upon someone s intent you know,statement
where s that,question
d well let s look it,request
can t you get records through that or something recordings,question
c but don t retire laughter,request
c and no lead gas was came to the pumps,statement
i just get aggravated about it,statement
d well i m f uh i m a second lieutenant in the air force,statement
f um c and i think that all that information is quite easy for anyone to get,statement
can you do that,question
f um in terms of the credit,statement
d well really,general
c but d you know i got it that far,statement
keep on watching those movies farad huh,request
d well what have you seen,question
how how about you,question
could you hold on for just a moment,request
c so that is something you might restrain your eyes open for,request
hello,general
i know they put f uh put them in jail sometimes i guess f uh,statement
you re probably a veteran laughter,general
cholecalciferol well i was just trying to make an instauration here laughter,request
i keep saying we need to have one,statement
i m not sure though when we talk about what rules if any that we should say d well certain segments should not have to be tested,statement
it s more interesting than the treadmill and the bicycle,statement
this is the first one in a week or so,general
in the way that it s applied,question
noise f oh really,general
do the people say,question
d so the topic is vacations,question
is that what that,question
c so has it been getting worse that you noticed or,question
yea hesitate,general
breathing f uh i don t right off,general
he was just having an affair on his wife,question
is that where you are at,general
c and then you take tenner pct of it,request
you were you were more ambitious than they would let you be,question
c so wherefore don t you explain to me some good tips about what you ve done which you ve found useful and workable,request
they were starting to f uh accuse her of of of f uh crimes and atrocities before the the revolution and and had her write her own story over and over and over,statement
music uh huh,general
d well it was nice talking to you too jim,general
d well good talking to you too,general
c and f uh c so i think f uh d you know the f uh embargo we placed on the f uh on the russian jews although we of f uh spent years and years f uh lobbying for their release and their ability to f um immigrate from russia,statement
interference yes,general
did it work,question
c and how old are your kids,question
suppose they get saddam hussein which they eventually will,question
f um i had a friend who went to colombia,statement
f oh okay f uh,general
viosterol intimately it s good talking to you,general
what ideas do you have on that doug,question
what was the last book you read,question
f uh have you seen pretty woman,question
that that maybe true,general
f um yeah,general
c and then f uh c so i m my opinion i think there s a big concern,statement
carbon and yeah,general
d well throat clearing what do you think about nolan ryan being the first baseball player to earn a million dollars,question
are you familiar with what a serger is f uh the serger sewing machine,question
uh huh nipper crying,general
maybe we ought to upright start carving in stone again,request
d well do not tell that to all my friends,request
is she kind of country,question
f uh do you deficiency to go ahead and start,request
f um f um f oh yeah,general
you have got to see at least once,request
c but a lot of time i a lot of cases f uh is circumstantial evidence that that convicts a person which i don t think is all the time good because sometimes it s hard to get all the facts and to prove a person innocent e i mean prove a person guilty if you don t really know or you don t really have an eyewitness,statement
thank you for yell,general
must be a f uh t i connection,general
just amp irregular,request
mix up ampere little f uh mayonnaise with roughly dijon mustard,request
is that is that the dodge caravan,question
c because in society a lot of people are taking drugs,statement
it represent prissy talking to you also,general
you re just,statement
f oh c and what does that consist of,question
i would just encourage you to do a little traveling though before you get splice,request
c and then the girls,statement
d well it wa good talking to you too,general
how do you like it down there in texas,question
c merely look who she was running against d you know laughter,request
belonging to a group is the belonging to a health group is probably the most important protection you can have after you,statement
c and think how rich she is,request
it was nice talking with you,general
you think you d you think you d f uh go up in space if you had a chance,question
c and c and really it s they re a lot better than what i get in the restaurant laughter,statement
c and fluorine uh you just set it in thither,request
both both in terms in ram as well as f uh d you know standard,statement
d you know noise really,general
would you like four doors,question
i just just a housewife,general
f oh that,general
calciferol well it s been very nice peach with you,general
the only thing is,statement
c or do they fire them right away,question
c and if you re trying to hold out d you know there s so much pressure on you,statement
d well d now have they moved them behind wal mart,question
i really appreciate it,general
it was it was a pleasure chatting with you,general
f oh there you go okay,general
it voice expert,general
f oh don t made any excuses for him laughter,request
is that a tough system to be in,question
wherefore don t you live ahead and say what you feel,request
hold a lovely daylight,general
c and it d you know,statement
i i think our seven year old even e once in a while will sit down and watch it,statement
c and you f uh cast about two tablespoons of f uh water into this bowl and about an eighth a teaspoonful of salt,request
c and you kind of clean it out,request
i would just love to just drive through the united states and stop and see people i know,statement
i guess we d better go because our time looks like it s about up,general
have a good lif,general
snow or scarcely,general
f oh f uh where is that at,question
c but f uh put all the glass inward one place and plastic like milk jugs f uh orange juice jugs things like that,request
c because he tried to say,statement
yeah atmospherics,general
you can buy whatsoever you require,request
carbon and you redact a little bit of that over it,request
i can t really see that,statement
you go beginning,request
we he wanted to get into a mennonite nursing home which is very popular and hard to get into and had d like a ten year waiting list,statement
oh laughter,general
d well f um thanks for hearing me rap i guess laughter,general
c and then they actually f uh,statement
c and it s hard enough to find good packing boxes,statement
i i give me cyanide,request
c because there s everything in it,statement
c and so we pay ten percent,statement
tobogganing,request
f um have you ever been involved in any trials,question
you you offset eventide,request
let s see do you do it as a task,question
sniffing f uh yeah,general
they may be able to to give the resources that s needed to f uh to do a good job,statement
i ve enjoyed it laugh,general
you me too,general
it s what do you do with the information,question
f um right,general
what line of work are you in,question
that s one problem with the the nursing home environment,statement
i d yeah i tend to think the repeal system for the death penalty is a little little too lenient,statement
okeh doke,general
c and they f uh f uh i wonder how the ancestors of this warlike tribe if they were offended by the film,question
c but d now did you use to not feel so badly because you could take it off your income tax,question
have you ever used those,question
you have got to ride thrifty,request
how much does uh planting more trees and things like that help,question
f oh no problem,general
how long has it been since you ve had one,question
you might learn a look astatine them,request
very faint fluorine oh sniff all right sniff,general
cytosine and think what what s it going to be like for my my youngest an my oldest son when he goes to school,request
f oh is that the one with that s he s starring in,question
c so i guess i ve done probably f uh i d say seven or octet of them,general
noise talking oh,general
f uh iodine see,general
now when when was this,question
c or is it pretty much isolated,question
f uh border i would say definitely go envision that part,request
if ta it s winding down or what,general
c and i know just like anybody else how much fun it is to drive,statement
have a good day,general
we haven t been there before,statement
go good talking to you,general
bye bye noise phone receiver noise water running,general
c and you put back maybe two tablespoons full of the crude and saute some f um bell peppers and onions in in that little burn of crude,request
have you ever had it f uh crack or break or leak,question
the other one you indigence to go see is sleeping with the opposition,request
f oh laughter yeah sniffing,general
or just a by an innocent bystander or somebody got actually beat to death or what,question
oh yeah,general
c and we go up there fairly often throat clearing,statement
you spent that much on your dresses,question
no very faint,general
f oh you can,question
let them go and yield their crime or their time doing something else,request
d well listen i enjoyed talking with you,general
baby crying yea,general
go backrest to that unity to ten scale where unity,request
do you enjoy working with your car,question
utilize the greens if you get them when they re young and tender d you know before they have raise too,request
is it registered,question
very faint f oh yeah,general
f oh d well what do you do with your seventh grader,question
you really think cars contribute a lot now that they ve taken lead out of gas,question
we did not know what to do about it,statement
d well it might cost a good time for you to cost to to start a tradition,request
c and thusly we could we could talk about f uh that path d you know how important you think his benefits are and and and f uh how important you think they are and if what would you like to see increased,request
d considerably relish it,general
seriously,statement
good sniff,general
c and f um they re past this they ve been latchkey children for a while,statement
w which one have you got right now,question
d you know laughter,question
you might put some d like some yellow catfish inward there,request
calciferol well really,general
static f oh really,general
c and f uh we ve had him about four years now,statement
uh proceed forward,request
c and f uh you look astatine their society,request
stick on the bailiwick,request
how did,question
you involve to put that on there badly,request
d well f uh what kind of recycling do you have in your area,question
they re very light weight,statement
snow and f uh i ll consume to check out that book you,general
like wat,question
c but f uh yeah,general
we actually live in two different places right now because she has her job,statement
f oh okay sniffing,general
we had eight boys and one girl,statement
c and they ve got to do more than just having having cops there,statement
d huh,general
as you start putting lots of little kids together the infection rates that go around hum,statement
sledding that is what you birth got to do,request
i probably better let you get back to work,general
c and one of the things we were told is d like they had eleven thousand harm missiles which t i is the sole supplier for,statement
f um they don t even have a direction to give their their time to,statement
hang on merely a second,request
have you ever fished off the pier,question
anything,general
d well i ve got some kids out on the trampoline i need to go look and see what they re doing,general
c and one of my children is f uh also a musician,statement
c so d you know there they don t take up much storage space,statement
f oh d really i i i,general
d well what do you put in it,question
c or have you,question
f uh how do you feel about it,question
d well i would have to agree with you if there are circumstances like that f uh around f uh,statement
d now do you actually follow a budget,question
c and one of those is on it kind of inspires me,statement
f oh that s d yeah that s okay,general
coulomb so you power f uh think about that,request
i hadn t f uh hadn t not draw any calls here in the last f uh,general
collapse maine some wonderful advice catherine,request
what kind do you have,question
have you heard of it,question
yeah pause breathing,general
they ve been a big drive in especially in the seventies to return back to the basics,statement
c and you put back maybe two tablespoons full of the oil and saute some f um bell peppers and onions in in that little bit of oil,request
my god i think it would be next year is what i d read,statement
does she have to pay to have it refinanced,question
could you sustain on for just a moment,request
d well let s talk astir air pollution,request
i don t d you know,statement
c and f um d you experience have a proficient business trip,general
just favourite,general
f uh anyway i know here in here in plano some of the things that we do are f um kroger,statement
we ll set it,general
c but d you know we worked something out because he was kind of apologetic that it took so long,statement
do you listen to d like that really heavy metal stuff,question
fluorine ohio yea,general
nancy,statement
c and you ve got to admit that congress does kind of look at things that way,request
c or do you f uh have a lot of people come in and have to prepare for them,question
c but you turn ahead now laugh,request
i need it too,statement
everyone coming in f uh goes through the drug baby crying testing procedure,statement
just get it out d you know,request
t i is at least,statement
c so what do you think about it,question
farad uh learn out,request
d well f uh i f uh yeah,general
i got to go to class now,general
hey steve,general
lipsmack can i nibble your einstein about how you got rid of those trees,request
no laughter,general
do they put two or three week breaks between,question
induce a overnice summer,general
bye d now,general
d well i have enjoyed talking to you likewise,general
why don t you tell me about yours,request
f oh f um what do you do,question
bye kay,general
c and farad uh you order that in,request
is that a big thick book,question
yes dissonance,general
c but they probably won t because next week the kids have school vacation,statement
right music noise,general
yeah farad um noise,general
c and c and someone s got to do it and be able to do it right,statement
f um assure me some about your camping receive carolyn,request
c and i i mow it f uh d you know with a mulch mower so the the particles fall down,statement
c so if you ever go in a restaurant order crawfish,request
century and fluorine uh i ve always lived down here in the south,general
you take care up there,general
talking right,general
very little e i mean,statement
back to your movie you regard that ten thousand,request
rent s do i,request
c and livelihood your intellect on positive things,request
d you know they re supposed to be regulated because we have a we have a plant i don t know about t i but we have a plant f uh a pillsbury plant,statement
it was going to make such a mess,statement
we ll i ll talk to you,general
go back to that one to tenner scale where one,request
tell me almost your cat,request
isn t that interesting,question
ane m sandy,general
and i don t know why they don t look at these things the first time around,statement
c and c and f uh it will come back to haunt us,statement
just a consequence honk,request
what do you think about that,question
it equal not,general
now tell me what you bear from the mavericks this year,request
hang on merely a second,request
f uh do you ever ride a bike or anything like that,question
c but anyhow d well i guess i acquire t take up more of your ti,general
prissy talking to you nowadays,general
d well you know why,question
d well kim e i mean didn t the cowboys even finish,question
a lot of vibration,statement
c and like i said we always ate beef and f uh pork,statement
c so don t worry about it,request
she rides english and does jumping takes lesson and all that kind of stuff,statement
that wouldn t be so bad,statement
you to,general
f oh d well,general
have you ever used do you use wordperfect ever have you ever used wordperfect,question
you know we ve had a lot of the jewish people,statement
c and he couldn t be tried again,statement
c so f uh lipsmack d anyway it was nice talking to you dudley,general
c because isn t it pretty much everywhere in the world,question
you operate beforehand,request
c or did you have someone,question
c and good luck with those kids,general
should judges be elected or appointed,question
what is the best advice of mothering that you know laughter,question
it kind of gives you the whole story or more of the story,statement
on that same topic have you ever read anything about d you know the amelia earhart story whatever happened with her,question
c but you decidedly need to go to hawaii,request
f uh d you know d well we re talking like north texas,statement
i ve had a par and a birdie,statement
laughter f oh really,general
i i don t think i ever would have had what it would take to work full time and raise a family,statement
c and tell him to take you thither for your anniversary,request
reduce the violence in the prisons,request
c and f uh c so i don t i just don t like anything that i can t figure out why it doesn t work laughter,statement
d well d well i ve enjoyed peach to you,general
c and then throw them in with the rest of your salad sometimes,request
c but i don t know much about camping in texas,statement
what s the new criteria f huh,question
does california have a,question
i ll permit you commencement this time,request
f um are you f uh are are have you have you been singing a long time,question
c and some of them were disastrous,statement
d well you have a nice day,general
d well i m the kind of cook that i don t normally measure things,statement
c and farad uh anyhow farad uh you take farad uh adenine couple of farad uh cups of bisquick,request
d so how do you go,question
our only problem with our schnauzer she s an indoor dog throat clearing,statement
c so it s not not a real functional situation anyway,statement
you guys have a good time keep those printers coming,general
c so did did ryder get out of the business,question
e i mean d well think about how many automobiles there are,question
uh huh inhaling,general
hundred and narrate him to take you there for your anniversary,request
c but there were some things that people brought up like d well what happens if they they get a false positive d you know what recourse do you have,question
century and you put that in thither,request
enj enjoying it laughter,general
c and then the painting took another day,statement
f um is there anything,question
c and f uh thank you for your time,general
how how old are they,question
einsteinium excuse me go beforehand laughter,request
now recount me what you expect from the mavericks this year,request
c and norma it is only wonderful to verbalize to you,general
d well i guess i d better close now so i can,general
what about you you a,question
sounds same it,general
coke but viosterol anyway it was nice to talk to you and f uh sort of meet you,general
it was a joy in talking with you,general
very nice talking to you besides,general
d so did it burn coal,question
we just we moved here f uh i from the i got a summons jury summons,statement
c and f uh it s it has hurt us a lot,statement
is that better,question
c but the cat would be on the back of the sofa,statement
ergocalciferol so ace ve enjoyed talking to you,general
c so what movies have you seen lately,question
c but somewhere we ve got to come up with some money to build to build more,statement
c and f uh the f uh f uh the one with jody foster did you see it,question
c but i don t think that the jury ought to be the ones picking the punishment,statement
at williams,question
c and it was it was awful to hear what d you know what some of these people really went through,statement
c and the retirement is more important,statement
f oh right noise,general
e i mean you can enjoin him from me,request
f um what s your situation,question
c and you put back maybe two tablespoons full of the oil and saute some f um bell peppers and onions inward inward that little act of oil,request
i am i do computer work,statement
did you go to baylor,question
c and then it got wrecked,statement
amy how are you doing today,general
can you hold on unity second,request
can you concur ringing on just a s,request
wh why do you think that it s less close than it used to be,question
brawl trust god because i don t know tike are a blessing,request
laugh then you sire to get him to,request
what do you all do,question
d so tell me the death time you went for a boat ride,request
how is your what is your feeling about f uh f uh expressing yourself by burning the american flag,question
where are you calling from away the fashion texas,general
go onwards you first laugh,request
c and you let it come to adenine boil again,request
c so what are you going to get it off with if you get it on and it s dried,question
calciferol so it s nice to talk with you,general
d so c and my wife played flute in high school,statement
been dainty talking to you,general
rustle yea,general
laughter bye bye now,general
four bedrooms,question
noise yeah,general
c and probably f uh we ll see more females in political roles,statement
yeah baby weeping,general
d good you shouldn t do that,request
what do you use to keep from sliding off that rascal,question
d well you haven t told me f uh what sports that you are active in,request
d well let s originate with you laughter,request
smell static f oh yeah,general
laughter somebody have care of me,request
tell maine about your clubs up thither,request
f uh do you have any idea f uh,question
f ohio assume t say that,request
d well what particularly are you interested in,question
c and i m i m down in the the central,statement
sh lease s say,request
d well how old are you,question
c or how about brian adams,question
we re pushing real hard though,statement
f oh iodine see what you re saying,general
jay where do you live in texas,question
rent s talk about the middle east situation,request
laughter really,general
c and then the women change around them,statement
fluorine oh ergocalciferol laughter,general
if it was in repeats,statement
ace ve enjoyed talking to you,general
laugh d well i ve enjoyed blab with you,general
i glance at it,statement
okay f oh,general
you know what am i trying to say,question
i cost sure i will,general
have you have you ever done anything at all,question
d well it was nice to meet you,general
at first d you know they seemed to be upset,statement
d well both times,question
d well i i certainly hope so,statement
fluorine oh travel ahead,request
what do you do with your credit cards,question
c and i found that i really didn t have time at home since i work to read them,statement
you ve got to go meet that,request
d so f uh do you want to start first,request
you you bid that numerate,request
laughter thanks,general
c and there precisely was there was so little such little going on in raleigh d you know,general
it s good speak to you,general
how do you feel about,question
do you remember,question
sure get ahead,request
what what for instance what are you,question
c but f uh f uh thank god for small favors the f uh f uh,request
they can t agree on anything,statement
what kind of,question
in fact my mom s out there in texas right now in dallas spending a month with her cousins on their ranch,statement
c and then you serve it with meld butter,request
is that is that true for for atlanta,question
where are you from,question
one of the f uh commentators said that they expected that the bulls would f uh if they continued at their current pace f uh set an n b a record for seventy wins in a season,statement
c but he goes out people,statement
d well what f uh what things do you consider when you buy a car,question
c but f uh c so this f uh french i guess are into the slapsti,statement
c but i just haven t fit it into my schedule yet,statement
d well how do you feel about capital punishment,question
do you have a lot of land,question
start prosecute they,request
farad uh watch out,request
laughter d so f uh were were the f uh sentences that the judge handed out what you thought to be fair,question
is there anything else that you would like to,general
what about when when would people do it when they finished high school,question
d well f uh guess it s logical to ask do you exercise any,question
c and how are they supposed to d you know teach their kids that are coming up d you know what s going on,question
c and commit them all in a place,request
go to wreak for u thyroxin,request
c and f uh they have jobs out on d you know bulletin boards so people know what is open for an apprentices in different fields,statement
i think when they open the show up they give you two different views of dallas,statement
c but it made it so much easier to travel,statement
viosterol no you tell me how you feel almost,request
c or c or peradventure just exercise at home,request
c and usually it ll do pretty well,statement
f uh i guess that s the whole u s concept,statement
d now d like who s got that extra two and a quarter laughter,question
c but that s not really providing you news,statement
f huh d well you might want to get yourself f uh an animal that doesn t want practically attention like a cat,request
uh huh sing,general
d well listen they ve f uh they ve make this one,request
c but iodine grew up right here in drop church right outside d c,general
yea bag,general
you rear talk,request
i m trying to think of the name,general
f oh you ve got to see that one,request
d so fluorine uh practise you want to start first,request
d like i i know that d you know breakfast we would d you know we d have these big breakfasts cooked over this little coleman,statement
uh uh,general
c so fail ahead and say laugh,request
c but i ll probably go back to buying them because i don t care to lease them laughter,statement
you ought to rent the fluorine uh fluorine adam part one,request
c so it s like how can you,question
f um okay,general
d well do you do anything el,question
f uh i f uh have worked at texas instruments,statement
good housekeeping is the one that kind of sets around for when f uh when i m really have time and i really want to read something d you know,statement
f um c so have you had any adventures on your camping trips with encounters with wild animals or anything like that,question
c but i think f uh if i had to personally put one of my parents in a nursing home they would have to be pretty bad off to where i couldn t take care of them at all,statement
have you ever had any injuries from jogging,question
f uh the the attitude of the staff as you said is really,statement
it is not d like a farm that he has somebody else run for him or something like that,statement
are you working right now anywhere,question
c but it s hardly kind of like get on the telephony,request
f oh you knew of the child talking homes d then,question
is that on what chan what station,question
d well you haven t told me farad uh what sports that you are active in,request
f um i got him,statement
d so i guess it wouldn t be sand,statement
laughter truly tyke,general
c and so f uh i think i probably would consider that a hobby,statement
c but f uh they re starting to change that out in the last couple of years too,statement
do you have a rural house or what do you have,question
d well his favorite night is monday night,statement
i think one of the positive things e i mean one of the things that can come out of f uh is not just di discipline okay,statement
maintain expire,request
uh huh baby crying,general
instead of d like yarn,statement
f oh c and if you try to get it outside of your corporation you re going to pay an arm and a leg,statement
what are you hoping for a boy or a girl,question
f um i see,general
does your son work for t i,question
which f uh which university,question
clicking yeah,general
have you started exercising at home,question
c and i would never do that,statement
i m home now,general
c and see if it fluorine uh,request
lipsmack yes,general
laughter huh uh,general
throat clearing yeah,general
you cook the rice before you put it in,question
f uh it it s kind of when you think back of the old politics where a dirt farmer f uh,statement
c only go ahead,request
c and they re both boys,statement
it certainly does,statement
c and then when we eventually when we have kids,statement
e i tight i i would recommend you depend at that book,request
no banter,general
laughter baby crying whole properly,general
c and then you f uh mix flour and axerophthol cup of water mayhap f uh one tablespoon of flour and axerophthol cup of water,request
how did you what did you do,question
c and so they were never allowed in the house d you know,statement
it s been axerophthol pleasance talking with you,general
d advantageously tell me about your van,request
now l let me inquire you this,request
what would we like to say laughter,question
were you all transferred,question
write that ace down,request
at where,question
it was good talking to you too,general
what do you think of movies in general,question
i designed it from scratch and did it,statement
f ohio you ought to try approximately crawfish,request
where s some reference to this goddamn state of texas and the role that they played either leading up to or in the civil war,question
c so f uh if you were to buy a new car now a brand new car what would you look for,question
e i mean they were terrible,statement
is it programming related,question
uh huh breathing t v,general
c and i ll take my lukewarm milk and put it in the cornstarch and beat it good,statement
c so f uh viosterol you know let s let s stick with that original trust i guess,request
c and d see that s my only problem with f uh,statement
c so i think he s in a pretty awkward position now,statement
yeah breathing,general
does it have a big ten football team,question
c and i thou calling calling from plano tx,general
on your commodore,general
c and it was running three nights a week,statement
invite invite the boss over,request
that make don t make that kind of money,statement
okay laughter f uh,general
do you know offhand,question
it s a very low way of living,statement
do you know my grandparents live in durant,question
c but i ve enjoyed talking to you,general
you look at the united states,request
you mean that you put on a truck or what,question
assume t overcook it though,request
gallic yeah,general
who are you,question
is it a pac ten school d you know,question
oh sounds like typing noises in background,general
what are you all trying to do long term,question
throat clearing really,general
c and one woman had four children,statement
does your daughter know what she d like to do,question
c and also d you know you you feel more like d you know you re actually part of the community if you ve done something,statement
don thyroxin answer your phone hello,request
enjoyed talking to you,general
laughter d well do don thyroxin always get one for a pet,request
when you f uh exercise what do you do,question
put it to sleep d you cognise,request
f oh f uh laughter,general
c and i think it s by someone named chang,statement
doesn t this doesn t this encourage,question
just sun exposure,question
d well do you see that there s a big problem with electronic things,question
c and the other one was in for f uh life imprisonment,statement
c and we used to go just every weekend just to look at houses for no reason we weren t buying one every weekend but just to look at them,statement
f oh you will have to go on one,request
c and i hope you enjoy some more good movies late,general
c and i think we both listed an experience laugh,general
d well you ought to number to north carolina,request
d well have you ever thought about coming to louisiana d you know to visit,question
f oh can you can you hold on for just ampere minute,request
c simply look at their war,request
sniffing uh huh,general
i hope so laughter,general
c and then it doesn t,statement
you do run in,question
so did i,general
go rightfield forward,request
you sew the bodies and everything,question
just a moment beep,request
when did you live there,question
a answers the other line long pause hello sir clicking a comes back to speaker b,general
c and how many administrators is that going to take,question
i think the i r s is f uh just too powerful,statement
c and they keep themselves clean,statement
c and f uh that s not the idea,statement
what s what s what s your mother cooking for christmas talking,question
c but i don t know what do you think some of the long term repercussions might be,question
coulomb so lease s make it a good one,request
inhaling uh huh,general
f oh quality okay,general
what was d no wait about the liquor,question
lucille i m on on,statement
scarce go to the bike shock bi bike shop and foot it up,request
we decided this year,statement
have play represent tennis,general
sound fading you fluorine uh you take dollar,request
c but i ve never tried it,statement
what do you think about that subject,question
just rent him love himself laughter,request
d you know it it s taking time,general
i don t think y i don t think it s right to just put someone in it,statement
c and f uh i was ready to get rid of it laughter two months after i bought it,statement
breathing laughter okay,general
c but do you actually watch it,question
c and so you charter it out of the fat,request
noise voice like child s record hi,general
it would be an interesting it would be even more interesting you you to be some of these people who are at the other end of the spectrum,general
french yea,general
d you know let the world train them what to do laughter,request
c but i i guess this wasn t really an impulse e i mean,statement
do you have you used f um student loans and things like that that were guaranteed by the government,question
who do you normally pull for the the mavericks or,question
d well in the norman in a normal route of way we do things how about the ladies go first,request
f oh you have a pool there too,question
laughter wouldn t that be something,question
f uh m my daughter that has three stays home,statement
okay very faint,general
c and i think that th,statement
go ahead you first laughter,request
f oh is that what dallas is,question
c or is it just coincidence it was during this period,question
c but i m not sure how it s going to because you see young people today and wonder how in the world they ll ever afford to buy a home and,statement
sh let s say,request
d so tell me ab,request
f um bye,general
d well do you have f um f uh,question
d so laughter that s why i do that,statement
i guess it is time to close now so i can run go help put the kid to bed,request
c and it s pretty flat there,question
hardly a moment talking to child in background,request
and when i got there the first thing i did was trade it in on a spitfire,statement
c and i have to tell them that just d like just d like i live in waco,statement
gosh it sounds so close,general
static yeah,general
guess,request
back to your movie you saw that ten thousand,request
wake up,request
c but f uh d you know to have the quilting frame and then to actually do that it s a tremendous amount of work,statement
d so where do you see,question
raspberry yea,general
i will admit i work with f uh someone who s iranian,statement
just angstrom moment beep,request
d well try and think if it was a hundred dollars a square foot talking,request
lubbock midland odessa,statement
d so what school is it,question
breathing d well charles good luck to you on your,general
c and now d you know people just send it back over and over and over and over,statement
is this a a mail order parts house that specializes in in parts for parts for uh old imports,question
he lived in new jersey for a while now he s in rhode island,statement
do they have children,question
to answer that one before we get to our subject d you know i always get a kick out of republicans who take credit for all the military hardware that was bought for the war and how successful it was though when it comes to the budget they say well the democrats control all the money,statement
yep fluorine uh,general
i told russ yest that we should have done this a long time ago,statement
it was a divorce situation of my parents,statement
f uh okay,general
ergocalciferol well try and think if it was a hundred dollars a feather foot talking,request
d wellspring try it,request
c but do you,question
fluorine um then then just laughter,request
c and if you want a nicer car than that d well you save a little longer,statement
d well i was just trying to make an introduction here laughter,request
a lot of stores will still ask,statement
get the reckoner prohibited,request
equitable get it tabu d you know,request
go out to the nursing home help guide some craft programs perhaps function on some sigh music programs whatever their talents are,request
need them laugh,request
f oh is that true,question
c therefore if you ever tour in a restaurant order crawfish,request
d so f uh tell me about changes from say twenty years agone since you were an adult twenty years agone,request
c but how about all the trucks and buses that are out there,question
i think that s what,statement
some place else,general
yellow peppers f huh,general
c so really his salary should be d you know twenty percent or thirty percent higher,statement
c and go to f uh sole star,request
f oh okay lipsmack,general
d so how about you,question
c but the thing that makes me mad is f uh then they start getting f uh other people,statement
f oh it s beautiful,statement
go in the early hours,request
d well f um do a lot of people take advantage of it,question
bye bye clicking noise child talking tv,general
do you have it right on the top of you head laughter,question
d well bye,general
do you do you hope to have children,question
what are they like,question
have them adam,request
i moved here d like in late august,statement
c but i could be at work from anytime d you know from nine until nine at night or ten or whatever,statement
f oh it was good talking to you,general
w yeah,general
and every time before they get into a vehicle,question
c but you wait until they go and get a car clicking insurance that s when they get expensive,statement
c and you take care,general
you could get three of the three of the four to lineup,statement
i m going to,general
i m glad to find there s another reasonable person in garland,general
preceptor t overcook it though,request
what have you done noise,question
yeah shadowy,general
c and i think that before we expend all our young talent overseas and and helping other countries we ought to perhaps give a little bit of our help to our own folks at home,statement
c and you can t throw certain file type things away,statement
c and i think they re d what about nine dollars and something,statement
c and i have a wonderful female lab black lab,statement
c and he said he didn t even make ten dollars an hour,statement
d well it might be a honest time for you to be to to start a custom,request
mightily on,general
would that be f um perhaps,question
talk talk your husband into taking you there some night,request
c and so d like my roommate went home,statement
yeah whisper breathing,general
do you have a pet now,question
c or just are there normal safety belts in it that you had,question
laugh certain,general
c and so if i go back to work on a part time basis i am hoping i can leave my daughter with her,statement
f um do you have a lot of large families out there in texas,question
f oh d well laughter,general
do you know what ellicott city is,question
c and i think he s got between the old guard and talking people in background and the new f uh glasnost,statement
precisely get it kayoed d you know,request
look what we ve done here at t ane,request
c and you want to use one of your good sauce pans that dissipate the heat because it it ends up burning,request
could you confine on,request
laughter yeah d you love,general
i m glad to find there southward another fairish person in garland,general
howdy artemis,general
very faint uh huh,general
how do you feel,question
tell me about your lodge up thither,request
do you consider these serious f uh problems,question
right sniffing,general
d well good afternoon to you mary,general
assign some fresh lilliputian fresh shrimp,request
d you know there s a lot of places in the states that we haven t even gone,statement
go decent to force,request
nice to tattle to you too jim,general
blow and norma it is just wonderful to talk to you,general
what are you interested in,question
long long term though do you think it would best to see a one world d you know,question
c and then you take decade pct of it,request
you ever thought about building a house,question
exactly,general
locomote to work for u tetraiodothyronine,request
every youth that s ever gone really has felt that their life has been changed,statement
state me what you like to coiffe,request
where are you going to school,question
f oh d well you need to hail out laughter,request
real beep decidedly,request
listen,request
under bricks or under wood,general
okay lipsmack,general
i m in dallas texas,general
d like try to get some place and exercise from five to six,statement
yes mouth as if a scared tyke,general
c and so we could we could talk about f uh that path calciferol you know how important you think his benefits are and and and f uh how important you think they are and if what would you like to see increase,request
we call it an old folks home,statement
d well d well how was he killing the women,question
where are you going,general
c and perhaps it s because somehow that implies to me it s not fun or something like that,statement
and it s i it s come out as a result of the competition from the japanese,statement
c so pause d well i guess i ll let you get binding to feeding your little one there,request
oh f uh,general
kind of interesting so see,statement
what s going to happen when she gets there,question
you still did what you do now,question
carbon and secern him to take you there for your anniversary,request
c and f uh you expect at their society,request
d well it s a pleasure talking with you,general
d well hang along,request
yes f oh,general
noise what kind of fishing do you enjoy,question
is it the s,question
c but anyway what do you think we ve gained from the spaceflights,question
yea infant,general
c and c and also f uh the the issues they deal with f uh really tends to open open your eyes as well as your mind to some of the problems,statement
laughter d well we can f uh complain together surgery swear we can complain together about the humidity laughter,request
sanction laughter f uh,general
c and a very good afternoon to you,general
d like is it the weight machines or aerobics or what is it,question
c and then we subbed it out,statement
ohio uh huh,general
sample that,request
scott get randomness f uh talk about advice that we can offer a parent where the child is going to go to a university,request
c and you microwave it on high for seven minutes,request
were you sailboating,question
what about yourself,question
laughter don thymine enquire me,request
d anyway d so where s your favorite place to go,question
keep upwardly the cross stitching,general
excuse maine,request
i don t think products are getting much better though,statement
i have people here that i know that have never registered to vote,statement
do they car pool in,question
c and you just want to make it right,statement
if somebody,statement
where have you f uh,question
d so f uh tell maine about changes from say twenty years ago since you were an adult twenty years ago,request
australia,general
c and it s just incredible,statement
smack d so what do you do,question
d well it wasn t too bad other than the cowboys didn t do so hot,statement
and have all the normal mass go,request
d now come on rent s be realistic,request
could you attend on one minute jim,request
let s ensure what else is on television,request
c so the city gets the money from that,statement
have you ever tried f uh deep sea fishing,question
it s just a strange landscape,statement
c cause i wondered when they re taking classes with f uh with people that are really are interested in the the subject and stuff like that,statement
what did he shoot him with,question
this is lois,general
if i had kids d well if you had kids what kind of things do you hope to do noise sounds like paper rustling,question
are you going to tell me what you ve been doing lately in the,question
i was about to say you ought to experiment on at least a small part of it before you just tackle the whole thing laugh,request
carbon but so we can back up,request
rightfulness uh huh,general
he is bouncing around,statement
radio seems to have a full platter or full plate of different things that they need to get done,statement
the what did you call it the sales tax is just getting outrageous to pay,statement
anyone ever convicted of a a felony is cannot purchase a weapon,statement
are you involved in the legal system at all,question
the other one may be very careful,statement
c so that is something you might keep your eyes open for,request
what division are you in,question
d you know yeah,general
spill good,general
snow and f uh yep,general
have you ever been to marlin,question
what did you what kind of things did you do,question
i need to go involve manage of the kids,general
try to do it early in the mornings,request
laugh you re just going to have to imagine what you would like equally benefits laugh,request
c and we are so close to shopping,statement
century but it southward just kind of like get on the telephone,request
c and then you let it simmer,request
d well i have enjoyed talking to you too,general
indisputable live ahead,request
f ohio ane see ane see what you re saying,general
d you know e i mean they heard someone calling for help,statement
what he his concerns were,statement
c or make everything diet,request
c so yeah,general
it s been suggested,statement
justify maine jim,request
f oh rea,general
tell me what you think about the vietnam war,request
d well nice talking to you cheryl,general
c and i ve bask our talk,general
c so you don t have to mess with spices and stuff,statement
issue first,request
if you want to start first start forwards,request
we get our weekly news around the area,statement
what do you do during those those days,question
how do you feel about public schools,question
is that also what s in uh hairsp aerosol,question
if you re ever in town we ll go see a movie laughter,request
did you catch the fish,question
i guess f uh d well maybe the computer will pair us up together another time,general
tone what we ve done here astatine t i,request
that is the way to do it,statement
let s model fluorine uh,request
farad huh d well you might want to get yourself farad uh an animal that doesn t require much attention like a cat,request
okay sniffing,general
relieve maine,request
c and i like scary movies,statement
i don t think i d like the k g b is monitoring my phone or anything like that,statement
look what we ve done here astatine t i,request
d intimately okay,general
we went two cruises that hit those islands but with different people,statement
you ve become to go see that,request
e i mean on the early hand e i mean you take a refuse man in new york city starts out at twenty six thousand dollars,request
c so hopefully we ll have a good year,statement
c and i can t think of that,statement
maybe they re burnt out or,general
d fountainhead you proceed ahead,request
noise sounds like child s record hi,general
f oh very good,general
you know what i did,question
f uh what base of communications would you be most interested in getting in to,question
did you have them in a center or something last summer,question
go inwards the early hours,request
laughter that s kind of what we do,statement
would you then go ha hiking,question
hey thanks adenine circle and and bye,general
d now come on let sulphur be realistic,request
let you beginning laughter,request
c so have you do you have a computer for yourself at home,question
sniffing was it on the radio every week,question
one of my one of my friends here he was just talking how he siemens thinking of leaving the company and going to dallas,general
ergocalciferol well f uh i ll let you start i guess sniffing,request
d well i d say tackle one project first and see how it goes,request
you ought,request
you you if you like sports go right ahead with this peerless,request
has has he had this since kindergarten,question
c but f uh c and my son and daughter in law have kind of a sheltie mix,statement
collar you afterward,general
c or did you folks do that,question
laughter d well we can farad uh complain together or swear we can complain together about the humidity laughter,request
what was what was the other case,question
not many,statement
c and you order a bay leaf and order some f uh red pepper over it,request
c so it s pretty amazing it can be that drastic in just a short distance throat clearing,statement
i i give maine cyanide,request
c and c and f uh in other words do we make the world safe for democracy,question
d well it sec a delight meeting you,general
what do you think about f uh f uh convicted f uh,question
c and i maybe we ll meet astir again,general
c because e i mean you re going to have to take some risk,statement
c and you could get to it to work on it,statement
c and it s a beautiful place to live laughter,statement
isn t that a s an area of concern in the cost of air conditioning,question
f oh sanction f um,general
c but e i mean even now we ve got i know we ve got plenty of cases out there where people have been wrongly convicted and things like that,statement
save it mute,general
c and it was twenty eight twenty nine degrees,statement
d well have you been here during the real heavy heavy rains,question
c or you going rent it lease it again,question
shall we say,question
you motivation to hack em up real fine,request
i want to see war of the roses too,statement
does dallas get high humidity,question
d you know you are going to find out for yourself,statement
possibly again,general
is it formal policy that they said they might test,question
i was always,statement
viosterol well you should f uh run for a school board position,request
we have many tornadoes spawned in this area and northern indiana,statement
d you know right,general
e i mean we ve had to actually have the air conditioning on and everything,statement
c and f um do you like classic rock or modern rock or which kind,question
goodby goodby talking background voice said what s that about,general
c and it always will be,statement
c and f uh i know that that my husband,statement
i don t understand why first of all the public puts up with it,statement
yes breathing,general
section,general
c and i usually remember those a long time later,statement
carbon and you call it,request
what do you think of the public school system,question
f uh why did you choose a private school,question
where is your favorite place to go,question
because if you weren t there to watch them and keep them in their own wing they could they had freedom to just walk around,statement
how do you feel that is for someone at at that phase in their life,question
you you if you like sports go right ahead with this unmatched,request
pause laughter yeah,general
f uh f uh how about the oak ridge boys,question
maybe they ra burnt out surgery,general
laugh static yes,general
this house was built in seventy four,statement
golfer,question
d well iodine thank you for telephone,general
uh huh noise,general
is it disco,question
did you see it him when he was doing the coverage of the gulf,question
cholecalciferol you know noise rattling,general
book on,request
d well do you have any opinion of potential changes that may occur in the next generation,question
well how do you think the royals are going to do,question
farad um farad um,general
c and we haven t discussed this at all laughter f um,statement
c so you will have to do that once,request
you got any hobbies that you want to talk about,question
c and if you discover you like it then you can always upscale,request
tobogganing,request
what part of maryland are you from,question
tablets,question
f oh he does,question
y did you actually live in saint louis,question
little bit little bit cooler like eighty nine,general
c and he came up to us,statement
permit s talk about schooling,request
ta you too,general
c or f uh sometimes there s f uh letter to the editor about me,statement
i don t i don t know that they always have because i never sat all the way through a jury trial,statement
c but washington s a great place to do that,statement
i was just reading an article f uh that there were nineteen thousand properties available in texas f uh for sale by the reso resolution trust com corporation,question
are they still,question
c but it s basically the same,statement
c but it was good to talk to you,general
c so f uh were we right in the middle east,question
look astatine the cowboys now noise,request
does your city have mandatory f uh recycling,question
f um how about yourself,question
c and c and where are the engineers coming from,question
f oh d advantageously laugh yeah,general
first how much television watching do you do,question
c and the only f uh branch in the armed fo services that seems willing to do that is the air force,statement
i d like to have an everyday contact with children f uh as well as you do for that matter,statement
do you f uh mostly,question
pen that one consume,request
d so recount me ba,request
d well it was nice talking to you too,general
ace think we covered it pretty commodity,general
originate prosecute they,request
century so you should think about doing something wish that,request
c and you have to make sure that you f um that you apply pretty early because they do have a lot of places have very foresighted waiting lists,request
c and order them all in a place,request
c so this year d now i have them taking out fifty dollars a month out of my,statement
selfsame swoon yes,general
c or do you go out,question
they re doi they re trying to get all different amount of people,general
laugh calciferol well i ve enjoyed talking with you,general
c so i was in a lot of classes where f uh there i was either the only girl or d you know one of just a very,statement
what do you think,question
d well you have a good day,general
c and c and nothing happened,statement
what about politics on it,question
i think f um people,statement
c and this year as well as last year we have had less than four inches total accumulation,statement
urinate them do civic duty whatever,request
i think they ll always represent a threat wheth whether or not there s an active cold war or not f uh,statement
f ohio god you go to the mall,request
there s seven children in my husband s family,statement
d now where does the source light go,question
farad uh fairly much,general
it s godfather three,statement
gallic yea,general
uh huh laughter throat clearing,general
that is probably very fortunate for you,statement
they re there early to receive the kids,statement
hang them,request
c and fluorine uh anyhow fluorine uh you take fluorine uh adenine couple of fluorine uh cups of bisquick,request
w wait,request
where are you,question
c and f oh i took my car up there to their family,general
aren t they pretty hardy,question
now you can c either use d you know the kind that do in the little can,request
what kind of birds do you have,question
lipsmack coulomb and now i ll let you state something laughter,request
cholecalciferol well we are though laugh,general
coulomb and then make them in with the rest of your salad sometimes,request
i ll let you go first,request
laughter maybe i should have just traded the car in,statement
you preceptor t have to expect for them to say,request
if you have ampere chance to rent it astatine least,request
how long have you been in this house,question
what is your favorite f um food for a dinner party,question
f uh back to the theme,request
stimulate a skillful weekend,general
it is kind of they re kind of off and on it seems like,statement
do you know some folks who have been there,question
it s nice at night,statement
is your brother younger than you,question
c a c and good fate,general
right breathing talking,general
f oh the scary one,question
c but i know that it would have been better had mom been able to stay home with us,statement
laughter right laughter,general
which is your favorite,question
where are you calling from by the way texas,general
are they going to come back in the spring,question
c and did you put him in daycare,question
they the whole the whole campsite was evacuated,statement
go ahead you low laughter,request
a endure total,general
they they made d like f uh small personal computers,statement
one one give maine cyanide,request
c so we had to sit there d you know,statement
c and f um c and another head to ask is if they re f um state evidence,request
c but i say d you know they commit crimes get them be overcrowded laughter d you know,request
do you have any strong opinions,question
i think this particular case has been like ten or fifteen years,statement
it s represent proficient talking to you,general
where in pennsylvania,question
c and then some fun thing to do sometime,statement
what do you like to watch on television,question
d you know let s go back to our original thing with d you know our experimentation and totally the d you know our actual exploring of space and and totally that,request
d well f um i wouldn t f uh i definitely wouldn t dispute that,statement
f uh you if you sit at a table with a lot of people for your meals you meet different people,statement
you too laughter,general
c and we play three days in a row three different courses,statement
allow the shells on them so they won t precisely roll up,request
don thyroxin overcook it though,request
c but this guy had somehow worked it out so that he got there a little bit earlier bought the dog,statement
i have a pretty good mathematical concept for what s involved,statement
d well i think capital punishment is supposed to be primarily a deterrent to other people,statement
d well i guess then i will go,request
have you always lived there,question
c or your daily job or whatever prevented it,statement
basically is your motive simply f um health or because you enjoy it,question
right clicking,general
f uh as far as my defense budget f uh they re cutting it back now what twenty five percent,question
would you be against any deficit spending,question
hundred and recall how rich she is,request
how long do you have to bake it,question
stick along the subject,request
or you settled,question
in the fuzzy logic direction,question
d well if you ever get one be sure the walls are good and thickheaded because if they re not you can discover,request
f uh c but i would like to see them have a monitoring capability so that they know who has what weapons,statement
f um hello f um,general
d well how do you find that your your personal relationship is with her know that you re both together all the time and you are having to do a lot more for her than normal,question
are what they re,question
hundred but f uh so the mi f uh the cauliflower you,request
coulomb and then once you pick that spot out pick out what you want to do,request
c or are you more of a sport fisherman,question
have s see what else is along television,request
d so beverly what do you think about drug testing,question
that sec great,general
what f uh go ahead and tell me near your habitation laughter,request
c and it s basically the same same type of thing except for you do eat more the tex mex down here,general
that s what happens every time,statement
precisely a bit,request
century and maybe we ll get to verbalize again,general
c and farad um yea,general
c and the other thing i don t like about it is they have a tendency to play the instrumental so loud that you can t understand what the lyrics are,statement
c and there it s f uh noise if i remember right you d well they they accumulate it as hours per week or something like that and or hours per pay period or something,statement
alright laugh,general
they re they go on the unemployment list before we have turn around,statement
this is norma,general
c and are they tested random,question
c and you have a good day,general
d well i have enjoyed talking to you,general
pause d well i enjoyed talking to you,general
c and then expect at the endure we have down here,request
c so tell me roughly your internal,request
music howdy,general
what building are you in,question
inhaling my name s gail,general
just because you d be afraid to do it or have you done it before,question
isn t that something how d you know you think about child care,question
c but go before laughter,request
lipsmack coke and now i ll rent you say something laughter,request
c and his name is b j,statement
what do you watch,question
invite invite the bos ended,request
is that f uh a let me interrupt is that the same for both f uh professors and and also staff and administration,question
didn t it bug you a little bit why they kept coming up with all this stuff,question
d well the last thing i bought was a dress last summer,statement
f um i can t think of anything on recycling,statement
c and unfortunately she s not as well trained as as i would like her to be,statement
d well try it,request
do you have children,question
c but my job i m an e d p auditor,statement
e apologise me go ahead,request
c and laughter,statement
do you plan on staying in in the dallas area,question
d so f uh what do you think about our involvement in the middle east,question
nonpareil moment please,request
fluorine um fluorine uh d well pass me your first impressions,request
you don thyroxin want the gum on the back of the masking tape to get dried to hard,request
c but i think there s a lot that we the public doesn t need to know,statement
no kidding,general
i need to get started on that,statement
f oh why yeah,general
yo you have to support the people that are there,statement
have axerophthol lovely daylight,general
c and you need to look at when you if you do decide to go with child care you really need to to look at what your options are and and look at the what they offer,request
uh huh very faint clink,general
c oregon make everything diet,request
c and clicking can you accommodate on upright a second laughter,request
d well are you into that that rock music d you know all that druggy stuff and all that e i mean,question
how do you think we re going to pay for it,question
d well how about who,question
c and it s one that we use in our work,statement
put it along the hire,request
c but it s the phone calls,statement
clicking beep on phone hum okay,general
try to do it betimes in the mornings,request
d soh go forrader laughter,request
f oh do they really,general
f oh alright,general
she s done a lot of things that i never thought she would do d you know with laughter with the family because she was m the one that said she was never getting married and never going to have any children,statement
c so she never did have to go into a nursing home or anything like that,statement
c or did the people that had that reunion have to draw a line,question
he d actually he just went to the vet yesterday to get his shots and everything,statement
then i didn t notice any improvement till the after the sixth one,statement
it is on channel,statement
i m i m pretty pleased with it,statement
c and it was really bad,statement
i m going to i ve decided i m going to baby sit my baby two granddaughters,statement
we re usually picking things up quickly,statement
apprise verbalise,general
what s your major,question
c and f uh c and of course with the holidays and everything,statement
what about the judge who s hearing the case,question
c so f uh i m really quite active in trying to f uh be proactive at least for children s issues,statement
the other one you need to go see follow sleeping with the opposition,request
d well d you know these these cars made in the sixties and stuff,statement
c so it was almost a celebration of the new year too at the same time,statement
c and you fill them up and put them out with your other trash,statement
snow so we ll just expect,request
c and when you re ready to get another car just pay cash for it,request
f um c so at this time of the year are you doing much garden work laughter,question
c and she told me,statement
yeah d well,general
does he got them locked up all the time too,question
single guess it s ge getting to beryllium lunch time,general
c but the statistics seem to say that,statement
do you have static,question
c but e i mean a lot of people are flat not educated,statement
uh huh tike talk,general
noise sure,general
what kind of dining out do you like,question
i went through some of the books down here at the craft shop d you know,statement
well it s been nice chatting with you,general
c and f um i enjoyed talking with you,general
c and i just would prefer that e i mean sometimes we ve said let s keep we re not interested in what other countries do,statement
well listen i ve enjoyed talking,general
sayonara sayonara noise ring receiver noise water running,general
f um do you like living in an older home and restoring it like that,question
o okay,general
c but sesame street is still really good,statement
do you d like eat the fish that you catch,question
talk to you former maybe,general
refreshen my storage,request
century and you put a little bit of that over it,request
f um c so i think it s extremely helpful and very useful,statement
cytosine but then we can back improving,request
c and put them all in angstrom place,request
talk talk your husband into taking you there about nighttime,request
cytosine and f uh anyhow f uh you take f uh angstrom couple of f uh cups of bisquick,request
throat clearing right,general
with the worms,question
d so f uh d well how long have you been married,question
do you have any other further comments,question
it s just tough as a boot,statement
c and f uh livelihood your mind forth of negative things,request
claxon alright f um,general
f uh c and so many of them nowadays like i said i think are just f um,statement
c or does someone pick them up,question
very faint f huh,general
blow and livelihood smiling,request
is that all we need to say,question
very skillful talking to you too,general
c because we have just,statement
it seems to me that you talk longer from wh you kind of yell into it,statement
lipsmack c and now i ll lease you say something laughter,request
if i have to give them so much to answer the questions to get fifty rolls of film or something like that they re taking something away from me,statement
breathing laughter do you have a lot of property e i mean a lot of yard around your house now in denton,question
f um action laughter,statement
f uh you are involved with t i s f uh speech f um recognition,question
sh get s read,request
do you have a budget that you go on,question
f uh were you calling from texas,general
c but we try and keep it out of the home life,statement
d now if you if you pay your monthly charge do you then pay separately for classes your taking,question
what like sequoia national park,question
if you preceptor t like it shoot move on to something else,request
viosterol well i guess f um we can discontinue our call now,general
you can speak,request
c and then d you know they try to raise taxes more,statement
baby talking huh,general
you know where the little bridge is on north oak cliff boulevard,question
then how does he like it,question
yea very faintly,general
blow and so we could we could talk about f uh that path d you know how significant you think his benefits are and and and f uh how significant you think they are and if what would you like to see increased,request
have you seen the mov,question
just let him savor himself laughter,request
thank you static,general
laughter d well did you see fatal attraction,question
c but then there s another thing that i disagree with in texas is sometimes you have a jury of six,statement
f uh how you doing,general
did they do that before you went in or what,question
thanks for calling,general
d well bye now,general
do you have f uh a special flowers,question
farad ohio thank you,general
i ll bet that was the case of the the war in the middle east,statement
i wonder if a judge didn t have control of that if some of that would change d you know,question
what about your family,question
d well listen it wa good talking with you,general
i hope you consume a nice day,general
d well i f uh play trombone in the plano community band,statement
hullo spill,general
laugh fluorine oh okay,general
c so i i i like to read the the children s books,statement
they are they are really much more comfortable with somebody being the boss and somebody being the follower,statement
that s it that s the fun part trying to figure out what you ve got to breed them with,statement
f oh hank williams junior,question
f oh yeah sniffing,general
did did you use it at the car shop place,question
did you all ever watch that,question
c and how d that go,question
i possess got to break,general
d well take good care,general
usually yeah,general
c and everything that i have been saying,statement
c and f uh d you bed make my annual pilgrimage to the lone star brewery,request
c and c and they kind of capsize it,statement
then i m home to pick her up,statement
imagine the guilt that person would have,request
how old is he,question
how many multiplication accept you done this now,general
iodine embody hoping you could tell me what you thought,request
it is for drugs d you know because you really can t on the street make any money off of it per se d you know,statement
d well you shouldn t brawl that,request
c and i think my feeling was that the very best teachers should be in grades one two and three to get the students off to a good start let them have positive f um f uh experiences,statement
laughter personally i do not care for them f uh although i find them a necessity in business and so forth,statement
c and keep your mind on irrefutable matter,request
c and it gets your breathing up,statement
d you know somewhere they can sit down and write down what d you know things that you ve improved upon,statement
c and you have a shop,question
do you listen to radio talk shows,question
c and so f uh preceptor t ask me what the other hair i made,request
stick along the study,request
breathing yes exhaling,general
starts hitting closer to home,statement
it has been becky,general
medicine howdy,general
what are you making,question
c so that worked out material good,general
jump engage they,request
just a second talking to child in background,request
assume t answer your sound hello,request
c so you can get in and out,statement
do you f um do you have any hobbies that that you do things with your hands,question
what do you do to to reduce crime in a in a major city like d c where it s a way of life for everybody,question
down there it s just like meat and potatoes d you know,general
c so that s the same technique that is d you know for any of the other f uh little varmints that get in vegetables,statement
start,request
does that give a pretty good overview of everything,question
b i r d,question
d well what you can doh is aim your car payment and put it in the bank for three or four years,request
put them fools in there,request
almost knocked me down,statement
excuse me jim,request
just get it out d you cognise,request
contribute maine the money,request
very faint f oh sniffing all proper sniffing,general
that substituted for a shower laughter,statement
f uh d so what do you think f uh about putting the elderly in a nursing home,question
c but c but there is some very good other articles,statement
c and then fox them inward with the rest of your salad sometimes,request
married,question
are you calling from texas by the way,question
they picked them up off the street,statement
hi cynthia,general
my f uh my kids are they re starting to grow up d you know,statement
tell maine,request
farad oh you will have to go on one,request
c but we ve got some this year,statement
c and f uh have a good life the rest of it,general
d well you should of just ripped the whole thing kayoed,request
suppose f uh d well d you know they had a group who were construction oriented,request
you shouldn t be talking about this right earlier while you rhenium fixing dinner,request
a answers the other channel long pause hello sir cluck a comes back to speaker b,general
they they started putting out at least recycling bins for the paper,statement
either you have f uh military service or some sort of alternative nonmilitary service for a few years,statement
iodin iodin give me cyanide,request
clangorous correct,general
e i mean look astatine d you know the leader they had,request
c and saturday night live,statement
she s always worried who s looking over her shoulder,statement
c and put them all in a identify,request
c so if you ever go in ampere restaurant order crawfish,request
c and iodin desire you enjoy the weather this week,general
uh uh,general
go before laughter,request
yeah talking,general
it would i think it was very beneficial to us,statement
bye noise,general
retain on bleep,request
can you declare just a second terry,request
d well it was really good hearing from you,general
c but tour forrader laughter,request
the former one you need to go see is sleeping with the foe,request
farad oh make they really,general
c so he gets to go in and out whenever he wants to,statement
coke and when you re ready to capture another car just pay cash for it,request
snow and then drain off all the grease,request
d so what more do we need to discuss laughter,question
in what way are you talking about,question
money s precious,statement
d well you can wait till you graduate,request
did you take this same f uh route with your other two children,question
c and f uh really we re not doing much at all,statement
right faint,general
protection enumerate,general
what kind of pets do you have,question
to the top the of the peak,statement
in fact we are in a position that most of our friends why wonder why we just don t go to a new car d you know whatever,statement
d well it certainly was f uh noise,general
c and think what what s it going to be like for my my youngest an my oldest son when he goes to school,request
c but f uh i believe israel does that don t they for their,statement
f oh c and occasionally we d go out on a d you know full day trip d you know three or four other people,statement
they mean to animals not really understanding that the animals have feelings,statement
c and now i don t let my kids out of the front yard that i can t see them,statement
especially in d you know if you take a a child that s from the inner city and then put them in the a middle of a park,statement
f um tell maine some about your camping experiences carolyn,request
c but that s only because my mom just started working,statement
i ve enjoyed,general
do you normally when you re traveling do you look for places that s established that that you ve been to before c or,question
clicking are you there,question
c so c only f uh d good you ought to try that,request
yttrium yeah,general
d well tell me about your vanguard,request
c and the paid time off is wonderful,statement
f oh uh huh,general
hundred merely go ahead,request
do you and your husband both work,question
we re in cattle country,statement
right dishes,general
weren t there a lot of hurricanes there,question
d well what kind of music did you all listen to buzz,question
c and it s time consuming,statement
okay d well,general
that s a possibility,statement
that s like what we were saying though,statement
coulomb so that is something you might keep your eyes open for,request
what else about corporate benefits,question
d well you can you can tell me a little bit more about it because i don t think we did that in utah,request
which ones,question
could you hang on one infinitesimal jim,request
what vacation have you enjoyed the most,question
f oh you mean she taught in a prison,question
what other movies have you seen,question
my name is nola,general
tantalum you overly,general
c and then that then it goes through the moon,statement
c or do you still order for them,question
fire away,request
d well don t bother laugh,request
f um do you have any plans to f uh do anything with your music in the near future,question
allow siemens talk about schooling,request
viosterol anyways back on planting,request
like i say by the time i read the newspaper it s the the it s that morning s news from the day before,statement
i ll be i ll be upset probably even though my prediction will be right laughter,general
d well what are you going to do when you get out of college,question
d well is that a necessary feature to have somebody d you know at the other end of the line,question
i guess i better go laughter,general
c but it was great pleasure while we did it d you know,statement
they get f uh just one bloom on the plant,statement
so what do you think,question
i thought i was cut off there,statement
d now is there anything f uh are there any mountains or big rocks a person could hike around this area,question
do you have family who were in the vietnam war,question
c but f um d you know that s been a new thing in the last,statement
seems to th seems to be that way,statement
d you know is there something else we could have done d you know in checking out all the places that f uh might be available,question
c and even these buses f oh lord it real bad these buses in raleigh,statement
suppose about what you can buy for threescore dollars,request
lipsmack c and now ane ll let you enjoin something laughter,request
c but i ve been following spring training,statement
carbon and you you let the chicken you fried kind of drain so that a lot of the oil descend out of it cough,request
do you think it is necessary to have the federal guaranty program,question
what d what is that,question
e i mean do you think things are going to change,question
c and you cover it,request
delight college spell you can,general
c and where where does this happen laurie,question
cytosine so don t trouble about it,request
do you watch saturday night live yesterday,question
laughter that bad f huh,general
are have you been in big cities a long time,question
d anyway d well i guess i better let you go,general
here again anytime anyone goes out with a gun in their hand and crime on their mind,statement
viosterol well you can wait till you alumnus,request
c and when the cuts came three of us got f uh bounced back,statement
i forget to,general
tv do you all do you get together with family reunions,question
boy we d like to get back over to the east coast,general
blow and order him to take you there for your anniversary,request
and and tell your wife i hope we i produce her again quondam too,general
did you go on the cable cars and everything,question
i wish you effective luck,general
i ll go ahead and start recording that,request
music do you like,question
c and if f uh,statement
c and it was used quite often in the colonial times to f uh f uh to upholster chairs and so forth as well as the crewel f um embroidery work that was done on them,statement
what kind of culture was that laughter,question
c so we went to el sorrento,statement
oh i see,general
since we ve had the crusher all summer we breathing i guess we just now maybe have a bag full that we haven t ta f oh,statement
yeah f um noise,general
do you do most of yours in tents,question
are we going to lose more lives there,question
c and when i look at it now a she s been dead for a long time,question
that entropy about as much as we can do with current events,general
you you ray beginning,request
that s the first time i d seen it,statement
have angstrom proficient one,general
that s one of the reason that i stopped breathing,statement
c and you commit it along a platter,request
coke and you can leave a message,request
my brother went off the coast of maine f uh,statement
breathing the meatballs you just fluorine um after you form them fry them in amp pan until,request
squeamish blab to you,general
you appear astatine frito lay,request
c and so you lease it simmer,request
what was she driving,question
do you enjoy doing it,question
what f uh go ahead and tell me about your national laugh,request
do you feel at all like it s a religious issue,question
f oh good,general
farad uh goodbye,general
yes f uh,general
you go out to get the chicken wings,statement
d well it was good lecture to you too,general
weren t you guys,question
now i think,statement
d well f um i hope you have a nice day today,general
f uh d you know there s a shop in roy that i really love,general
d well you bet,general
f oh laughter yeah,general
just aim it tabu d you know,request
rest laughter d so tell me about your home,request
d so what do the miatas run,question
breathing yeah noise,general
they were not on the same d you know ward,statement
i think the the other thing that that has changed for woman because we are working is we are having less children,statement
c and one ll practice the same,general
laughter viosterol well we ve kind of release everything i guess,general
i would just encourage you to do a little travel though ahead you get married,request
f uh i i think what they are trying to say is that there is a great deal of historical truth,statement
c but when when the company goes bankrupt e i mean the they re just cut off completely,statement
c and they do scare you,statement
c but i i enjoyed talking to you,general
are you north of sarasota or,question
sherman,statement
right noise,general
is it still there,question
laughter d well it has it has been really fun,general
i really was,statement
you want to distinguish me start how you feel about,request
have a good evening,general
d control you need to go there,request
although we do need to do something about you know,statement
d so what type simply red,question
what line of work are you in now since you went to school,question
laughter then you go to get him to,request
trust me,request
they have such great fortune here,statement
do you eat any of them,question
f oh you can actually rent those,question
f uh bye,general
c so pause d well single guess single ll let you get rearward to feeding your little one there,request
c but it randomness just kind of ilk get on the telephone,request
yes coughing,general
recite me about the car that you ve mystify,request
still young getting older,statement
c and d you know the husband would certainly like a lot more attention,statement
i guess we ve kind of exhausted this one,general
most of my fishing has been in the saltwater,statement
century so d yea do it as long you can sniffing,request
e i mean on the other hand e i mean you take a drivel man in new york city starts out at twenty six chiliad dollars,request
i would not recommend that method,request
c but don t tell the n r a iodin said that,request
f oh do you have the cherry blossoms there in there or not,question
what company do you work for,question
what about f uh marino,question
how about popular music,question
c or do you have powered d you know a,question
d well do you f um are you working for t i,question
my mom s family now,statement
sniffle f uh yea,general
c and it can help,statement
i d rather be able to control my money as much as i do with what s left over,statement
c and you only cook it until the mixture begins to moil,request
that was just a one time thing right after christmas,statement
how do you feel about your game,question
c but f um i do want to go again,statement
i don t think he s really a very good actor,statement
seemed like like in the fifties when gangs were big,statement
c and f uh c but it was a sweet and an intelligent dog,statement
f uh do they have such a thing now as a six man jury,question
this is betty,general
cervid vale,general
c and how are your kids at an age where they can contribute to what they want,question
you you first eve,request
c and f uh people run in the park,statement
ecstasy along,request
good bye sharon,general
and uh the worst scene i ve ever had i think was uh someone eating out of out of a garbage can on the streets in lima peru,statement
f oh you will have to go along one,request
have a good night,general
as matter of fact i want to believe that the f uh defense department more or less mandated that people d you know who work on defense contracts d you know,statement
okay throat clearing,general
how long was that,question
adios disturbance like video game,general
c so they each have their own account,statement
you ought to rend the f uh f x part one,request
c and f uh that that that s okay,statement
go to work for uranium t,request
c and you only prepare it until the mixture begins to seethe,request
that s all i got to say for it,statement
e i mean i i don t want to be around people who are really on drugs and that sort of thing,statement
even better than roger rabbit insofar as animation,question
c simply yes,general
f ohio f uh laughter,general
ergocalciferol now come on let s be realistic,request
f uh what what s your budget situation,question
that make sense,question
is it a single story,question
mightily thyroxin v,general
c so do you have anything else you want to say about it,question
attempt that,request
c and did you hear yesterday that mayor bradley said that f uh he should,question
and we still have a scrap every now and then,statement
d well f um most of the stuff up until now in the recent months i i i don t have any problem with,statement
d well you also lori throat clearing,general
do you exercise f uh during the day time,question
e i mean how were they toward,question
ergocalciferol well i enjoyed peach to you cathy,general
leave the beat on them so they won t just roll up,request
d no you tell me how you feel about,request
breathing d well you too,general
i do that very faint,statement
d all right d well i enjoyed the conversation,general
d well thank you very much,general
you are a good one to talk about consumer goods because you keep up on it all the time,general
do you think the political scene,question
they show up and all their kids,statement
c but d hey what can you do,question
just rinse them out a little morsel,request
his malpractice was five hundred thousand dollars a year,statement
f uh the parents usually took out time f uh d you know more time than they do now to come with the children and just spend the day doing a family activity,statement
hundred and see if it fluorine uh,request
i ve tried,statement
it s been a pleasure talking with you,general
f uh what do you think,question
c but i know a lot of people have said that and then find out how tough it is,statement
c and f uh even if they re even if they re discouraged tell them that that s just a occur minute,request
d well peradventure you can f uh make that one charming and and make a little bit money f uh,request
impart me approximately wiseness catherine laughter,request
d well they did away with tenure in teaching along time ago d you know in the public schools,statement
i i can probably go on,general
d forthwith come on let s be realistic,request
c so i kind of know from way back f uh how things used to be run,statement
do does it have to get extremely hot,question
c and they were sort of the lower end of the top of the line hotels,statement
coulomb and right,general
oka okay,general
d well let s hope non,request
undecomposed lot,general
it is farad uh like single said,general
c but f uh f uh how do you feel about the f uh about the jury system itself,question
you should put ten to fifteen pct of your monthly convey home,request
got to wait a couple years,request
do you know who he is,question
c but you really need to project that movie,request
look at this slick guy,request
d well do you think that f uh we should ignore it and just allowed him to go ahead and f uh,question
very faint uh huh f huh,general
each individual child,general
c and i wish it would stay like this all the time laughter,statement
i would just encourage you to do a little traveling though before you get married,request
you don t want the gum on the back of the masking tapeline to get dried to intemperately,request
c or are you amp instructor,general
how about the kids,question
good talking to you,general
f um you should always have three months of your salary in a deliverance account in case there s a major need for that,request
we have to take our big huge heavy sleeping bags and laughter lots of tents,statement
is he really,general
i is it is it a terror movie,question
i m in plano just d you know north of where you live,statement
hawaii dab,general
it it was associated with one of the churches here,statement
f oh e you mean f uh for for your using your credit card you get d like a rebate or something,question
f um talking,general
c but i m not real sure what it s about,statement
c and then i have been in human resources for the last two years,statement
c so where did your parents come from,question
d well maybe you can f uh make that nonpareil charming and and make a little bit money f uh,request
that s you need to do that i ll i ll i ll give you a trace,request
uh huh dishes,general
for instance,statement
uh oh,general
c and you only get one of them,question
i m going to let you tolerant of lead the battalion,request
sh allow entropy say,request
d well for the past week or two it s been cold and wet,statement
d so what what how do you spend the time with your children,question
we ll talk for fivesome minutes,request
c so if the economy gets better are you going to get another one another house,question
c but the occasional person then it s almost d like it s almost an infringement of your privacy,statement
d well tell me this f uh lowell,request
it sure makes a difference,statement
d well we probably have we talked long enough,general
d well then have a good day,general
f oh very faintly,general
i m going to let you tolerant of lead the pack,request
i revel talking to you too,general
c so by definition all lawyers and politicians are liars,statement
verbalise right,general
it randomness helped me to think more about some issues that i need to be thinking more about laughter,general
will they make it through the summer sun,question
did you exercise between your first child and your second,question
do you do you deal with taxes much in what you do when you work,question
that s where practically everybody one talked to constitute from,general
i ll let you go,general
take care,general
c or is he older now or younger,question
c but we re at the same time we re real scared about incurring it in this f uh economy right now,statement
you go first,request
what can we do,question
so long,general
maryland is f um is sort of f um is prob as as a hub of liberalism laughter,statement
c but it was nice talking to you laughter,general
one time we were there,statement
it is about the same weather here,general
thank you,general
are you required to by law,question
do you watch star trek,question
how about silence of the lambs,question
c so what s the temperature up today over there,question
c and i guess d you know,general
i did non f uh stupefy to live through it,request
are you in texas,general
i hope you see a good movie soon,general
c but since i ve been married and with a family f uh we have to go where there s restrooms laughter,statement
something something happens,statement
d well you too lori throat clearing,general
d well you too,general
c but it s a solar f uh,statement
c and farad um c and another question to ask is if they re farad um state certified,request
d well does your r does your job require you to drive company equipment or to ap operate any type of machinery that might,question
let s talk about the middle east situation,request
kids too,question
c but preceptor t tell the n radius a i said that,request
how much was the alternator,question
uh huh bury,general
c and he d well he must know is he interested in law or medicine,question
i guess my feeling is the way to do it is is to just start giving weights d you know have a very brief transition period and then just start giving weights and kilometers f er just as in kilometers and weights and kilograms and everything like that and f uh just have people start using it rather than having people constantly trying to convert,statement
how many bedrooms is it,question
d well what s scary is f uh f uh about two three four months ago on a sun in the sunday edition of what is called the morning paper here the dallas morning news,statement
c so what is your house like,question
f oh i like all kinds of books,statement
maybe we ll get the next time,general
d so what do you think is going to happen this year to the teams,question
good luck with your singing,general
d well it was good talking to you then,general
put them to operate,request
c and many of the people in the group are very professional in the sense that they e or just real talented e i should say,statement
what was the results there,question
yes f ohio,general
c but i m not sure that it s such a massive improvement f uh d you know,statement
how long of a program is that,question
i ve enjoyed speaking with you,general
it s d like ugh,statement
good fortune in everything,general
c and my background s european heritage,statement
d well it comprise good talking to you too,general
what do you think that what do you think tell maine what you think about this,request
you desire to kickoff,request
f oh deliquium,general
laughter golf,general
do you really think that new vehicles though is a big problem,question
f oh d easily laugh,general
how were they toward the united states in terms of just general relationships,question
c and then once you pick that spot stunned pick stunned what you want to come,request
fluorine ohio okay fluorine uh,general
which crimes do you feel that,question
which type of cadillac f uh is your favorite,question
d actually this is a very sad case,statement
review my memory,request
f oh i hope they come,statement
d well did you ever see home alone,question
f oh d so what would be the your favorite meal to cook,question
severalise maine,request
is what they said what happened,question
c and f uh c and it was somebody from f um oh what was it the f uh jesus christ of latter day saints,statement
you can utter,request
c and i read the engineering magazines,statement
represent helium really,general
they re calm they re not yuppie they re trainable they re f uh very personable in a different way that a golden retriever is,statement
cv talking to speaker b yeah,general
i had read something one time,statement
i m very active with f uh people other people with children my age,statement
you can t,statement
are you in that part are you in the south part of town now,question
put some fresh little fresh shrimp,request
laughter d well we can fluorine uh kvetch together or swear we can kvetch together about the humidity laughter,request
is this the first year they have been up,question
what would you have who who who would determine what these people do,question
f uh guy was in a f uh in a hunting club,statement
hold it down a piffling thirster,request
do you do you cook for a hobby,question
me too on gun control,general
go back to that unity to ten scale where unity,request
is that enough during the hotter times of the year,question
how do you dress,question
listen,request
c because you support f uh you support your government,statement
c and we ll talk another time mayhap static,general
i was about to say you ought to experiment on at least a small part of it before you just tackle the whole thing laughter,request
c and keep your mind along positive things,request
sounds like it,general
have you had any in the la ha,question
just cut their heads off and skin them,statement
farad oh selfsame good,general
could i ask you to harbor unitary minute,request
d well you have got to get one of those ladders,request
i wouldn t take it apart,statement
have you seen those,question
c and it s mainly black and and and hispanic,statement
it s counted cross stitch d actually is what i m doing,statement
i m from maryland noise,general
c but they don t throw the rascal out their own rascal,statement
hang on just a instant,request
what is your last name,question
laughter i think that once you do that your children kind of develop the same attitudes,statement
f uh what about long lasting effects on him,question
c or it s just that they don t use the materials that are available to them,question
c so do you have a car,question
did you have any dealings with the f uh underwater sound reference laboratory in orlando florida,question
laugh d well put them in a salad though,request
i got rid of the visa because it was getting out of hand having fifteen million laughter cards,statement
it s f uh d you know new to learn some what different people eat,general
what is your situation,question
c and i ve just been doing that for a few years now,statement
c but i say d you know they institutionalise crimes let them be overcrowded laughter d you know,request
near nighttime,general
c and it s always been a very large f uh city and increasingly growing,statement
d well you look astatine places like joker,request
c a c and you knew how you knew how to do the framing,question
tell me what books you read,request
how did they end up so far away,question
do you do you find it do you like that kind of computer,question
wonder about them in what way,question
c and very often we ll,statement
it s amazing how the d you know people you talk to have some interesting conversations,general
d well what about the trim in your house,question
f um do you have f uh multiple credit cards,question
d yeah to,general
c and then he gets up for this one trial,statement
hello ed,general
c so i i think if anything it would have to be a very close to unanimous decision,statement
don t solvent your phone hello,request
c so lots of times we don t even take tents,statement
c and then then they have to work until the shop until the place closes at six p m,statement
why don t you go leading first and tell what kind of car you cholecalciferol look for in your next,request
leave maine in the air conditioning,request
is that is that good,question
c but she seems to me to be d you know pretty quick and smart,statement
c and believe me you ll know the difference,statement
could you handle along,request
yours too,general
what are you providing,question
it exist nitrogen,general
how do you feel though about,question
the the way that tuition is increasing f um exponentially,statement
do you know who the guy was that was playing the f uh the the wagon driver,question
guess about f uh taxes,request
you mean security job security,question
we ll ace ll talk to you,general
c and then it was time for them to go to bed,statement
right tape ends with no further conversation,general
you wishing to acquire a start,request
c so everybody has a truck,statement
doesn t wisconsin have a f uh state f uh medicare program or health program,question
you really should go astatine least once,request
i think i think he d rather commit suicide than turn himself in,statement
what kinds of things have you done,question
that s so stupid that you all have two teams,statement
try to do it early in the morning,request
e i mean f uh sure,general
you power wishing to,request
f oh are you really,question
c and then you you f uh pour virtually of the all of the oil out of the pan,request
you buy it you buy it as a seasoning,request
you really should go astatine least once,request
d so you graduated from which high school,question
c and c and the street lights,statement
f uh depend astatine them,request
i ve got two as i said i ve at u t now in clicking austin and one at home,statement
c and he had skipped bail,statement
how f how far are you from houston,question
d so who s your f uh favorite team,question
yep f uh,general
c and d you know if if something goes on sale and i don t have the money i still don t buy it,statement
father t tell me what to do d you know,request
f oh d well yeah,general
in d like in sort of d like f uh qual f uh quality or sort of an orientation in terms of d like view point or the way the news is presented or whatever,question
uh huh swallowing,general
go out and buy one now,request
to absentee vote specifically,question
c and i ve found excuses f uh laughter,statement
c but then heat them thoroughly in the sauce itself,request
w d well how do they do it,question
anyway d well it was nice to talk to you,general
is that correct,question
c and i ll say i m a homemaker since that s my basic thing f uh,statement
severalize maine how yours works,request
c but it s merely kind of like get on the telephone,request
f huh very faint uh huh,general
one would not advocate that method,request
c so let s make it a good one,request
have a tremendous easterly,general
f ohio well,general
your dress,general
f uh do you know where f uh custer is,question
c or you just given them to them on consignment or something,question
it s so expensive over there laughter,statement
c but i think that soon the paper may be kind of the only source again,statement
i m in addison here,general
refresh my memory,request
throat clearing if if you want to f uh f uh really get into a hot issue f uh,request
just let him savour himself laughter,request
d good all right,general
have a nice summer,general
he did it in that,question
laughter c but it has been fun talking to you,general
you all have a estimable day,general
d well they re already planning a second mountain,statement
c but yeah,general
philadelphia,question
fluorine um uh huh lightheaded,general
c or what was it,question
scott let s f uh talk about advice that we can offer a parent where the child is going to go to a university,request
um alright,general
you want to do the one who can do the most good,statement
d so it s good talking to you,general
c but are they pretty good up there,question
you might put some d like some yellow mudcat inch there,request
calciferol well good to talk,general
c so it s just kind of nice and especially when i have my cat that comes down and joins me,statement
d well hey i appreciate the call,general
look at the news tonight,request
yo you comment on it,request
ergocalciferol well it exist nice talking to you too jim,general
c and so in his case he lost his whole career,statement
do you like that,question
f uh right,general
everyone get a two way carpus watch t v s on their carpus,request
we have to breathing dig up a baby sitter,statement
you ra show dune,general
c but i tell you f uh we have incredible property taxes down here,statement
c or do you think it would be more palatable if we had some sort of regular schedule,question
laughter calciferol good tell me,request
where do you wo,question
c and i don t think a lot of people d you know realize a lot the plight of a lot of people,statement
farad um then then just laughter,request
d so anyway f um anything else about the area about f um,question
d you cognise where you should try,request
d well f uh space is a handicap with me,statement
fluorine um laugh,general
impart maine some wisdom catherine laughter,request
merely father t mind me if i bounce back and forth,request
do you all have a budget,question
blow and farad uh no,general
i ll be i ll be upset probably even though my prediction will be redress laughter,general
we ll verbalize for five arcminute,request
c and keep your mind along positive things,request
c and you add f uh about a tablespoon of what ane m habituate now is jamaican curry powder,request
c or c or are you c or are they some home distributing the funds back to you,question
c and f uh they re big on finger food here too d you know chicken wings and f uh ribs and that kind of stuff,statement
laughter relish it,request
c and place them entirely in a place,request
viosterol well f uh i f uh yea,general
e i mean i know that there have been people who have had people break in their homes and just say i bind you in jesus name,statement
donjon it dampish,general
i really,general
c but f uh mine is mixed up too,statement
boy we d like to get second complete to the east coast,general
you power examine f uh,request
unity apprize the call though,general
d therefore tell me the last time you went for a boat ride,request
c and perchance we ll run across apiece other again,general
and uh f uh we re not adverse to buying along in the summer when when the cars could get to be discounted,statement
f oh oh,general
do you and your husband like to work in the yard,question
the other thing to do if you re really like the hyacinths a and i do is that before you plant those bulbs stick them in the refrigerator for quint weeks or so to cool them,request
hi very feeble,general
c but unemployment now in dallas or in texas is up around six point,statement
c and i like that because it s a it s real easy to f uh follow for her,statement
yes fluorine ohio,general
obligate on put on obligate,request
e i mean c and it is ugly,statement
did you see the one on sunday,question
are you mormons,question
i think i haven t been able to do it,statement
c so we ll have to talk about the future,request
maybe again,general
that that maybe avowedly,general
f huh d so you,question
what did you call that,question
c and you put a bay leaf and put some f uh red pepper over it,request
breathing laughter d well d look i ve enjoyed speaking with you,general
f oh i think a lot of people are,statement
d well if we can just destroy the market by destroying the demand,statement
i revalue the yell,general
c but d you fuck you ought to get him to g pull the weeds,request
selfsame timid yes,general
was that d like he started shooting people people in this cafeteria or something,question
why is that,question
c but they would rather have it private,statement
c and i don t think he s going to be there too much longer,statement
dip in at times that are unexpected,request
c so the engine kicks on when the batteries need power,statement
good bye,general
iodine iodine can probably perish on,general
did he laughter,question
c or c or do you,question
like my husband always takes which is kind of like d you know contact stuff only better,statement
nice little conversation with you jack,general
i would suggest watch it at the theater,request
did you smoke when you when you were pregnant,question
appreciate talking,general
d well did you go to college,question
c and if you re d like,statement
f uh wait at them,request
you ve capture to see it especially since you own a german,request
i come up there i ll have to stop by and have try approximately of your baking,request
metre uh huh,general
advert on just a second,request
are you angstrom native of there,general
think me,request
ace appreciate the foretell,general
c so does t i have a pretty good retirement package do you think,question
apologise me jim,request
perhaps this is a fantasy we can to talk about any kind of railcar,request
employ the greens if you get them when they re young and tender d you bed before they have grown too,request
do you ha can you recall,question
d well ace sure appreciate hearing how things are going inward texas and f uh,general
the other single you need to go experience is sleeping with the enemy,request
you real should go to eu,request
do you work for a big or a little place,question
d you know why do you do this to yourself,question
it s a little different f uh,general
d well did you have boys girls,question
d well take care,general
d well what did you do when you helped these people,question
whispering uh huh,general
c but use use good f uh stuff and buy it at a rouge store where they have the right brands,request
c but so we can back upwardly,request
hundred and you microwave it on high for seven minutes,request
c and then you take it out of the fat,request
d well that s about all i can say at this time,general
c and f uh you look at their society,request
d so tell me about china cry,request
start,request
i i generate maine cyanide,request
c and f uh f uh we both look forward to going to our next reunions i m sure,general
c and you add f uh about a tablespoon of what i m using now is jamaican curry powder,request
we ve just been taken out from under under a law,statement
what about utah,question
d you know i think i m just part of tha the new stuff that is just,statement
c and i guess that s a way of budgeting,statement
c so you re going do i want a di a green lawn or a muddy feet laughter,question
c and take it easy now,general
with all these lawsuits and people suing people over ridiculous things,statement
c but f uh put all the glass in one place and plastics like milk jugs f uh orange juice jugs things like that,request
then right,general
c and are we still going to maintain drams for perfume,question
she was my favorite character on there,statement
do you know what is on the way yet,question
c and c and it can be good for them too,statement
d well e i mean nobody taxes groceries,statement
another ninety seven cents,statement
f uh lookout out,request
is it all f um,question
keep going,request
d wellspring i imagine that covers it,general
don t don t be in any hurry,request
c but i don t think they probably feel any differently,statement
could you defend on,request
d well iodine think we ve done them a good job today then,general
tell me approximately the car that you ve beget,request
d well i think we ve done them a good job today then,general
e i mean just sigh you just you just don t know what to do anymore d you know,statement
any handicrafts,question
i went to metropolitan a couple of years ago,statement
just axerophthol second talking to child in backcloth,request
blow and we ll probably exist talking to you again,general
i think it d be better that way,statement
i judge i ll get back to my washing laughter,request
accept it easy,general
then d so d like your pay what kind of a percentage do you basically keep out that you think that d you know will cover all of the expenses kind of thing,question
e i mean i m not all for smoking at all,statement
c or can you remember,question
i wouldn t mind it,general
you guys child talking f uh do you get much of a chance to hunt or anything,question
i like news programs like you mentioned,statement
c but do you ski,question
what kind of f uh things are you going to consider,question
not a grub worm,question
c so d yeah do it as long you can sniffing,request
d intimately have a good day,general
i was hop you could assure me what you thought,request
c and what s the name of this book again,question
c so do you know of any other shows in the even or something that you enjoy,question
d anyway it s been nice talking to you,general
f uh d well do you have children,question
for instance cans and bottles they never go away at all,statement
now l have me ask you this,request
hello ann,general
d see it makes it makes f uh five pie crusts at once,statement
viosterol you know let the world train them what to fare laughter,request
do you like the dallas area,question
have you followed that very much,question
c but the distance f um lipsmack the the distance strength and endurance or whatever sort of starts to peak at about twenty eight twenty nine thirty,statement
d well thanks a lot,general
don t don t exist inch any hurry,request
can you think of another thing that you guys looked at,question
if dad s not coming home we have macaroni and cheese,statement
i enjoyed it,general
what s it called,question
we we put one i put one grandfather in a rest home,statement
have you seen that movie,question
i m sort of a a movie buff,statement
c and fluorine uh you put that in,request
f oh god,general
d so d well have a good day,general
d thusly go forward laughter,request
d well northerly virginia,general
don t resolve your earpiece hello,request
f um laughter yes,general
very faint f ohio sniffing whole right sniffing,general
you just put forms in the ground and fill them with concrete,question
coulomb indeed you can guess the rest of the plot,request
i was twenty nine when i had my first child,statement
d well speculation what,request
d well this has been really interesting,general
put it on your shoe now,request
my diagnose follow jean,general
c so i ll talk with you later,general
d well i i f uh we re going to compare notes f uh,statement
d so how do you f uh,question
well what kind of car would you buy,question
unity m in dallas texas,general
guess,request
d well you take it easy gail,general
d well f um take care,general
c and what what kind of books do you read,question
laughter bask it,request
there was no problem with it,statement
c so d yeah do it as long you can sniff,request
what kind of what kind of work do you do,question
laughter which one,question
you fanny just light,request
same here,general
care for the elderly and care for the children,statement
do do you do you blame the the government in washington for this,question
you have to sign a d you know,statement
have has anything in particular changed that you have noticed,question
but that s really getting under control now,statement
i come up there i ll have to stop by and have try some of your baking,request
is that where the,question
door right,general
they re not a hard,general
c simply f um yeah,general
hello laughter,general
c but how much is yours,question
c so pause d well i imagine i ll let you get spine to feeding your little one there,request
make them do civic duty whatever,request
i like to cook and eat and,statement
you like them,general
let s see what else is along television,request
f oh which one do you like,question
c or do you,question
not a good not a good easy way to get in,statement
c and it gives me a quick chance to to be caught up during the day because d you know we don t listen to the radio at work at all,statement
have you s had any snow up your way,question
c and we moved once a year usually laughter,statement
i come from wyoming,general
have ampere have ampere few,request
d soh f uh identify your family budget,request
is that how you,question
c and i was so mad,statement
is that what you do,question
have you painted something lately,question
really laughter,general
c so i guess i ve done probably f uh i d say seven or eight of them,general
you couldn t get a job to save yourself over there,general
it s all independent and choices,statement
nice spill to you linda,general
d so d well i won t keep you any more,general
c so c but f uh there s a lot i want to see d you know,statement
we re supposed to talk until they come on and,general
e i mean there are other things that you could go do,statement
c so f uh we play that a lot of them,statement
d well the same here,general
d so how s the baby do you think laughter,question
do you know f uh do you know anybody that s been it,question
d you know the the sunday night movies i watch those kind of things but f uh most but basically a lot of documentary things and d you know what s going on and that kind of thing,statement
c and these weren t even really full ones,statement
okay beep,general
c and i may do that sometime,statement
is this going to be fun laughter,question
c but f uh sigh d well i have enjoyed talking with you jerry,general
f ohio f ohio f ohio ok,general
spread it out because you keep the cream cheese kind of thin,request
it s been nice talking to you,general
things you already owned or things that you ve picked up just to do that,question
blow only look who she was running against d you know laughter,request
it s primarily f um a few big stories and then lots of high level reports,statement
c and f um this woman just offered it to me while i was in in graduate school,statement
is that pretty typical for your area,question
i just can t imagine that,statement
give maine around wonderful advice catherine,request
why don thyroxin you start first,request
d well thanks a lot i enjoyed talking to you,general
how come,question
f oh they are,general
it is f uh like i said,general
c or how did you do it,question
c and if i got the c r x it would have to have a real good sound system in it because i d want that too,statement
u uh huh,general
f huh d well i m just thanking heaven,statement
amp while,general
c but it s it s the price they pay laughter,statement
lipsmack can i clean your brain about how you got rid of those trees,request
f uh look astatine them,request
what area do you live in,question
the daytime goes aside,general
d well another thing i think would be helpful would be to have some sort of of say a national curriculum because one of the problems with getting good textbooks is that we have such a fragmented system for f uh curriculums that the textbook makers produce a textbook that will sell in texas and california,statement
lynn do you do you want to start,question
do you think it would have been better for him to have f um maybe one continuous teacher somebody to that he could f uh,question
maybe we ought to just protrude carving in stone again,request
you don t have to wait for them to tell,request
did you like do you use credit cards,question
d so how long you been with them since you moved down here,question
bye bye noise talking,general
oh breathing,general
d so it s nice to talk with you,general
again i don t know what i d do if it was my own mother or grandmother,statement
next year i ll do pansies,statement
how big a family do you have,question
calciferol you cognise let the world train them what to do laughter,request
calciferol anyway back on planting,request
c but d you know you ought to vex him to g pull the gage,request
d well then why bother,question
c and they re not doing it a again d you know,statement
c and have a estimable holiday,general
d well i ve certainly enjoyed talking with you,general
they spend more time messing with the p c than they would actually accomplishing the tasks that they re trying to do if they didn t have a p c at all,statement
yeah screeching,general
c or did you have a budget to f uh get your down payment going to get a house,question
the other one you motivation to go see is sleeping with the enemy,request
carbon and you rotate it one sentence,request
dorsum to your movie you saw that ten yard,request
c and you make sure that you keep up with them for the succeeding time,request
c or c or who was it,question
f oh calciferol well calciferol well encourage her to try other affair,request
hope you get to those places you have talked about,general
do you have a lot of kosher foods there at your house,question
c and this is this is their compensation,statement
f um pause lipsmack did you have your children did you say in home in in private care,question
you are because what i was going to say is what you will find is my background is in journalism and corporate communications,statement
they they just drop it in,statement
uh i have a sister in law who is from nicaragua,statement
what weekly f um magazine do you look at,question
c but it s just kind of like cause on the telephone,request
there s a lot,statement
c but as for its being required laughter,statement
f uh generally someone s trying to sell me something,statement
c so why have any restrictions at all,question
if she acts like she wants to or says she wants to maybe you could have her take some for a patch and interpret how she likes it,request
c but then we commode back up,request
c so d yea do it as long you can sniffing,request
i wouldn t have thought that pillsbury could would the e i mean e or even had chem d you know d well,statement
i think we were all pretty much f uh astros fans in the national league championship series,statement
where where is cornell university,question
what did they want to charge you for it,question
c but every time i have this phone is a little weird,statement
i think it went out twice in two years,statement
what s his name again,question
c and i m not indisputable that s good either,general
let s tattle about train,request
d well now wait a minute the there,request
did you ever see the original one,question
c and f uh it resulted in in a few people leaving,statement
children well what do you think noise water running,question
c and we got him when he was about eight weeks old,statement
fluorine uh you require to start off,request
i felt safe that the kids weren t going to be left alone somewhere in a room where a teacher could do something inappropriate with them d you know because,statement
d so did they scratch those f uh that star wars deal d you know they one we was all worried about the they in this sentence should probably be a the,question
thanks ampere fortune,general
let sec just hope we don t get to that point laugh,request
do you do you feel that the first two years that the f um,question
i live in atlanta also,statement
is that the one from sears,question
oh sounds like typing noises inward background,general
little rock stars put all them in there,request
c and d you know we have f uh needs in our life that are unique to us,statement
whereas if you re ripping wood you re probably better off with a a table saw,statement
f uh originally i m from west virginia,statement
i have a friend who was telling me about her brother who gets high all the time,statement
i d like i think kevin costner s a nice fellow,statement
c and it s already in front of them when you sit down,statement
tell me about your home,request
laughter f uh some lady she f uh,statement
it seems like a a big thing for christmas is usually ham,statement
f oh laughter f oh,general
laughter my community,general
coke but i say d you know they commit crimes let them be overcrowded laughter d you know,request
you wait astatine frito lay,request
viosterol well if you if you can get green wag go for it,request
that s kind of what i ve heard laughter,statement
uh hum,general
i i think in the long run though your child will benefit from that,statement
i ll i ll skip everything just to get back to the book laughter,statement
f oh i know exactly where that is,general
invite invite the knob over,request
is f uh traction much of an issue for you up there,question
are they politicians,question
you look astatine another kind of society wish the japanese,request
d advantageously it s,general
f uh c so do you think our politicians are honest at this point in time,question
c only front at their war,request
full hazard to you,general
i don t see how they could be especially not if they have to pay for child care,statement
laughter d good i really can thyroxine think of anything else,general
d now tell me your favorite team,request
who s going to pay for mine,question
d well d well when are the rangers going to come through th,question
have you ever been to houston,question
c but they like f uh spaghetti,statement
i ll bet it is,general
laughter is that the kind of music that you like,question
d well somebody has to do it,statement
you want to secern me first how you feeling about,request
c or you go to indiana on that,question
c and think what what s it going to be like for my my youngest an my oldest word when he goes to school,request
because if you f uh use drop cloths to cover everything and you use masking tape to trim out f uh all the parts that you don t want to slop over onto you don t have to be quite as precise about how you do it,request
take for instance f um a expectant construction company i used to work for ed swampers,request
d well you don t just get ready,statement
where did you get this cook book,question
probably you have to heat it up for a good f oh,request
c and they ve got their homes,statement
there s some people that enjoy tinkering around on cars,statement
c and then you sprinkle the cheeseflower on height of that,request
c so f uh sigh d well i f um i have enjoyed talking with you,general
isn t that something,question
c and d you know i made a few phone calls,statement
be sure to watch it tomorrow night,request
laughter d well it was nice talking to you,general
c and i don t feel like i ha have enough knowledge on it to even d you know,statement
c and that s south or thumping north of there or something,question
i m i m not into breathing f uh heavy government legislate legislating of a lot of different areas,statement
c so it seems wetter or something like that,statement
c but it was thoroughly to talk to you,general
laughter breathing f um,general
d like at hotels or restaurants there,question
c but we ve never got to talk to another person,statement
d well dana it s been really interesting,general
why don t you kickoff,request
c and what s your job now,question
it is different,statement
c and f uh d you know they talk about the army,statement
kalli k a l l i,question
just put f uh put a thing on it,request
inactive astatine it,general
laughter does he shed a lot,question
d oh real,general
c and f uh c so we usually catch f uh full house,statement
we used to go once a month once every two months to visit some of the patients there,statement
f uh don t you have to do it as part of its,question
did you ever see that,question
there s there s been a a fair number of of pretty good movies out recently,statement
about how much do they charge to do something like that,question
d well you haven t differentiate me f uh what sports that you are participating in,request
how strong is it,question
c but what if if that wasn t the case,question
f huh f oh d well,general
i c but i don t know that many men that have majored in engineering,statement
c but i just i just sometimes feel like i m being used,statement
down thither it s just like meat and potatoes d you know,general
may be,general
where is that,question
f uh how can you do anything about a problem besides if you don t know about it,question
he would d you know laugh with the kids and play with the kids,statement
pardon,general
f oh i know where that is,general
d comfortably undecomposed,general
c but jobs being what they are i substitute teach,statement
d anyway d well it s f uh nice talking to you,general
how did you like africa,question
it helps you figure out what s wrong with it,statement
does that does that cause any problems between the two of you,question
it would be three years,statement
one thought for sure one thought for sure you were inch dallas or something,general
c but if if it s not then i won t,statement
laughter d well what are your,question
proceed beforehand,request
ohio really,general
is that why we don t have,question
like the fifties oldies or older oldies,question
leave maine inch the air conditioning,request
c and let s face it,request
e i mean you look you look at the number of marriages that cost occurring decent ou e i mean even in high school,request
c and f um c and another question to ask be if they re f um state certified,request
let second say your spouse is on a fussy drug,request
c or c or maybe just exercise at home,request
c and i just got a whole mess of music,statement
i ll tell you,general
c and some ways it might be kind of laughter scary,statement
you birth a good time camping,general
c and you ought to d well as your daughters approach the college age f uh start finding tabu about the scholarship monies because there is a lot of money tabu there,request
if you were if you were finisher i d i d i d tell you you could come over and supervise laughter,request
my name is donna,general
laughter you too,general
atmospherics right,general
isn t that,question
i i throw got to run to a meeting,general
f uh spirit at them,request
this must be a a hard category,general
did someone just come up with this design,question
scott let s f uh talk about advice that we can bid a parent where the youngster is going to go to a university,request
hang on axerophthol minute,request
who else is f uh f oh,question
f oh i know,general
the same,statement
d comfortably all right,general
i don t quite understand it although i think probably the the worst thing that s happening in the world at least the modern world today is television,statement
c and she she was a personnel secretary,statement
don mt tell me what to do calciferol you know,request
d well go ahead,request
snow and preserve smiling,request
c and f um d you know have a good business trip,general
laughter okay laughter,general
f oh go leading,request
it was nice talking to you besides beth,general
don t result your phone hello,request
do you watch soap operas,question
c and f uh i was very pleased with all three games because kansas f uh,statement
c but i also agree that there are a lot of crooks and liars too,statement
there i could barely make a couple of miles laughter,statement
do we pay too much,question
we i m taking a business law class at night,statement
do you work out on,question
c so pause d well i guess i ll let you get back to feeding your little one there,request
c and you throw to make sure that you f um that you apply pretty early because they do throw a lot of places throw very long waiting lists,request
c and just recently i ve changed my job to actually do some of the marketing,statement
all right f um f um d well f uh,general
ace appreciate the call though,general
c and they won t e or just d you know just answer one of the questions the wrong way because you can do that d you know,statement
d wellspring i will say good sayonara to you,general
maybe it s one of those retirement things laughter,statement
laughter enjoyed talking to you,general
it s been nice talking to you tony,general
are are you married or,question
d so how do you feel,question
c and drain it real good,request
sounds fun,general
did you get your pizza taken care of,question
c or you do that as just on the side or what,question
i m more accustomed to a one acre lot being a standard and the two acre being what most people have,statement
in biographies,general
f ohio cholecalciferol well good luck to you,general
does he,general
go right ahead,request
farad ohio backless,general
coke and then you let it simmer,request
d well my office mate here earl he he goes to all the maverick games,statement
f uh when was the last time you saw a truck that didn t belch smoke or f uh,question
d well i i think you do do a lot of work,statement
c and you just keep beating it in,request
uh huh dish,general
is it a penal institution,question
sledding that live what you have got to coiffure,request
i was drug tested f uh not for the job i have now but for the prior job f uh,statement
hi pat,general
do you work with do you work around children when you work,question
f um tell me around about your camping experiences carolyn,request
d so how many children do you have at home,question
c or are you a teacher,general
it wasn t that bad,statement
barking yeah,general
c and i ve known several engineers that got laid off,statement
do you have lots of credit cards laughter,question
they don t socialize,statement
d so farad uh do you want to start first,request
c and then you ll have to give me a call on gardening laughter,request
sh let sulfur say,request
do you rent movies very often,question
tell me astir your clubs up there,request
surely,general
i was hoping you could order me what you thought,request
a fleetwood brougham was my last car,statement
d well you ought to come to north carolina,request
most of the people i talk to are texas,statement
good talking to you too don,general
f uh d well is there anything else you d like to share me about your recycling philosophy julie,question
breathing f uh i don t good off,general
buzzer peradventure we ll talk again buzzer sometimes buzzer,general
are you f uh from dallas too beth,question
c but some family things changed,statement
d well isn t it very hard to teach young children and then come home and deal,question
you know how that is,question
d well it s nice talking to you too,general
c and you want to use one of your good sauce pans that dissipate the heat because it it finish up burning,request
how are you today,general
e i mean we can t say it doesn t because it does happen,statement
what country were you f uh in europe when you were f uh f uh,question
c so you will have to do that formerly,request
i have enjoyed talking with you kathy,general
i remember i went to see don quixote over there when it came out,statement
nice to talk to you,general
correct laughter,general
hundred and you gens it,request
they i think they look at it as d well everybody the majority of the people think this way when that s not necessarily true,statement
c and f uh you just set it in there,request
calciferol huh,general
d well back back to this chitchat thing,request
we we re in pretty good agreement actually on it,general
d so f uh do you happen to be working for a large firm,question
c so what do you what kind of hobbies are you in,question
sitting on a computer,question
jean it s been awful nice talking to you,general
scott let s f uh utter about advice that we can offer a parent where the child is going to go to a university,request
they ve got a ne new c d out,statement
french yeah,general
you besides tonya,general
are you into,question
uh huh whiff,general
d well do you have any pets,question
coulomb and tell him to take you thither for your anniversary,request
c and in fact he everyone there was a toxicologist for the environmental protection agency who did work back in nineteen eighty six who wrote a letter to dr price in nineteen eighty seven c and in this letter he praised dr price for the work he did back in the sixties on this and said that e p a had been doing experiments on nonhuman primates and proving that ingestion of chlorine causes arteriosclerosis,statement
put them gull inward there,request
could you hang on one narrow jim,request
right on,general
d well i guess f um we dismiss cease our call now,general
c and as far as d like them f uh entertaining the rights that they should have,statement
do you plan on d like adding any rooms or,question
c and f uh c and that sort of forced them,statement
uh oh laughter,general
were they religious,question
f oh d so are they going to f uh begin spontaneous f uh drug testing,question
we had taken our electric,statement
what f uh grade is your daughter in,question
f oh okay wispy,general
i i guess d you know i d like you to peradventure express something here,request
you know should we,question
f oh i see laughter,general
c and i kind of like it down there,statement
d well hang on,request
coke and ane live in plano texas,general
very good,general
laughter i hope not,general
which one,question
c and they just d you know don t want to or don t have the time,statement
maybe to you and i who have grown up in some in f uh f uh some more beautiful parts of the country f uh i think that that f uh we become a little more aware f uh rather quickly of of what s happening with air pollution and how f uh how horrible it really is,statement
f huh what do you take i thirty five,question
you said,statement
be interesting to see when as mexico develops industrially whether you know without,statement
d so tell maine the last time you went for a boat ride,request
c and c and did did you experience that with your with your father or not,question
isn t that sad,question
the twine,general
f oh d laughter,general
f hm i wonder why it does,question
and you,question
f uh i like things like nova and f uh some of the the special programs they come up with on nature and stuff,statement
c but it was only d like seven dollars not too bad,statement
c or do you do you work or what,question
fluorine oh grievous laughter,general
right in right near d c,general
d well i think that f uh that the problem with the sales tax of course is it s an unfair tax across the board f uh as far as ability to pay which a allegedly allegedly taxes are supposed to be directed towards,statement
who was your trumpet teacher,question
i grew up in san antonio,statement
and the hand eye coordination,statement
are you f uh are you someone who works outside your home,question
you allow a message,request
e i mean on the other hand e i mean you take a refuse man in new york city starts out at twenty six thousand dollars,request
you survive leading,request
f uh do you want to go onward and go,request
f ohio baby talking,general
d anyway have fun exercising,general
you birth got to drive heedful,request
what do you feel the changes in the future d like with the abortions and that type of thing women in politics and,question
it s like shrimp on the gulf,statement
d well f uh i ll let you go i guess whiff,request
d so anything else you cook laughter,question
f oh f oh i see,general
snow and you name it,request
e i mean do you just keep it in reserve,question
c but there s kind of like a little a little thing sticking out f uh laughter in the lake michigan,statement
d easily don t bother laugh,request
dent that,request
d you know i ve never had anybody in my immediate family f uh murdered,statement
calciferol substantially you bet,general
f um what do you do this weekend,question
what kind do you like to watch,question
think so,question
c but i ve seen a lot of things i m not used to yet f um,statement
c and suddenly it it it drops off fast,statement
hold it down a little longer,request
scott let s fluorine uh talk about advice that we can whirl a parent where the child is going to go to a university,request
some of those certainly have a lot of dis difficulties d you know with f uh all sorts of things,statement
now how old is she,question
i i think i think that would be the ideal situation,statement
get the yellow unity,request
d so d you know it s it s very hard to say d you know this is what we should cut,statement
i m inward addison here,general
c but i did not know that these hyacinths,statement
she was she is always prepared,statement
f uh do you plan on staying home after you have your children,question
what about other other benefits,question
i have i have my doubts d you know,statement
d well you can t afford to,statement
what do you mean,question
laughter f oh yea,general
d well what s your views on it,question
c and f uh thanks a lot,general
f um what kind of,question
did it did it work out pretty well in the end,question
do have air conditioning in your car,question
c so d well was it hard to adjust living in an apartment after being in a house,question
c or do you go to groups,question
sesame seeds and bread crumbs,general
c and what the scholarship could not supply i was able to to work for and,statement
do you f uh stay overnight on the way,question
uh huh noise ice rattling,general
i m at east carolina,statement
right racket,general
c and it came in an envelope that says dances with wolves,statement
usually i get distracted sour the topic,general
you drive by yourself up there,question
f oh d well d well encourage her to try other things,request
absolutely,general
laughter uh huh,general
d well thanks for your time,general
where do we get that from,question
thank you for call,general
d well what is it,question
c and c because it s a wool skirt,statement
is is that what you re talking about women working out of their homes,question
would would you have said that a couple of years ago do you think,question
write that unrivaled down,request
you take to chopper em up real fine,request
i have some friends who work up there,statement
ohio f uh,general
tell me about the automobile that you ve fetch,request
c so i i definitely want to get anti lock brakes,statement
laughter d well do don t always get one for angstrom pet,request
f oh really child talking,general
d well good talking to you,general
i don t know that it does,statement
d well i was i was f uh originally chosen primarily i think because i was a young fellow,statement
c but d well michelle it s great talking to,general
huh uh,general
is that lift lifting weights,question
d well do you have any more words of wisdom about the subject laughter,question
f oh f oh you are,question
alright hum breathing,general
c but i think most lawyers do a pretty good job of making that evident to to clients unless they feel they can d you know tweak a jury into laughter,statement
e or th one of their articles was on recycling,statement
f oh really f oh,general
do you know it was on radio now,question
do you like to go to movies,question
you can hire those fluorine uh,request
c and they keep on replacing them,statement
was this recently,question
f um d well what do you think is f uh the pollutants the main pollutants in the air,question
one thing i ve run across pause lipsmack recently though,statement
cytosine oregon right,general
that s how i met girls was i d find out if a girl could drive a manual transmission which i i had never,statement
did you notice that when they passed the new simplified tax act it seemed like it made everything harder,question
f uh what i what is your practice as far as budgeting,question
f oh groan,general
you leave a message,request
d well f uh could you give me an example of a case where you think that,question
c but i guess they re not because it s something i ll have to deal with sooner than later,statement
d well maybe you can f uh make that one charming and and make a little prick money f uh,request
ergocalciferol well let,request
d so how many f um credit cards do you have,question
do you do a lot of it,question
did you have that done professionally,question
present me some wonderful advice catherine,request
and let all the normal people go,request
f uh back to the topic,request
d well it was very prissy talking to you,general
imagine farad uh d well d you know they had a group who were construction oriented,request
do you use credit cards a good bit,question
c and the question is who was he going to pay it to,question
f um f um f ohio yeah,general
c so f uh d you know let s let s gravel with that original trust i guess,request
i cognise we ve got a good connection,general
f oh you ve bring to fancy that one,request
begin pursue they,request
f oh don t be concerned,request
d well if you if you can get green card go for it,request
cholecalciferol well go ahead,request
c and you can leave a substance,request
d well where are we going to impose d d you know,question
that s where the real sticking point comes in,statement
c but f um i went ahead and planted one and mine looks better than his laughter,statement
then you f uh pour that in there d you bed to make the gravy,request
we ve had a lot of murders drug related and stuff,statement
that s like this dog fish,statement
we we just try to maintain the laughter lawn and the shrubs right now and the trees,statement
f uh he s read books about guns since he was,statement
f uh lipsmack d golly what s this white powder that that f uh that you mix with water,question
i wish you the best,general
who knows,question
you can usually find it in a health food store,statement
static yea,general
tapping uh huh,general
go out and buy one instantly,request
c and then they weigh f uh your aluminum cans,statement
it s all chocolate d like made like a paper bag,statement
d so tell me around where you live,request
c or you can just get some d you know habitue red peppers,request
ergocalciferol well don t give too much credit to the american public for their motivational ability,request
f oh yeah f uh,general
d well d anyway i have enjoyed talking to you,general
it cost it cost adenine pleasure chatting with you,general
then the system just keeps on,statement
drop in at times that equal unexpected,request
is that is child care or that type of idea completely foreign to them,question
correctly dishes,general
c but most of them just want to go play,statement
send them over to irak laugh,request
c or have you been participating in this,question
c but f uh they weren t that successful,statement
c and think what what s it going to be like for my my youngest an my oldest son when helium goes to school,request
c but i didn t see quite as much of that sort of thing as panamanians are just about as laughter as f uh as as americans as far as f uh creature comforts d you know,statement
di did we tend to f um change their attitu attitudes,question
c and she use to work for a veter veterinarian,statement
you probably could you probably could,general
sure good utter to you jim,general
coulomb and you turn it one time,request
f um yes,general
c and you need to go in the form when all the flowers are in bloom all up and down through there,request
have amp good night,general
laurie all right beep,general
know d you know how to get how to even go about getting money,question
c and you ought to d well as your daughters approach the college age f uh start finding out about the scholarship monies because there is a lot of money out there,request
pharynx clearing trusted,general
c and before i had my second child we sort of had a contest going where,statement
i m trying to think of his name of it,statement
laughter come on,request
throat clearing uh huh,general
that that s more important to us d you know as as f uh there may come a time when i will be working again d you know,statement
fluorine oh d well you need to come out laugh,request
f oh don tonne suppose that,request
c and it s wonderful noise,statement
what does f uh,question
that s almost when you kind of wish that there where standardized sentences,statement
is there anything f uh that you particularly are concerned with in your particular area as far as security and that sort of thing,question
what sec your figure,general
d well tell me some your van,request
did you ever see f um f um sleeping with the enemy,question
do trust god because i don t know kids are a blessing,request
c and fluorine uh nobelium,general
f uh look astatine them,request
d well iodine know they volition,general
you maiden,request
f um we have five children,statement
did you hear my printer in the background,question
are the they are so good,statement
f um how do you feel about f um the way the u s has reacted in the middle east,question
c and especially the visa card,statement
what are you f uh for in favor or no comment,question
c and it is open,statement
f uh do you have the before school care,question
d well if our time is up we can quit,request
noise were you in a were you the girl scouts too,question
c and f uh of course nothing ever goes down,statement
uh huh fluorine uh,general
proper dishes,general
they better clean up with their women and help them,statement
c but the ribbons they make them they d like,statement
d well jack it was nice to talk to you,general
c and f um after it was all over f uh the jud they sit down with the judge and with the other two lawyers talks to someone in the background a let me come over in just a second okay and sit down with the judge and with the other two lawyers,statement
i think it ll be neat,statement
it s been nice talking with you,general
i m i m sure,general
i it s been fifteen years now since we first moved to texas we ve had it,statement
c and f um c and another question to ask is if they re f um state certified,request
f oh o laughter,general
c so tell me near your national,request
sleigh that is what you have got to behave,request
laughter d well d actually i m i m i ve heard on the news that we f uh will be setting a record here in the state of texas for the f uh large amounts of rain and moisture we ve had this year that it s going to break all kind of records that were set set set back since nineteen thirty two,statement
cough yea noise,general
exactly retrieve of the money they could save,request
c and you put a little bit of that over it,request
d well,question
it s it s worth the trip,statement
i ve never quite understood the purpose of that,statement
c or d like what what percent do you then save or something,question
what about hawaiian luau,question
since you re be you can talk for hours go ahead,request
d well i enjoyed,general
exactly,general
let s talk virtually schooling,request
can you arrest ringing on just a sec,request
look at the puncher now randomness,request
is it is is it designed for punishment,question
c but f um they were always talking about the air quality of today is this d you know the ozone or whatever,statement
c and f uh he s pretty okay,statement
hi laughter,general
does it work well out there,question
do you use that facility a lot,question
put in ampere perennial dispirited salvia,request
overnice to have spoken with you too,general
you probably don t want to take them to see silence of the lambs,request
yeah throat clearing,general
c and d you know we re recycling aluminum cans up here and f uh just what you would buy out of the machines and drink here,statement
even at your age,question
c but i think it makes a big difference in terms of finding a school that is sort of right for the child in terms of his or her happiness and,statement
c and you have to make sure that you f um that you apply pretty early because they do have a wad of places have very long look lists,request
hold on beep,request
c and i was by myself,statement
c so f uh are you originally from michigan,question
do you think that would be reasonable,question
and i think i think this reaction comes more out of fear,statement
laughter really f oh,general
most of the teachers had degrees f uh,statement
have you taken anything back lately f uh that you ve bought,question
c and it s hard to believe that d you know this really happened,statement
after your master s or after your,question
the other ane you need to go see is quiescency with the enemy,request
what are your thinkings on what they can do what they ll be able to do,question
you shouldn t be talking about this right before while you re neutering dinner,request
c and i haven t been,statement
ohio uh huh,general
f oh i love those,statement
you have angstrom ripe time camping,general
e i mean d you know he just,statement
viosterol well you shouldn t do that,request
lease entropy hear about your hobbies,request
c and c and they talking singapore is it like that,question
you should embody careful laughter,request
d well f uh what laughter what do you think about the metric system,question
you want it to get dry but not f uh just real hard,request
where does she live,question
e i mean it s just almost surreal in some places,statement
laughter farad oh okay,general
c and you have to make certainly that you f um that you apply pretty early because they do have axerophthol lot of places have very long waiting lists,request
c so d you know we re we re thinking about that,statement
what s it like down there,question
tocopherol i mean it s like don tonne worry about it,request
isn t isn t maryland where the famous willy horton case was,question
f uh what do you think about it,question
laughter d well yeah,general
look at the the smith trial,request
c and i started hunting when i was twelve years old,statement
c and i m divorced,statement
do you use email and like that,question
you go onward first if you cholecalciferol like,request
do your kids and everything like to,question
how about your favorite team,question
from love canal laughter,statement
take care now,general
alright hum eupneic,general
is it f uh is it a way of raising the prices of illegal guns,question
c so what are some good things in texas to go visit,question
you have to like crowds d you know,statement
f oh i m building two,statement
wha what do you think about latin america,question
c and image if it farad uh,request
are they are those two married,question
c but f uh d well don t don t you all have a pretty high crime rate up there,question
d well what kind of music do you not like,question
talking noise your turn,request
c but f um no,general
you should always have an umbrella permit that bridges your life insurance and your medical and your f uh f uh car insurance inwards case you run into a lawyer and you break his arm,request
do you grow those those ten fifteen y,question
it has the speed,statement
c and good talking with you,general
throat clearing did you all do a lot of organized things like f uh little league f uh soccer,question
c and we did a lot of naturalist work when we were out,statement
c so tell me about your home,request
i i do enjoy the lake,statement
farad um farad um,general
key one laughter,request
c and i m bowling on the t i league,statement
f oh laughter okay,general
c but the thing is that it s twenty thousand dollars,statement
f oh now does does the school in in your in your city,question
restart babble to speaker b yeah,general
do you want to tell me about your budgeting plan,question
have s say your spouse is on a particular dose,request
i enjoyed talking,general
c simply use use good f uh stuff and buy it at a key store where they have the right brands,request
d well tell me what s in your garden this class since i don t have one,request
baby f um,general
you should constitute heedful laughter,request
whispering yeah,general
you you go out of your way to try real hard to make it perfect,statement
i know i get paid twice a month every two weeks,statement
when i first came here i wore suits,statement
i ve been here long en pretty long,statement
afraid not,general
hang on only a sec,request
f oh don mt read that,request
f huh d well you might want to get yourself f uh an sensual that doesn t require much attention like a cat,request
f oh he s got a blue tongue,question
take it easy,general
scraping that,request
century and honest talking with you,general
c and he d well i don t know he decided not to work one night or something,statement
what s that,question
laughter same for you,general
why don t you tell me about your choir,request
c and then you sprinkle the cheeseflower along top of that,request
good talking to you too,general
noise f uh hang along one bit,request
my husband s family are reaching that point,statement
yeah kid blab,general
can you really see it though,question
c so i don t recognize if if it s sharpen off or what,general
d so tell me about where you live,request
you want to tell me first how you feel about,request
d well you have a good evening,general
only get it taboo d you know,request
c but f uh i work outside the home,statement
c and that c and i d rather have a maxima than a cadillac,statement
morocco,general
finding a taker,general
f oh alright,general
f uh i guess our big outlet is music f uh,statement
okeh fluorine uh breathing,general
c and by the time everything is settled in,statement
they re not worth it laughter,statement
c and c and all he has to do is hit the ball,statement
f uh it s definitely a big concern,statement
medicine uh huh,general
i guess we d meliorate go because our time looks care it s about up,general
you arse speak,request
you should beryllium thrifty laughter,request
charleston west virginia,question
c and don t you think that long term that s been a big boost for the united nations,question
c but where did you grow up in california,question
do they go to a day care center,question
laughter d considerably put them in a salad though,request
d you know that s not the best way,statement
d well tell me what kind of books have you read,question
how old is your car,question
c and what i like about it and i think she likes about it is that she knows everybody there now,statement
d well i m in a i m in an urban area,statement
uh huh very faintly,general
d you know i think it might be up to two hundred and fifty thousand,statement
c but then we re back to being warmer than normal this week or last week,statement
c and i think that s a shame,statement
we have a seven year old,statement
i think that while they are in jail and they are working their wages,statement
did you ever have her in child care,question
i ve talked to a lot of people in texas,general
e i mean d you know what about the rights,question
f uh f uh,general
in fact we ve been getting lunch meat that s turkey too,statement
should we f uh start this thence we lav,request
i would evoke attend it at the theater,request
sayonara sayonara noise television or radio,general
it s good talking to you,general
isn t that fun,question
is this like a very short call laughter,question
c and you d you know you just do it that way,statement
d well is are they is peace corps still active down in there,question
d so then f uh have fun doing this,general
do you ride a lot of rallies or a lot of those around there,question
it was so funny to see,statement
huh static,general
c and i understand that walking is suppose to be the d like the best exercise,statement
c and maybe we ll meet up again some time,general
d well how do you how do you feel about f uh companies drug testing prior to hiring,question
very faint what do you think,question
do they f uh do they axe you for treason or is it a life sentence,question
did you go alone or with a group or,question
c and they re finding bodies in di d you know,statement
i would non recommend that method,request
c and then you cook it for seven minutes on highschool,request
the radar just looked nasty,statement
make sure you smack him some so laughter,request
i have seen parts of that before,statement
you re a junior,general
ergocalciferol well iodin enjoyed,general
d well what would be the difference between that and social security,question
talk to you later maybe,general
even the bench warmer i would,statement
i thought the book was better than the movie,statement
what time is it over th,question
f huh okay,general
uh huh lipsmack,general
viosterol well i ll let you go,request
coulomb and you name it,request
oh very faintly,general
did they know that all along,question
narrate maine what you think,request
cytosine and you put back maybe two tablespoons full of the embrocate and saute some f um bell peppers and onions in in that little bit of embrocate,request
let sec say your spouse is on a particular drug,request
public school,general
are you interested in in computers,question
d well do you recollect we ve,general
c but i used to watch all those exercise programs on t v,statement
d advantageously you look astatine places like turkey,request
d substantially i enjoyed tattle with you,general
yea vocalize faded,general
the baltic states might be feeling the same way that our forefathers felt when they were leaving to come here,statement
is it a two eighty six or three eighty six base machine,question
you look at another kind of fellowship same the japanese,request
f oh really children static,general
do you do a lot of gardening,question
d well i enjoyed talking to you cathy,general
d like a major problem minor problem or,question
order maine,request
d well i guess f um we can discontinue our call now,general
the other thing to do if you re really like the hyacinths a and i do is that before you plant those bulbs puzzle them in the refrigerator for five weeks or hence to cool them,request
c but d you know you ought to vex him to gibibyte pull the weeds,request
then great,general
i guess it is time to close now so i can run belong help put the kids to bed,request
can you hold ringing on just axerophthol sec,request
i hope not f um,statement
do they teach them in school child talking right now where she s at about drugs,question
c but f uh how about you,question
do you go through this is this something that you go through every year laughter,question
d well then why did he say that during his campaign,question
c and i got it because my husband used to travel and be out,statement
c but f uh what do you think about the mess that s we ve created in iraq,question
noise f huh uh huh,general
f oh you will have to survive on nonpareil,request
ace would not urge that method,request
did you use word perfect,question
f oh d well i m looking forward to seeing that one,statement
hundred and you rotate it ane time,request
c so you re going to watch a game tonight,question
c so d you know,question
c so f uh yeah,general
d well god bless,general
what s wrong with that,question
d well f um thank for hearing me rap i guess laughter,general
well where are you from,question
back to your film you saw that ten thou,request
f oh gosh,general
c and whether we are talking about the rain forests,statement
noise d well what kinds of things do you do to try to get your children interested,question
c but i ve already gone to,statement
let s talk most the baby,request
which f uh which approach do you find to be f uh more useful the the interpretive approach or the straight reporting,question
you just told me that you re going to get one of those guns anyway,statement
d now have you been to yellowstone,question
throat clearing if if you wanted to farad uh farad uh really get into axerophthol hot issue farad uh,request
laughter d well i really can t think of anything else,general
showing my age,statement
i appreciate talking with you,general
does he get,question
c but laughter yeah,general
do you like opera,question
w f uh have you been in it long,question
have they put the cap on the interest rates,question
d well what s your opinion about capital punishment,question
that would be fair,statement
ever done that,question
is is is that with seafood,question
it was nice talking to you too,general
c and after that southward cooked you take it out and pour this on top of it,request
did you have a hard time getting used to,question
just ampere moment beep,request
nowadays it south up to you,request
f um tooshie you f uh hang on again hon,request
hundred a hundred and good circumstances,general
clicking rustling f uh yeah,general
how did you stumble upon the day care center,question
c or do you think that we are to the degree that we are causing pause,question
f oh you like science things,question
go binding to that unrivalled to ten scale where unrivalled,request
dainty speaking to you,general
hello ditch,general
c and i hope we,general
thanks so much,general
is it called baldwin or bebble,question
oh f um,general
who do they need to trade,question
d well have you called,question
we talk approximately sometimes going upwardly to chincoteague,request
farad uh look astatine them,request
we re supposed to appreciate them,statement
it s going to be depending on where the what they do with ruben sierra,statement
c but do you own a gun,question
c and i got one done,statement
what color is it,question
did you call,question
that encounter,general
in search of spock e or e no journey home i think that was,statement
i hope you enjoy,general
c and it was wonderful,statement
c and c and it it makes it pass pretty quickly,statement
it s based on common law,statement
c and talk adenine,request
go powerful forrader,request
don t ever drunkenness scotch,request
c and of course you need a baby sitter for that laughter,statement
did he take that back to california with him,question
if i were you i would get the greatest smash album,request
d sure,general
just a moment toot,request
hold on put on hold,request
isn t there a kmart everywhere,question
d so f oh well,general
d well if you ever get unrivalled be sure the walls are good and thick because if they re non you can hear,request
d so how do you keep up,question
c or did you do that yourself,question
do you have those up there,question
d you know e i mean it s it s silly that these that these people are handcuffed when it comes to discipline,statement
c and then you take and f uh lipsmack cover that with drained crab meat mixed with one of the small bottles of chili sauce and spread it over the top and spread it on triscuits crackers,request
e i mean d like the arab societies and stuff end up f uh having throat clearing e effective effective punishments,statement
alright adios,general
we go out with friends on the,statement
do you do garden work,question
f uh d so what do you think about the school system,question
what do you think of that f uh the greenhouse effect that s going on,question
it certainly constitute f uh going to be a pleasure to chat with you,general
is that is that hard,question
c but do you do a lot of skiing there,question
c so i d yeah i i was really happy that i was able to do that,statement
d so how about you charles,question
was nice talking to you,general
c but if you were going to a restaurant d say f um where would you go,question
you don t have to postponement for them to say,request
just pets,general
child talking yeah,general
do you have any kids,question
just a second,request
d well i i was in english as a matter of fact and,statement
i really apprise your suggestions,general
i n i remember the old days as a kid where bottle was a nickel,statement
laughter are you working on your f um,question
you can make f uh piping and cording,statement
f uh in missouri city,statement
they re not going to go without going through every channel of authority in the prison,statement
partitions,general
c but that s because of my physical condition and nothing to do what they did,statement
c and f uh yep,general
c but i do agree with you,statement
do you live in the dallas area,question
f um does is this something that concerns you,question
excuse me dissonance muffled sound as if handwriting over the phone,request
c so if you lower the amount they make and raise the amount of true minimum wage jobs not those that are affected by the federal minimum wage then more people will get off welfare,statement
you hump,general
send them over to iraq laugh,request
yeah shadowy,general
do we drug test everybody that comes in,question
i kind of got burnt out on steven king though,statement
c and then i will purchase a good housekeeping occasionally especially around the holiday time because of recipes and ideas and,statement
and it s getting quite serious as far as water next summer,statement
what type of music do you like in the classical area,question
c so you just moved away a year ago,question
have you have you tried getting outside estimates to see what it costs to have something painted,question
you purchase it you purchase it as a seasoning,request
c and f um i know our church does it,statement
c and you take upkeep,general
c and is camping for you in a motor home or a trailer,question
are you indium texas,general
wha what day what day was that on,question
right noise child talking,general
what what kind of work do you do,question
laughter child talking i m telling you go one way oregon the other,request
c and f uh it was nice talking to you,general
pose them to cultivate,request
c and you put that in there,request
there are more things to work out,statement
what do you think about gun control,question
they just thought she was moving,statement
are you getting a lot of static on your end of the line,question
freshen my memory,request
pick out where you want to live,request
okay faint,general
do you have to do all that yourself,question
some appliances breaking or something,question
we verbalize about sometimes going improving to chincoteague,request
c but you can probably empathize with this,statement
thank you for calling,general
laughter d well i enjoyed,general
you ve got to go assure that,request
f oh are you,question
section,general
d well have you ever served on a jury,question
laughter got to go take precaution of the children,general
uh go onward,request
uh huh noise hammering,general
d well i did too,general
let them go and pay their offense or their time doing something else,request
d you know what what f uh what do you think is important,question
does she ever want to go back to syria,question
are you going,question
c but d well michelle it s capital talking to,general
just a second sing to tyke in background,request
just don t mind me if i bounce back and forth,request
who who was in that,question
have a good daytime nowadays,general
was your f uh was your husband e i mean naturally a child,question
ane ll go ahead and start recording that,request
c and you f uh put about two tablespoons of f uh irrigate into this bowl and about an eighth a teaspoon of salt,request
is this a project you did yourself,question
d intimately it s been good talking with you,general
my kids get the biggest kick out of that,statement
d well you are not missing too much then laughter,general
c but f um he said that he would he would want to to seriously hurt or if not kill someone if if they did something to his wife,statement
d well do you even know what the procedures are now,question
week they re not going to class at all,statement
there s a f uh a couple called f um f oh,statement
f um we do it more when we have company come,statement
d well it might be a full time for you to be to to start a tradition,request
why wear t you go first,request
immix up a little f uh mayonnaise with some dijon mustard,request
f ohio laugh,general
is she she happy at school,question
d well leslie it s been very nice talking to you,general
d well maybe you can f uh make that one charming and and make a little bit money f uh,request
did you both work your wife too,question
what what type of art do you focus on,question
especially the democratic candidates don t seem to be coming up with much that really sparks my interest as far as d yeah maybe that could do something to affect our budget,statement
c and f uh you look astatine their fellowship,request
c so f um we re just not too far apart d actually,statement
figure one laugh,request
that was the best one,general
does it bother you if your children are not interested in it,question
is her name rash carolyn rash,question
c so tell maine your feelings on reuse,request
let them go and bear their crime or their meter doing something else,request
breathing oh,general
c and i hope you enjoy,general
c and f uh you put that in,request
f oh is that right,general
beep okay f um,general
what do you do with all these troops that have been taken care of by f uh bulgaria and,question
c and blab a,request
c and f uh i d say go to f uh midland once just for the heck of it,request
e i mean c and i think that one,statement
are you looking for a house or not,question
c or are they,question
i think that murder itself would decrease significantly if if there was a credible punishment f uh for murderers,statement
take care of your little ones,general
e i mean they re d you know they re pretty and everything,statement
c and what is what is he,question
be sure to watch it tomorrow dark,request
and everything,statement
calciferol surely,general
have you been backpacking anyplace exciting,question
c and i learned wordstar on that,statement
c so i i ve i ve messed with outdoor painting a little bit f uh,statement
d well you too jim,general
good day,general
bye bye noise,general
c and we have a home computer,statement
are you re a real life trekkie,question
c but f uh i sense that it s not going to happen anytime soon,statement
c and you ve got to admit that relation does kind of look at things that way,request
d so what kind of equipment do you have,question
calciferol now you didn t hear me say that,request
what do you think is the key to to just bringing the american family back together,question
d well it s been interesting to talk to you,general
well d you screw,general
take for instance f um a large construction accompany i used to work for ed swampers,request
excuse me just a minute,request
i haven t,statement
i think that s why they call me because they want to get people outside the state d you know,general
c and it always had to be somewhere near a a river so we could go fishing,statement
hello thither,general
c and you overcompensate it,request
d well it s nice talking to you,general
c and you turn it one time,request
d well narrate me some your home,request
well bill it s been nice talking to you,general
talk to you later,general
c and you continue,general
cholecalciferol well leslie it s been very nice babble to you,general
there wasn t anything like that that you could do in florida,question
pee them do civic responsibility whatever,request
you mean in cable,question
when when your son was at home did you f uh working,question
isn t she fabulous,question
child crying correctly,general
talking uh huh,general
c and you too,general
cholecalciferol anyway very faintly,general
f uh did you like it,question
you you have to recognize that if you re going to inhaling have the very best health care possible and f uh available on demand whenever and wherever you want it then it s going to be expensive,statement
anyway pause,general
f oh what s that one with burt reynolds,question
i think in places,statement
i m calling from texas,general
viosterol sol go ahead laughter,request
c and fluorine uh you just set it in there,request
do you all have much pollution there,question
no f um,general
you do the same,general
i wish we got that what,statement
they coiffure,general
c and f uh in addition to that i get a local weekly,statement
let s mouth about the middle east spot,request
you look astatine frito lay,request
f uh got kids,question
have have you been out of the country,question
beep okay farad uh,general
d well i m a ranger fan simply because i live here,statement
has that been the cutlass or the sierra,question
i hadn t f uh hadn t not gotten any calls here in the last f uh,general
f oh you ought to try about crawfish,request
e i mean d like i have a son and a daughter and two nephews that are grown,statement
we just didn t take enough blankets and,statement
f huh laughter,general
hang on just a second,request
c and where have you been on these cruises,question
what did you teach,question
you don t want the gum on the back of the masking tape to get dry to hard,request
do do you rent them,question
this is really going to be fun i think,general
d well you figure just watch it d you know during,request
d well gene wilder doesn t do that much for me,statement
d well you should f uh run for a cultivate board position,request
that s really nice to know because we were doing the same thing,statement
f uh you want to offset aside telling me what camping is to you,request
just adenine second,request
you want to tell me start how you feel about,request
i enjoyed talking with you too,general
c so you quit,statement
wait a second baby talking,request
instantly you check,request
you need to chop em upwards real fine,request
is there anything else you would want to,question
go salutary blab to you,general
d all right i ll talk to you later baby crying,general
what kind of things do you think can be done in in f uh in the long term,question
you ray reading dune,general
why not get the work out of the people,question
d see d well f uh like in f uh iowa and nebraska those little bullheads they look just like catfish f huh,question
what do you mean where,question
uh huh breathing,general
very faint f ohio yeah,general
ben franklin,general
up here,general
e excuse me go ahead,request
was it small enough that you could just hold it,question
c so did you used to ski when you were out here,question
click static yeah,general
spread it out because you keep the cream cheese kind of cut,request
f oh you are kidding,question
because i moved the day probably a week after one of the apartments blew up,statement
breathing i ll let you go ahead laughter,request
c and then you farad uh mix flour and a cup of water maybe farad uh unitary tablespoon of flour and a cup of water,request
c and so he used they used car repairs kind of as a way to have a d you know something that they did together,statement
didn t have shrimp there f huh laughter,question
c and it hit me in the face,statement
bye bye talking background voice said what s that about,general
snow but you go ahead straightaway laughter,request
you go ahead initiative if you d like,request
f uh do you want to go ahead,question
c because i was from west texas,statement
it so fo much fun to talking to you,general
d well things are doing pretty good down here,general
f ohio right,general
uh huh farad um pause,general
just do it by hand,question
c and f uh what kind of running do you do,question
c and you you let the chicken you fried kind of drain so that a lot of the oil comes out of it cough,request
c but f uh what kinds of things do you and your family do,question
i think he can be d you know i i don t know if it s the way it is in real life,statement
guess,request
e i mean you can tell him from me,request
he s going to be working for chevron,statement
cholecalciferol indeed f uh describe your family budget,request
d well it was good talking to you,general
nice to have spoken with you too,general
they don t have the ability to develop it,statement
god knows why we hold it on tuesdays,question
c and do you,question
d well unity hope,general
i i remember when i was a kid i used to do little little things for the old folks around the neighborhood,statement
you too dear,general
what do you think are some current trends in f uh the way families spend time together based on what you ve seen,question
c and we went to four different islands,statement
i m studying speech pathology,general
d so are they currently practicing capital punishment,question
c and you nucleus it,request
my name is jean,general
uh huh skin,general
i i infer d you know i d like you to maybe verbalise something here,request
there s never going to be enough hours in the day,statement
should i rent it,question
really,general
have you seen those f uh,question
ready,question
f oh i don t know,statement
iodine guess iodine ll get back to my wash laughter,request
did you have him in a cage,question
c and i live in raleigh north carolina,general
d well how many f uh f uh families own a refrigerator,question
hi very faint,general
c and clicking can you hold on just a s laughter,request
did you have you seen that one,question
d well thanks for talking,general
c but we don t really use them a lot,statement
c and you just keep beating it inwards,request
c and c and the cost of living here is just so tremendously d you know outrageous laughter,statement
c and after that s cooked you take it out and pour this on top of it,request
c and you place it on a platter,request
c so you should think about doing something like that,request
f oh thumping okay,general
nice speaking to you,general
i don t know the the the theory the scientific principle,statement
f uh lots of lots of young couples with d you know usu f oh,statement
have you thought about f uh leasing,question
noise f uh how much f uh how much pork do you buy,question
inhaling c and f uh how about you throat clearing,question
c and they re going,statement
c and it became so onerous that we gave up on it laughter,statement
she lived with us for f um three months c and because she s starting to get alzheimer s disease,statement
what if they re doing something legal,question
do you have any pets,question
laughter can you,question
f um did you all ever think about purchasing that one when it comes out,question
e i mean basically,question
c and that the government eventually will address too laughter just d you know because it s out of control,statement
c and i did an did an internship at the institute for aerobics research in dallas,statement
c and f uh d well tell your dad that now he owes you five bucks,request
d well things cost a lot more,statement
okay d well d see,general
laughter d well i ve enjoyed talking with you,general
d you know what i mean,question
d well laughter,statement
i don t remember the name of it,statement
d well you should of just ripped the unscathed thing out,request
our f uh physical and mental and spiritual health f uh it s really f uh very costly,statement
c but i might check,statement
f uh f uh so do i,general
c and i go into the hot tub,statement
lipsmack oh,general
d you know it s just incomprehensible,statement
laughter do you have any kids that you take fishing,question
c or are you in the work force,question
f uh do you mean businesses from the point of view as of of selling things to a consumer and,question
c but f um yeah,general
susurration uh huh,general
c or is it always complicat,question
c and then throw them indium with the rest of your salad sometimes,request
do you know,question
it s wonderful for them to be outside,statement
c and that s laughter about it,statement
what is that sound,question
d well you too lori pharynx clearing,general
with with what church,question
i was really impressed with that one,statement
d well sure,general
d well d well right now i i m just a student,statement
century and you put a little bit of that over it,request
c so you should take my word,request
c but f uh kind of had the feeling along that f uh,statement
thumping uh huh,general
haphazardness f uh attend on one second,request
static dots of static throughout paragraph don t you think that maybe that s why we had it this time,question
the other thing to do if you re really like the hyacinths a and i do is that before you plant those bulbs stick them in the icebox for five weeks or so to assuredness them,request
f oh lord,general
that that kind of gripes on me some,statement
put it to sleep d you know,request
go forwards you first,request
how did you ever get into that,question
and watch,general
faint ohio,general
d well don t give too much credit to the american public for their motivational ability,request
do you know it costs more to keep an inmate on death row than it does to send a kid to harvard,question
hey how you doing,general
what do you think that what do you think tell me what you think about this,request
some of my suits i haven t put on for laughter quite a,statement
look what we ve done here at t i,request
you skip the commercials,statement
d well good to listen,general
d so you think their quality control s going down over there kind of,question
she doesn t believe in the woman working unless she has to,statement
you own got to go tobogganing and sled with them,request
take your glass f um d you know pickle jarful or or whatever f uh liquid jarful d you know,request
c and it very very hard mispronounced for them to accept that,statement
d well nice to tattle to you,general
what school system are you familiar with,question
i really don t come from here laughter,statement
d well i missed it,statement
c or does he just run out in the backyard,question
you think your chances are better,question
coke but look who she was running against calciferol you know laughter,request
d so i ve savour verbalize to you,general
what did they do everyone come around and watch them,question
c and what night is it on,question
do you have children in the public school system,question
laughter f oh yeah,general
d good you haven t told me f uh what mutant that you are active in,request
c and you f uh have you eaten yet or whatever,question
c but d yea next sentence you go f uh d you know check into it,request
tell me about your cat,request
viosterol well perchance you can f uh make that one charming and and make a little bit money f uh,request
yea apparently,general
are you on an exercise program now,question
maybe unmatched tablespoon or two tablespoons let that brown then put all of the chicken back in there,request
laughter work ahead,request
can you book ringing on just a sec,request
do you do it yourself,question
i ll go ahead and start tape that,request
c but the crime spreads out into the more affluent divisions through robberies rape c and f uh car crime,statement
you have to like,statement
have you read that,question
c and i have seen so many people that just have to gift d you know their belongings,statement
c so f uh he was checking to see if i was going to stay in because i ve been so busy with this presidential search,general
how are we going to fix that tanya,question
d well i am glad you have broken the ice with me because straightaway i will i will start doing it laughter,general
c and when we did f uh,statement
what s your view,question
c and we ll talk another time perhaps static,general
either just the lucky or the unlucky one depending on how you look at it,statement
how do you just,question
c because it actually doesn t matter who shows up,statement
spell right to personnel,request
say maine what you like to do,request
is that how you re supposed to do,question
c and c and,statement
you jazz the murderers the drug dealers the exploiter put them all in,request
d well listen i enjoyed utter with you,general
have you ever done that,question
laughter who wins,question
i haven t played around here too much,statement
c but did he go into that in the book,question
have you heard of them,question
yeah fluorine um,general
you have incur to spell tobogganing and sledding with them,request
c and c and laughter he took another one,statement
up north child,statement
d like we can recycle f uh clear glass brown glass green glass,statement
you too tanya,general
c and then you ll have to give me a shout on garden laughter,request
i i think that s about all i can,general
my identify personify lowell,general
d you know who s going to croak first the people that smoke or d you know,question
i m blend to have to go,general
c but it s still be quite a bit cheaper to do it yourself,statement
c and one ve enjoyed talking to you,general
i would just encourage you to behave a short traveling though before you get married,request
laughter well it was nice peach to you,general
you wish to have a start,request
c and the county adds theirs,statement
former than you use them or you wear t use them,general
c and you put a little moment of that over it,request
we don t e we don t catch it either mainly because my husband rarely has time to mow the yard,statement
e unity mean unity unity would recommend you look at that book,request
you go ahead maiden if you d like,request
f oh f oh really,general
what kind of fish,question
where are you from tina,question
for example down here when you go up to a gas station,statement
thirty day notice for what,question
d well myrna how do you get your news news,question
well what else can we d uh talk about,question
apparently the specifications for the joints f uh,statement
c and i m hoping that by d you know,statement
if you re ever indiana town we ll go see a movie laughter,request
f oh uh huh laughter,general
laughter yeah laughter,general
little rock stars put entirely them inch there,request
what was that book that you were saying to read,question
what have you seen lately,question
d well you are going to have to find a mother s day out and have him call in demented peerless day,request
do you go camping very much,question
c and we ll probably be talking to you again,general
hundred and then drainpipe off all the grease,request
laughter d intimately it s been some interesting subjects,general
that s one of the one great thing about it laughter,statement
that s what i hope,general
let s say your spouse is along angstrom particular drug,request
c but d you know i don t think i think it s going to be a long time if ever when nice things and really quality construction and all the other additional amenities sigh are really sigh f uh desirable,statement
could you hang on one minute jim,request
farad uh let s see,general
d well i induce excessively,general
suppose f uh viosterol well viosterol you know they had a group who were construction orient,request
tell maine what you like to do,request
yea farad uh,general
d well f uh what is your favorite kind of music,question
that s why your diesel engines have such high compression ratios,statement
m century i,general
just put your paper in the same place every day,request
beep hi,general
laughter f uh what kind of books do you enjoy reading,question
would you barbecue a turkey or a chicken,question
it thence fo much fun to talk to you,general
c and i guess we d better get back to work f huh,general
allow s hear about your hobbyhorse,request
c and you mix it with one tablespoon onion juice and one tablespoon lemon juice one tablespoon worcester sauce and mix it and spread it out onto a plate,request
did you graduate in a certain field,question
c but f uh c a c and occasionally i i pick up d like time magazine or something i think f uh if they ve got an interesting lead story,statement
bye bye talking,general
lipsmack c and straightaway i ll get you say something laughter,request
what state,question
hi diana,general
c and hopefully we d catch our supper,statement
c so calciferol yeah do it equally long you can sniffing,request
you shouldn t be talking about this right before while you re fixing dinner,request
treated wood can really make you sick too,statement
c but d you know you ought to get him to g deplume the weeds,request
nice talking to you linda,general
did you use a did you use a zar stain,question
c and then you pour ii bottle of beer over it,request
what do you have at home,question
secernate me about your clubs up there,request
c and then on tuesdays and thursdays i run two miles,statement
d well do you do the do your daughters live close where you can go out,question
i ll let you start this time,request
d well it was good tattle to you,general
f oh you don t think they got the codes from the u s already,question
do you feel comfortable f um with them coming home after school until you and your wife get home,question
retain it soften,general
c and you ought to d well as your daughters approach the college age f uh start finding out about the encyclopaedism monies because there is a mint of money out there,request
d well you go ahead,request
c and f uh until next time,general
your consider,request
cytosine and keep your listen on positive things,request
follow nice talking with you,general
tell maine,request
you d you know,general
what was your favorite all time movie,question
okeydoke,general
and it goes into night programs at that point which could be one of d you know many different night programs,statement
i wouldn liothyronine mind it,general
that much of a difference,question
c and hold on a second,request
d well it was truly good to blab to you,general
door uh huh,general
f um you should always have three months of your salary in a savings account in case there sec a major need for that,request
yeah fluorine huh sigh,general
c or do you get money for it,question
f uh what do you,question
do you have it there,question
it was very expensive because the whole time you were on there you were on long distance d you know,statement
d well do non tell that to all my acquaintance,request
now what about you,question
c but so far i ve been able to we ve been able to pay it off every time,statement
what are you guys having for christmas,question
leave me in the air check,request
got two boys,statement
are you going to go see the elixir of love,question
where does talking in background he work if you don t mind me,question
c and i forget to make a call laughter usually,general
what do they get paid,question
of the stones,question
my step classes and toning is about the only thing,statement
have they done that in garland,question
tobogganing,request
farad um talking,general
maybe this is a fantasy we can to talk about any kind of car,request
how does it do that,question
f uh probably m less so now than it was ten years ago or whatever,statement
my parents live inch oh,general
c so c but we have the money set aside,statement
if if the isolation concept really works that good why are our prisons overcrowded,question
cholecalciferol well thanks for discussing it,general
hundred and think how rich she is,request
you also heartfelt,general
d well let s face it,request
f oh sure,general
any particular reason throat clearing,question
what is twenty one thousand,question
you rattling should go to eu,request
is your cat a purebred,question
c and then f uh where where have you been,question
laughter function ahead,request
some people have really a green thumb,statement
f oh you ought to try some crawfish,request
snow so it represent nice talking to you,general
that s kind of the same thing for me,statement
c and i hope that i will become a better make a better difference in,statement
d so f uh do you think russia s still a threat,question
d anyhow back to the subject,request
e i mean portland s pretty good f um,statement
c so that is something you might keep your eye open for,request
c so we try to hit those places when we can,statement
anything else you wanted to add,question
d well i ve always liked clicking that,statement
i have got to go,general
were they teenagers,question
in sixteen years when he s ready to go to college this is how much it ll cost d you know,statement
d so d you know i grew up listening to that stuff,statement
laughter f uh oh f uh oh yeah,general
you you showtime eventide,request
redress telly,general
d so d so where do you go,question
laughter d well e i mean he is still wearing bell bottoms jea not bell bottoms e but,statement
century so let s make it a good i,request
it was buddy ryan the one that i can t f uh f uh stand too much,statement
all decently,general
c and f um c and another question to ask personify if they re f um state certified,request
c and then i started school d you know,statement
when do you get out,question
i was about to say you ought to experiment on at least angstrom small part of it before you just tackle the whole thing laughter,request
is he a programmer,question
laughter f oh i know it laughter,general
your your routine,request
yea screeching,general
ace ve enjoyed lecture with you,general
c and have s boldness it,request
f um c but she might have some contacts here,statement
go ahead laughter,request
where have you been,question
we talk about sometimes going up to chincoteague,request
c and in about two months we were back to doing the same thing we always do,statement
is really kind of bad child,statement
c and f uh i f um went with the department of state treasurer in retirement disability,statement
d so can i just ask you are you canadian,question
ace thou nola,general
substantially d you know,general
d well d you live permit s face it,request
c and when i got improving thither the car,general
laughter and they re real happy with one another,statement
have you had any former suzuki students,question
c and c and they actually have them perform the music,statement
yeah pause interference,general
c but really f uh,statement
you are old enough,statement
you go ahead first if you d like,request
become amp become amp few,request
let s illustration f uh,request
she s old enough to really grasp,statement
where does your friend go to to recycle,question
who is it,question
the seasoning they it s just unreal,statement
d well if your ever in f uh d c come look up wayne sherman you ll say f oh yeah talked to that guy,request
you know hold them a fine whatever,request
they re nice,statement
c and every,statement
spill wireless very faint yes,general
f oh d well you need to come out laughter,request
c and they put them right near where they have the time cards,statement
c and besides my daughter wants me to put her to bed,general
c and go to farad uh lone star,request
it was really good,statement
get some books of whether it represent pennsylvania or va,request
d well i guess too if i thought that this would help really and truly do away with the drug problem then that would be one thing,statement
you let them out and let them fly around and everything,question
i ve talked to amp lot of people inward texas,general
it s just a it s a cheap little,statement
what are you throat clearing what are you studying there at heidelberg,question
are you a teacher,question
fling right to force,request
farad uh stake to the topic,request
the other thing to do if you re really like the hyacinths a and i do is that before you plant those bulbs stick them in the icebox for five weeks or so to cool them,request
i remember we are,general
f uh what are you studying in college,question
now it s up to you,request
f uh how you practise,general
that s really it s not like you would have to cook it for an extreme amount of time or something like that to get it,statement
cough d well i just i just don t think you can go wrong with something like that,statement
c and f uh they they promote service on the part of the kids to to f uh some of those people,statement
laugh uh huh laugh,general
d well permit s talk about air pollution,request
the other one is f uh f uh has d you know needs more work done,statement
c and f uh keep your psyche off of negative matter,request
very toot definitely,request
f oh they re bulbs for spring or fall,question
f uh kind of takes away from the significance of the death penalty,statement
d well good luck with the the new kid,general
c and f uh who do you have her or him take it from,question
what degree e i mean what are you wanting to do after you get out of college,question
excuse me one sec,request
oh noise sounds ilk a cat,general
f uh we ve got five bedrooms,statement
yeah tapping,general
blow and you put a embayment leaf and put some f uh red pepper over it,request
laughter is that the reason you re not doing it,question
it s increasing,statement
can you think of anything else that s happened recently,question
how do you like it,question
have you ever been to f uh what is it original book binders in philadelphia,question
tell me your figure again,request
f uh have you every been tested for a new job or anything,question
go out to the nursing home help guide approximately craft plan perhaps work on approximately sigh music plan whatever their talents are,request
do you suppose they will laughter come and knock on your door and,question
now you can tell me what you manage,request
should we farad uh start this so we lav,request
what kind of singing do you like to do,question
what is your name by the way,question
put it along the letting,request
did you receive information from your skiing magazine,question
calciferol well i thank you,general
are you on the early retirement,question
c and i live in virginia laughter,general
we don t have any kids yet,statement
d well it was n nice talking to you,general
i live right by dallas,statement
but rinse them out axerophthol little bit,request
it s just a matter of finding,statement
c and then you take and f uh lipsmack cover that with drained crab meat mixed with one of the small bottles of chili sauce and spread it over the top and spread it along triscuits crackers,request
c and because the parking brake hadn t been used in so many years the piston froze up,statement
d well f uh hang in there,general
f uh noise,general
d so what s the latest one you ve read,question
c but they have videos that f uh,statement
c and f uh f uh we both calculate forward to sledding to our next reunions i m sure,general
viosterol well you offer ahead,request
cheerio music,general
how old is your daughter,question
d well listen it was proficient talking with you,general
f uh just close to methodist hospital,statement
for east texas or something,question
how much chili sauce did you say,question
his house is more like a farm house,statement
f huh how long are the cruises,question
f oh don t say that,request
you think the rich are paying too much,question
a small town,statement
f uh c and it s there by the copper mill restaurant used to be the hayloft,general
soundly morning laugh,general
c and it gave the impression of very old weathered stucco,statement
take your glass f um cholecalciferol you cognize pickle jars or or whatever f uh liquid jars cholecalciferol you cognize,request
d well what kind of garden do you have,question
fritter them,request
no problem,general
are you finding it tough trying to find what you want,question
d so do you file federal or joint income tax,question
hi this is judy,general
i i think working mothers or mothers who choose to work outside the home f um need very early to come to grips with any guilt,statement
c and if there needs to be a change in a period of time,statement
rustling uh huh,general
c and when we pay garbage men more than we pay teachers,statement
f uh you name it,request
doug you deficiency to start laughter,request
f oh you will have to go along one,request
c and he s bad,statement
c so you can gauge the rest of the diagram,request
compensate whiff,general
don t differentiate me what to do d you hump,request
don tetraiodothyronine don tetraiodothyronine live in any hurry,request
fernando,general
wherefore don t you start,request
c and you name it,request
it s it s not not that it s just hot or dry,statement
go right to personnel,request
f um kay,general
what kind of things do you like to do with wood,question
c and i do quite a bit of business in washington,statement
c and so you take it out of the blubber,request
countenance them,request
do you f uh have you ever used an oil base paint,question
d so f uh tell me about deepen from say twenty years ago since you were an adult twenty years ago,request
you might consume a seem at them,request
we re changing doing other kinds of things which to me is is disturbing lipsmack,statement
what do you have,question
d well bent on,request
c but did did you go see that new doors movie,question
d you know c and you,question
c and he s in fact he s a d well heart too,statement
yeah cough,general
take your glass fluorine um d you know hole jars or or whatever fluorine uh liquid jars d you know,request
f ohio i know just where that is,general
is it the the wharf or the the f uh,question
carbon and imagine how rich she is,request
you could feel that you really have a very strong case and that you re very much right,statement
d well it was gracious talking to you too jim,general
the other one you need to go see is sleeping with the enemy,request
you exit ahead,request
are the two boys first,question
i lost one one time f uh,statement
d well it s just f uh been delightful talking with you,general
pay attention to what s happening talk to the teachers f uh talk to their kids about school and support the institution,statement
c and so you could you could go talk to them in their office almost at any time,statement
it was right talking to you robert,general
why don t you go ahead and start,request
hi kay,general
d well what i did was i went to a jazzercise class in a new location in richardson near where we live in north dallas,statement
if he s going to do it you ve got to twist his arm to get him to go do it,statement
c but i m not a new ager i don t believe,statement
e i mean doctors routinely send people in for anything,statement
hi farad um,general
it s a wonder there s anybody who s willing to be a policeman anymore,statement
i m back,statement
c and i think that s that s going to show up a lot more now in the in the next generation of of boys and girls,statement
i find that a total waste and part of the defense budget,statement
thank you for participating,general
c and i hope you enjoy the weather this week,general
skillful to blab to you,general
c therefore c simply f uh d well you ought to try that,request
thanks a lot,general
very faint all right,general
ergocalciferol well i guess that s it laughter,general
what part of the country are you in,question
go out to the suckle home help guide some craft programs perhaps work on some sigh medicine programs whatever their talents are,request
laughter wear t require me,request
c and i know people that are paying two hundred three hundred dollars a month for insurance,statement
there are political boundaries,statement
c and they all had to pass,statement
right yeah,general
there are two out front,statement
laugh d well it comprise nice talking to you,general
do they have options on who they f uh d you know like choices of doctors and that type of thing,question
d well in in interviewing have you ever discussed benefits with some of the potential employers,question
a grand jury or,question
fluorine uh yes,general
are you a a native texan,question
i i talked to so many people from texas,general
sure good talking to you jim,general
c and then look at the weather we have down here,request
rest yep,general
have a nice day,general
carbon and f uh you place that in,request
d well i m a current event junkie,statement
okay carol,general
f um f uh some people now it seems like are turning back toward actually trying to find out what they re in it for instead of just f um,statement
get s just hope we don thyroxin get to that point laughter,request
f ohio i date i date what you re saying,general
c so c so i see us in a kind somewhat of a catch twenty two unless we unless the banks or industry and or the government go together and and come up with a way to f uh have us as a part of the unemployed society be able to be gainfully employed again converting all this freon twelve stuff into the new nonpolluting f uh compound,statement
wait wait wait h three,request
c but more than a review they re getting those kids primed and ready for the tests that are coming up in,statement
the wind,general
were you in the band,question
i see f uh throat clearing,general
there s a lot people at work that would have baby sat him c but sending him to a preschool where he actually learns something,statement
c or are we going to keep having to try to juggle all of this,question
which one is it,question
d well like i said good luck to you,general
c so did it become,question
disco was pretty much dead by then,statement
i have four,statement
c so she stopped for awhile,statement
from some list d you know that knows that i have a say a charge account at at neiman s or something,statement
have a estimable lif,general
c and then discombobulate them in with the rest of your salad sometimes,request
f ohio faint,general
c and c and yet even he was a a consummate politician in the sense that f uh not only did he f uh fail in business twice with bankruptcy and failure,statement
laughter d well recite me,request
you still got cars on the road that don t have both,statement
we had my mother all set to go into one,statement
f uh yeah,general
are you a native of that part of the country,question
c so will you f uh breed one of the litter then next year,question
d so what part of mississippi are you from,question
c and your kids all ski,question
why do f uh is that just because they have such a low opinion of the public and the public s f uh,question
coke so f uh yea,general
c and it stays low a lot laughter,statement
c soh farad uh c and if you don t have the money then use a credit card,request
laughter me too,general
you have a good evening,general
then be gone,general
what d now f uh what particularly particularly what kind of music do you like,question
d well i just have to be honest about it,statement
generate axerophthol generate axerophthol few,request
c but on the other hand,statement
d well d see what do you do,question
you penury metal alternatively of plastic,request
that s good advice,statement
you can go back to exercise now,request
c and then you take ten pct of it,request
i remember feeling annoyed a again i didn t have a kid with me c and i remember feeling annoyed that they had this whole thing about the master and the passing of wisdom the from older to younger generation,statement
c but if you do if you do have to go something i guess we can just cut off,general
a running total,general
we have uh we do have some snow in the wintertime,statement
can you fall on but a minute,request
viewing upwardly,request
take charge of your lilliputian ones,general
d you know something about the place makes it not not quite enjoyable,statement
tell me tell me where you re calling from,request
you power deprivation to,request
hi f um,general
like bowling d you know you feel bad if you bowl a hundred,statement
i m callie indiana coronal,general
thursday i took them to another kindercare,statement
what f uh go ahead and tell me about your home laughter,request
c and it just seemed like it would be a fun place to go,statement
c and close to that what s called duck creek that runs through part of garland that s the part that always seems to get hardest hit when there s there s the hard rain,statement
f oh he is,general
it s not all that long ago is it laughter,question
d anyway what are you driving now,question
ergocalciferol certainly,general
i know it,statement
i i give maine cyanide,request
do they do it with news papers as well,question
my mother and my father split up when we were young,statement
d well it s comprise fun i enjo enjoyed talking with you,general
ergocalciferol well get s start with you laughter,request
do you see anything wrong with public school systems,question
have you ever had,question
ye laughter yeah,general
c and virtually every one of the categories there isn t f uh a laker in the top ten,statement
contract angstrom contract angstrom few,request
she was in the litter,statement
c and f uh we play in a lot of couple s scramble tournaments,statement
f oh c so how about the soviet union,question
what f uh go ahead and tell maine about your home laughter,request
do you just try and keep them i guess f uh firm and f uh,question
d well what do you think,question
do you wear waders when you fish,question
sometimes i watch that,statement
d thence go ahead laughter,request
you have to make sure you don t throw away any of the slick paper like magazines,statement
you might try that,request
d well you have a good night,general
how old are you,question
are are you in a house,question
i m i used to be a college student,statement
i ve gotten all of them for gifts,statement
put them in jail laugh,request
power windows are nice but i don t need them laughter,statement
listen to bruce williams fluorine uh for fiscal advice,request
d well proceed in don t proceed in the overwinter,request
minor uh huh,general
ah okay,general
you might position some d like some yellow catfish in thither,request
that s how it is,general
e i mean they they just give it a small portion of the newspaper,statement
farad huh okay,general
the house explodes,question
blow and then you let it simmer,request
c but it s been a pleasure talking with you,general
the series died right after that,statement
c or e i mean what do you think long term,question
i ve got some applications,statement
c but d you know you ought to get him to g pull the weeds,request
talking yeah,general
c and f uh keep your mind off of negative things,request
breathing iodin ll let you become ahead laughter,request
you weren t home,question
c so the next size up was a two hundred and eleven,statement
have you faced f uh elderly care yet f uh nursing home care for any of your parents,question
f uh do you get into car,question
c and e i mean i feel a lot of maladjusted adults,statement
it is about a lot of men d you know all right going through divorces,statement
make a endearing day,general
e i mean on the other hand e i mean you take a garbage man in new york city starts out at twenty six thousand dollars,request
use the greens if you get them when they re young and attender d you know before they have grown too,request
since you re being you crapper talk for hours fail ahead,request
good morning laughter,general
c and i ll probably go outside today and plant that,statement
c and d you know we can t really depend on the police to solve all this,statement
it was kind of fun,statement
noise just talk to them about it,question
d well you look at places ilk dud,request
you don t have any kids you want to send over here laughter,question
very faint f oh sniffing all right sniffing,general
c but i don t think you would f uh,statement
are you newly married,question
whose was that,question
have you ever had them just come up in different places,question
should we farad uh start this so we terminate,request
we had no impairment to our house oregon anything,general
d well how do you dress for work,question
you couldn t get adenine job to save yourself over there,general
have you been have you been to southern florida,question
ergocalciferol well let s hope not,request
uh huh stochasticity,general
are they little,question
does it have f uh articles on how to do things,question
do you have relatives in vernon,question
c and i thank you for calling,general
you mightiness try f uh,request
d well enjoyed it,general
snort yeah,general
do you have to give those,question
you you call that act,request
c and i learned all the health benefits of d you know,statement
c but breathing anyway i guess that s about it though,general
they re both females,question
c and d you know e i mean i was thinking it just d you know,statement
viosterol well nice to talk to you,general
everyone had a two way wrist watch t v sulphur along their wrist,request
did they have an outside consultant like a breathing the employ,question
medicine howdy,general
can you hold along unmatched second,request
have you have you f uh done f um done a lot of tree surgeon work on your trees or not,question
maybe they ll make it i don t know,statement
you you re first,request
it hasn t,general
laughter f oh i bed it laughter,general
c and f uh even if they re even if they re discouraged tell them that that s just a passing moment,request
unless you re f um d you know big do it yourselfer f um to d you know fix up your own cars c and c and things like that,general
did you do the whole big th the whole thing the tailgate party and the whole,question
do you have a favorite between those two,question
c and the kids just love everything that s there,statement
c but then a family is is definitely a high priority,statement
d so thank you for calling,general
f oh rea where did you go to school in indiana,question
f uh my chrysler van,statement
farad uh laugh,general
c but d anyway c and everyone they had d like fifteen people lined up on the fence,statement
what what what sort of of regiment do you have,question
c so c but i think the key is you just need to you need to play more often than i play,statement
you mean the antilock brake system,question
what do you usually wear to work laughter,question
i know we could,statement
c thusly you will take to do that once,request
d well it siemens nice talking to you too,general
d well d like f um how does it compare to the ones in your neighborhood laughter,question
single enjoyed talking with you,general
what kind of house do you live in,question
c so you should think near doing something comparable that,request
i m catholic laughter,statement
blow and then you attend it with melted butter,request
d you jazz it it s ask time,general
does that make sense,question
could you change that as you felt like it,question
d well that is not really true either f uh,request
i think ten percent,statement
c but then we can back improving,request
d anyway backbone on engraft,request
i ve f uh i m not working right at the moment,statement
breathing d well now do you live in a a home e or,question
think we ve f uh hatch all the subject,general
c and go to f uh lone star,request
c and f uh d you know make my annual pilgrimage to the lone star brewery,request
d well how did you go about selecting a college then sigh,question
what kind of onions do you grow,question
don liothyronine get that stop you laughter,request
it is not,general
how many have you had so far do you know,question
are y all planning on having kids,question
when i lived in washington f uh washington d c i never went to the washington memorial,statement
they seem to give more of just the facts than opinions,statement
d well iodine guess iodine d better finish now so iodine can,general
you ve never been down to epcot at florida and disney,question
f oh it is it s fabulous,statement
uh huh child talking,general
lipsmack c and now i ll let you say something laughter,request
i think there are e i mean there s an institutional memory that you need to maintain,statement
f uh do you want to go ahead and start,request
this live jim in dallas,general
it mho been a pleasure talking with you,general
f uh mostly catfish,question
c and f uh i didn t tinker too much with the engine,statement
d considerably yea,general
d well it was good talking to you betty,general
d well it was great to talk to you,general
d well i suppose so i will go,request
maybe one tablespoon or two tablespoons let that brown then put all of the chicken back in there,request
you ought to rent the farad uh farad x part one,request
d well what you can do is take your car payment and put it in the bank for three or four years,request
we ll arrange it,general
what are your views,question
hang on a second,request
d well f uh yeah,general
d so f uh with the issue of trial by jury f uh i actually found the whole question about whether you need a a unan a unanimous verdict in a criminal case to be somewhat interesting,statement
c so we d sleep on those picnic tables at roadside parks,statement
have a good one,general
it embody good talking to you,general
the other one you need to go see comprise sleeping with the foe,request
why don t you move ahead first and tell what kind of car you d look for in your next,request
i have people that want to go to dallas,general
it s farad uh,general
c and we rented charlotte s web,statement
you need metal instead of plastic,request
c so e i mean they re not laughter,statement
i that s something that comes from your old age d you know,statement
have you have you done this repetitively or just once,question
f oh f oh yeah,general
laugh truly,general
c so we bought that,statement
f uh texas to me makes,statement
c and i just don t have contact with them,statement
it comprise real pleasant,general
you will adenine message,request
hundred and hold on a second,request
f oh d see that s,general
d well especially don t you have what a lot of salt on the ground,question
don t tell that to a native texan though,request
c so c but f uh d well you ought to try that,request
i don t think we ve gone our our ten minutes,general
have you ever been to hawaii,question
d well how long did it take you all,question
ohio huffing,general
they re about the smartest tree around,statement
d so do you fish,question
d well what kind of fish do they have in your neck of the woods,question
hundred and then once you pick that spot out pick out what you want to do,request
c and so something good did come out of that in that now you see what i mean if like now,statement
f ohio cholecalciferol see that s,general
it s just a big faceless corp corporation,statement
get a get a few,request
d so did you go there d like straight out of high school,question
social change is always going to go on,statement
oh sound drawn proscribed,general
key one laughter,request
you ll be able to just give it commands,statement
clanging yes,general
oh faint,general
uh huh euphony,general
c but i think we ve we ve talked long enough,general
f uh you want to start by telling me what camping is to you,request
sound fading you fluorine uh you postulate clams,request
c but f uh d you know we re going to drive up to kansas city see my wife s folks,statement
how many times have you heard of judges being bought over,question
c so i suspect that we ll see a lot of gains from that,statement
yes d well,general
c and we can do it a lot more efficiently than the government,statement
tell me about your dwelling,request
f uh i don t know what y all are paying in dallas,question
e i mean f uh d you know you can t live in dallas without d you know,statement
did did you did you hear what schwartzkopf had to say about f uh pete arnett and f uh the the news coverage,question
d you know they tell you that kids can d you know be impressed by all that stuff,statement
f uh d so anything new you like coming out now other than folk music some i might know of,question
do you think that the weekly magazines provide you with as much detail information as you d like,question
c merely seem at their war,request
e i mean the whole thing was about the size of a a medium house laughter,statement
do you work for texas instruments,question
is it along the coast or,question
subscribe upkeep,general
what was that anyway,question
c so it was nice talking to you,general
c and you add f uh most a tablespoon of what i m using now is jamaican curry powder,request
d well have you done much camping around texas,question
when john stallworth played he was from my hometown in alabama,statement
c but they re also f um flimsy when you really look at them,statement
the sister in law in chicago usually sends me for my birthday or or christmas or something will send me another another good book,statement
that will be good,general
d well do you have any f uh opinion on the subject,question
cholecalciferol well f uh yea,general
why should we help starving people somewhere else,question
have you seen green card,question
smack really,general
f oh yeah,general
uh huh cocker,general
i i think it would be very interesting to do but whether it would be feasible to do i don t know,statement
belong ahead you start laughter,request
what kind of what make is the mini van,question
now tell maine what you expect from the rebel this year,request
microphone you take tutelage now,general
d well now wait axerophthol minute the there,request
d well you haven t told me f uh what gambol that you are dynamic in,request
okay f um,general
have you have you cycled recycled plastic also,question
how old are you lisa,question
d well get your girlfriend to work out with you,statement
d so do you like f um movies a lot,question
c and then you you f uh pour most of the all of the oil out of the pan,request
c but that s good that you re going to get another one,statement
is that night,question
lipsmack cytosine and now i ll let you say something laugh,request
is it just instrumental,question
c and you need to go inch the spring when completely the flowers are inch bloom completely up and down through there,request
c but they re fun,statement
c and that s just really not enough,statement
were you,question
sure talking,general
c and peach a,request
c and you put it on a record,request
d well i sure appreciate hearing how things are going in texas and f uh,general
i ve put my cucumbers down at one end of the garden,statement
father t get maine to lying,request
it s kind of fun to have a little bit diversity and,statement
f oh what kind do you have laughter,question
what did you get,question
c and what do you think that problem is,question
c and you have a good weekend,general
excuse maine jim,request
c or why are we so fascinated with the other world,question
tell me what quran you read,request
c and lease s grimace it,request
this equal archie,general
c and you have to hit sure that you f um that you apply reasonably early because they do have a lot of places have very long waiting lists,request
at least in capital cases i d think they d have to be,statement
c but farad uh put all the glass in one place and plastics like milk jugs farad uh orange juice jugs things like that,request
i just saw f uh f uh a really interesting movie called f uh flatliners,statement
c and they charge to ski on it,statement
we don t we don t do enough,statement
d like have you heard of f uh smack of carmen,question
you can buy whatsoever you privation,request
f oh go ahead,request
d well i appreciate talking to you,general
coulomb but don t retire laughter,request
laughter d well we ll be talking to you later,general
pecans are probably not taken from virginia,statement
d well f um i hope you have a squeamish day today,general
c and i m calling from garland texas,general
yeah ostensibly,general
d well right,general
laughter yes,general
d so f uh what things do you consider an invasion of privacy,question
pass or no fail what is it,question
you keister study those f uh,request
d so i imagine have you skied before,question
viosterol well you ought to get to north carolina,request
are you republican or democrat,question
d sure you ra receive,general
don t overcook it though,request
refresh my storage,request
f oh wow,general
it s been really pleasant talking to you,general
c and maybe i ll talk to you again,general
there s so much more then that,statement
maybe this is a fantasize we can to talk about whatever kind of car,request
hi archie,general
c or are you not at that stage yet,question
they don t need to be out there and f uh d you know constantly flaunting their ego to get things accomplished,statement
you preceptor t want the gum along the back of the masking tape to get dried to hard,request
anyway d well you have a good day,general
c but i get catalogs from people i ve never even heard of,statement
it possess personify becky,general
i got a toyota four runner,statement
that s that s the f uh that s that s the big thing d you know,statement
you have got to drive careful,request
since we re not supposed to talk about this though is there anything more intensive for the eye area than the eye cream,question
coke so you should conduct my word,request
c and she was set free too just in two examples in texas recently,statement
coulomb and you lay it on a really low heat,request
blow so d yea do it as long you can sniffing,request
i use them in the in roads and lot of things,statement
c or they re they re freeze it freeze out because the roots are all in the winter f uh,question
f uh robert what do you f uh think what substances do you think are the most f uh likely causes of air pollution,question
c so have you got f uh land,question
viosterol well okay f uh,general
d anyway back on planting,request
i don t work right now because my company i worked for p i e went bankrupt,statement
d so tell me about where you unrecorded,request
breathing,general
you you do have to figure it out,statement
e i mean what do you drive now,question
d anyway back to the theme,request
it it s small enough that it s easy to drive,statement
what kind of a car do you have now,question
uh huh sister,general
d wellspring tell me about your menage,request
i m sure that does,statement
do you read f um,question
do you have any air pollution in your area,question
you do feel like you ve gone out d you know and done something,statement
c because i think he d like that one,statement
di do they have a kitchen in them,question
what part of f uh pennsylvania do you live in,question
you might want to,request
do they like it where they have tents,question
it was really nice speaking to you,general
d comfortably lease,request
let s hope it,request
right clanging,general
good talking to you michelle,general
was it a six or twelve member jury,question
what how crazy,question
f uh how you arrange,general
do you buy them f um separately at d you know an american grocery store now,question
d well tell me about it,request
do you have lot of a big lot or anything like that,question
d you know try that erstwhile,request
good luck in your car hunting,general
now you can c either manipulation d you know the kind that comes in the footling can,request
coulomb so you will have to do that erst,request
is she ol your oldest grandd child,question
c and so i used to have a problem when when i was working in a restaurant while i was in college,statement
c and they just brought food with them,question
is it is it this year they don t have a draft pick because of the walker trade,question
i really just started,statement
d advantageously i ve relish this,general
i ve done it in the microwave so often lately because it s it s really easy,statement
yeah tv breathing static,general
you have a good time camping,general
c and c and she has an au pair which is a live in college kid working for her,statement
f ooh,general
viosterol well try and think if it was a century dollars a square foot talking,request
enjoy your f uh weekend,general
not hot like uh,statement
talking right siren,general
d well you ought to follow to north carolina,request
it is just hard to find the time to sit there and do it,statement
d well listen i enjoyed speaking with you,general
d well why stop at children,question
d well you should f uh run for a school board position,request
c and you simply need to take the little one,request
was that downtown,question
how are your f uh your lakes,question
is it a lemon,question
c and that s the one thing that i hate to make is desserts,statement
in fact i just talked to the director awhile ago,general
does does d like d do health insurance policies d like for companies and things do they cover diseases like that,question
c and then of course take care of the house c a and all this good kind of stuff,statement
have a great day,general
what about fast foods,question
cholecalciferol so anyway,general
do you like what do you like to go for,question
have you ever heard of leading edge,question
that must have been hard on him because he s just a person,statement
d well it s,general
c and i live in te texas too,general
did they replace it,question
that s about as much as we can do with current events,general
they are probably still in deliberations on it,statement
c and f uh it is it is more sig it is more just significant information d you know,statement
tell me about your clubs up there,request
c and if you learn you like it then you can incessantly upscale,request
d well i guess so i will go,request
c and f uh i d say exit to f uh midland once just for the heck of it,request
e i mean look at d you know the leader they take,request
talk to you posterior maybe,general
c but use use good f uh stuff and buy it at a paint store where they have the right brands,request
hold along,request
don t get maine to lying,request
c and so he s doing his masters here,statement
i thought for sure i thought for sure you were in dallas or something,general
c so what is it now,question
courteous mouth to you linda,general
f huh swoon,general
c but outside of that rent a lot,statement
they have all the water they want,statement
c and f uh it changes every year laughter,statement
what all things do you plant in it,question
breathing yep,general
see you later,general
what what magazines do you have at home,question
plano,general
i revalue the prognosticate,general
hey you should make yourself a promise that you ll you ll read one novel in the next six months just for you,request
blow and hold along a second,request
f uh our our kids love pickles,statement
nice to let spoken with you likewise,general
c so d well f uh did you hear about that killeen massacre or whatever,question
impart me around wisdom catherine laughter,request
e i mean i do not agree with a whole lot of the stuff the they say,statement
how about your,question
somebody wants to do that,statement
is it f uh was she the major wage earner,question
mollycoddle yea,general
c so tell me your feelings along recycling,request
e i mean it s like don t occupy about it,request
yeah baby,general
is that people are well indoctrinated in their society that drunken driving is unacceptable,statement
let me tell you it s f uh,general
d well courteous talking to you cheryl,general
d well you haven t told maine f uh what sports that you are dynamic in,request
d well yes,general
f um what about you laughter,question
th does he invest in that and,question
d well did that come on t v,question
tv hi wanet this is his last name,general
you don t feature to wait for them to allege,request
c and i just kind of let her go see see what she felt like doing,statement
c and ace ve enjoyed our mouth,general
it was it was a pleasure visit with you,general
who is that,question
run ahead,request
how does the word wrap work on that,question
anything that i could be put aside into savings is going for interest on those cards,statement
d well it was nice to talk to you,general
d well ilk i said good luck to you,general
are you going to go to east texas for that,question
c but you really require to picture that movie,request
i need to get things done,statement
f uh how long have they been recycling there in virginia noise tv,question
what type of exercise do you do,question
where would you camp,question
c but then again yeah,general
we have laughter we have a soccer field,statement
laughter f oh it s not too bad,statement
laughter enjoy it,request
because if you f uh use drop cloth to cover everything and you use masking tape to trim out f uh all the parts that you don t want to slop over onto you don t have to be quite as precise about how you do it,request
c oregon you tooshie set up your work program and your husband s so that one of you is there all the time,request
d well it s good to talk to you,general
do you watch it much,question
d well is it tahoe where you ski from,question
child yea,general
yea tapping,general
have f um have you ever been to the science it s called the science place,question
the other day i went into a bar,statement
i can t remember the name,statement
at least they don t have to drive all over town trying to find one guy,statement
what what type of area is that,question
have you ever gotten one of those calls that is either generated by a computer or somebody going down a list,question
d so c but what does you husband do now,question
c hence you might f uh think around that,request
c but i m going to be retiring at the end of december,statement
coulomb and f uh d you know make my annual pilgrimage to the lone star brewery,request
do you work for t i,question
f um do you think e i mean do you think our invest the investment in lives and money was worth it,question
why don t you proceed ahead first and tell what kind of car you d look for in your next,request
he my professor was a physics professor,statement
i try d you know,statement
was it hard to decide who to invite and who not to invite,question
d well same here,general
f um what what kind of experience did you have,question
c and course everything s down ten to twenty percent now,statement
i guess if if you call the e any eight hundred number f uh if you you can call up e any eight hundred number directory assistance and you can get f uh the eight hundred number of the customer service support line for a number of companies,statement
d considerably i ve bask talking to you,general
h have you ever read the book nineteen eighty four,question
e i mean i cannot fully tolerate to owe something like d you know,statement
c and f uh they when they put her in she had all kinds of trouble,statement
we ve lived here about seventeen years,statement
pharynx clearing yea,general
d swell i guess then i testament go,request
um ok,general
f oh laughter i see,general
oldies or what,question
let s see what else do you do to your house,question
d well single was just trying to make an introduction here laughter,request
nice talking with you too,general
baby talking yeah,general
c but d yeah c so what do you do for a job,question
my name is pat johnson,general
i use to play an instrument when i was in high school,statement
does she how often does she come out with them,question
they buy nail polish every two weeks,statement
do you think we should adopt it,question
laughter breathing d well,general
do you have a family,question
f ohio that s non bad,general
go rectify ahead,request
i enjoyed that because it was against the skins,statement
c so there s not really much i can do about that,statement
coulomb and you nominate it,request
c but do you have any favorite,question
fluorine ohio backless,general
do you like spicy foods,question
i was worrying along the lines of you get every time someone puts in a ballot in a ballot box,statement
d like i d you know,question
beep d well did you get a chance to watch any of the games,question
what do i do with it,question
lipsmack c and now unity ll have you say something laughter,request
indisputable adam ahead,request
e i mean it s like father t trouble about it,request
d immediately tell me your favored team,request
it took us two or three different people to find,statement
that s what it did report was a hundred and thirty relocating down to mckinney,statement
iodin ll go ahead and start recording that,request
flame outside,request
c or is it enough just to have a thing that makes loud noise,question
c and i know she s eating the right things,statement
can i put you on hold for one minute,request
f uh i f um i used to f uh i used to weigh f uh two hundred fifteen pounds,statement
is it five or three,question
laughter how about yourself,question
you need to try em,request
you hear these stories,statement
there anything else,question
f um laughter,general
a all righty,general
any laughter more c and whenever anybody comes over we all have to show him domino laughter d you know,statement
coke and adenine very good afternoon to you,general
d well you have amaze to get one of those ladders,request
laughter can you imagine the d like a big picture of john travolta ta da what is it saturday night fever,question
put them to work,request
snow and have a near weekend,general
f hum what do you think could be done about it,question
tone f uh do you ha,question
d well it s good it s good talking to you,general
you don t think so,general
c and f uh d you know who would have cared about earth,question
fluorine um uh huh,general
c or d like what things are you looking at,question
d well i work for t i too,statement
c and she lives in western north carolina,statement
how much time do you spend with your children,question
it s astound how the d you know citizenry you talk to have some interesting conversations,general
what college are you teaching at,question
i m real dis i m kind of disgusted this year because i don t see many women into the political scene,statement
what is that,question
c and c and i do miss that,statement
what kind of things are you do you like in classical,question
it just d you know all the problems,statement
d well nola i have enjoyed talking with you thoroughly,general
gelt that,request
d so do i take it that you think though that the lakers will f uh,question
d easily you should f uh run for a school board position,request
let s example f uh,request
you pauperization metal instead of fictile,request
thank you very much,general
laughter c but i really have been spoiled by sweat pants and these new f uh units outfits d you know that are just knit,statement
i was in chicago,statement
been good talking to you as well,general
f oh if you assume t have a phoebe c r a we just got one after nine years assume t even spend your money on it,request
f uh i ve had f uh i ve had one or two american cars i think,statement
f oh don t made whatever rationalise for him laughter,request
not all states have them,statement
c but at least you see what s going on,statement
c so i m trying laughter,statement
hera hang on just a second,request
are you are you,question
uh huh very light clink,general
which church is it,question
have you seen the movie f um crossing delancy,question
have a good weekend,general
c and f uh he brian was two houses down,statement
c because when you do have to be in front of people,statement
how big a city is rome,question
laughter d well recite me,request
we d you know we find ourselves doing things that,statement
you all both you all both work downtown,question
you look at another form of society like the nipponese,request
what what i did is,statement
if you have a chance to rend it astatine least,request
do you f uh do most of your cooking at home,question
anything,general
c but the accumulative effect was to really get into a a hopeless situation where,statement
bye bye baby,general
d well i thank you for calling,general
d so f uh describe your family budget,request
it s opening next year,statement
i i think basically they pr same thing they promote family values,statement
d well it live overnice talking to you too jim,general
f oh th,general
one one really delight it,general
did you stay up late and catch this red dwarf,question
c and it is marvelous,statement
tell maine about your gild up there,request
c and when you rhenium ready to get another car just pay cash for it,request
just a minute,request
c and f um there s a lot of kids a lot of kids,statement
c and basically f uh we were going to be paying seventy or eighty percent tax,statement
c so it will be interesting to see what happens,statement
c so this town hall that you meet in is that like a f um,question
c and you only cook it until the mixture begins to boil,request
c and then did you have a main meal,question
f um the hoi sin sauce,question
i have children even,statement
is that is that reported in the texas papers,question
start,request
c or you just like it,question
x ahead you first laughter,request
c and f uh i ve done it maybe twelve times,statement
c merely i think we ve we ve talked long enough,general
uh huh,general
what is the woodward book you are referring to,question
she has two bedrooms and a and a,statement
c and i enjoyed the conversation,general
c so we we talk about this a lot laughter,statement
hang along just a second,request
use the greens if you get them when they re young and tender d you screw before they have grownup too,request
c and f um i think it was really hard to f um to pick the right f uh day care or preschool or mother s day out,statement
what kind of car would you like to buy next,question
what what deterrent does he really have,question
i m glad you re home,general
c and there was a girl in my class who did a speech on home care of the elderly,statement
laughter you remember that,question
c and you pour the beer over the top of it,request
that doesn t really do it does it,question
what did we do without it back then,question
is he still around here,question
it was needed,statement
how long was the waiting period out there,question
why should i go out of my way when it doesn t matter,question
you know what,question
why should they be sit sitting in f uh prison getting their college degree,question
c and she doesn t want me to walk,statement
c so that,statement
c and f uh u n l v wasn t used to that,statement
just out of curiosity what what kinds of things were they doing when they were considered a bad place,question
i ll permit you go first,request
did that have,question
d well of course f uh a lot of f uh a lot of w missiles and things were expended in the course of fighting the war,statement
she wouldn t have be,statement
d same for instance say f uh,request
what do you see f uh changing in the future,question
uh huh nipper mouth,general
i have heard about that the last couple of days,statement
try to manage it early in the morning,request
will they let you take a computer home to work,question
they got the forms in force,request
have you seen sleeping with the enemy,question
i m steve,general
c but you actually need to see that movie,request
that s one thing i guess i could think of child,statement
c or do you go ahead and let it cook through,question
you maine also,general
c and i live in plano texas,general
c and so okay,general
bye noise like video game,general
c and it just threw him out of the whole running,statement
that was almost unheard of for a pitcher to d you know to start out that strong,statement
c but f uh c so what are you asking me,question
you know the barney,question
c and it was nice talking to you,general
laughter i see,general
we were lucky in that in one respect in that after she had her stroke she wasn t really d you know really much aware of what was going on,statement
they civilians or f uh military,question
c so they they take their family,statement
i i give maine cyanide,request
see you afterwards,general
if you have a chance to rent it at least,request
d now why couldn t your wife run around the golf course,question
and uh so i get to wear just uh how shall i say it uh walking shoes as,statement
altogether righty,general
flick yea,general
cholecalciferol you know yea,general
beep okay f uh,general
d well if you keep up with a consistent pace just to f uh keep the heart rating going f uh,statement
carbon so carbon but f uh d well you ought to try that,request
c and there just was there was so little such little going on in raleigh d you know,general
what about f uh classic rock type stations,question
c and then f uh don t ask me what the other hair i made,request
yeah poke,general
laughter yeah d you know,general
you want to pop first laugh,request
what about your casual wear,question
you might put some d like some yellow catfish in there,request
go forrader laugh,request
i think though it was much slower and f uh much more self contained,statement
it so fo much fun to talk to you,general
f uh oh laughter,general
do you think he won from carter beep because of the f um the hostages that were held at that time,question
c or d see i work at t i,statement
coke and talk a,request
good talking to you archie static,general
d well we ll talk to you later,general
was he the guy that got captured,question
d you know c and c and first of all how many how many people had to had to die before the war d you know,question
c and then once you pluck that spot out pluck out what you want to do,request
f oh five years now,statement
c and so when,request
you look at another kind of guild like the japanese,request
c and i m really not sure how we find the individuals,statement
dumbfound to wait a couple years,request
f uh i basically read books,statement
uh huh f um pause,general
beep okay,general
bye bye,general
throat clearing d well f uh yeah,general
d well do,question
okay throat make,general
c and i can pick it out again because it s not typical,statement
d so f uh yeah,general
mike i m calling from dallas from richardson,general
i would just encourage you to do a little traveling though before you generate married,request
d well d you know that s exactly e i mean i m i m not saying i i think capital murder e or capital punishment is the perfect solution in every case d you know especially because there are some cases when you just don t know,statement
c and you kind of white it kayoed,request
cholecalciferol fountainhead let,request
sound out and buy unrivaled now,request
d see you postulate to go thither,request
how is texas about keeping your children out of public schools,question
d well i was just stressful to make an introduction here laugh,request
how many music boxes do you have,question
f oh fine faint,general
it washington newton,general
c and then you cook it for vii minutes on high,request
are you married at all,question
child f oh okay,general
have ampere upright,general
hey brand,request
children yelling uh huh,general
c and i think we probably will soon as the boys get a little,statement
adios,general
you can get the they have some nice camping grounds,statement
just axerophthol instant,request
smack there are areas that can recycle the the tin cans like your,statement
one of the interesting things that i have considered about the role change for women is that women of my age my generation were trained and taught and brought up to be the leave it to beaver housewives,statement
f uh exercise f huh music,question
i didn t say that,statement
c and yea,general
put some smart little smart prawn,request
c and so you acquire it out of the fat,request
c but i think d gee whiz you could make it a couple child days,statement
calciferol swell nice to talk to you,general
fluorine huh d well you might want to get yourself fluorine uh an animal that doesn t require much attention like a cat,request
what kind of pet do you have gail,question
d well you ll scarcely have to plan a vacation some time,request
c so you used the metric,question
laughter maybe so,general
d well it s been fun talking to you,general
hello talking,general
c but she does work with them,statement
c and think what what s it going to be like for my my youngest an my quondam son when he goes to schoolhouse,request
if i were you i would get the greatest hits album,request
cholecalciferol well get,request
hundred and fluorine uh you ought to get it,request
what did you do when your kids were growing up,question
i appreciate the call though,general
c and then formerly you pick that spot out pick out what you want to do,request
d well what about the what about the issue of air conditioning,question
c and when i got up there the car,general
farad uh coif you want to go ahead and start,request
where where are you from,question
c and talk a,request
father good talking with you,general
mike you take care now,general
is he good with family,question
uh huh farad um suspension,general
it wasn t a mystery,statement
talks about high risk factors and heart disease and all that,statement
f oh laughter really,general
are you in a f um,question
do you deficiency to start out,request
for for a three year old it s that uh,statement
child talking c so that is all it was,question
respire laugh okay,general
d well does you husband f uh,question
c and maybe we ll run across each other again,general
affectionate people that they re they re kind of par,statement
yo you input along it,request
c just then we can back up,request
c but the woman affords the luxuries,statement
d well it was nice talking to you static,general
laughter in social changes is that,statement
we ll talk for five minutes,request
c so why go out and see something right away d you know,question
have you done any recently,question
f oh it s just simply beautiful,statement
c and what are you doing,question
you mean the diesel availability,question
the other thing to do if you re truly like the hyacinths a and i do is that before you plant those bulbs stick them in the refrigerator for five weeks or so to cool them,request
the san francisco paper out there is f uh,question
so you transfer it,request
c and keep your mind on positive thing,request
do you like the law shows,question
in in fact if i had not been preparing for this the out of town visitors i probably would have been making some phone calls in the last couple,general
f huh what s that about,question
f oh go before,request
you you re commencement,request
f oh boy,general
c but at the present stage you probably are even more in the market for a a budgetary thing than than most people probably ar might be,statement
i guess it is time to close now so i can run go help put the kids to bed,request
do you have an opinion on that on the u s r,question
all right okay,general
we re going to go to commerce and see a friend,statement
put around sassy little sassy shrimp,request
c and did you install all that yourself,question
coke and f uh you look at their order,request
it s amazing how the d you know people you talk to have about interesting conversations,general
they they treat it too,statement
distinguish me about the car that you ve got,request
what did you do on the farm,question
c and i hope you get some more calls and make some more calls,general
i think i f um have read recently that f uh the bush administration has increased the funding for the peace corps,statement
i can associate with some of the people in that movie because of the young students i see over at the medical school,statement
e i mean why should we push english,question
put them mark inwards there,request
are you satisfied with the quality of coverage,question
that s a good word for it f um,statement
c and my youngest one is going to be graduating from college soon,statement
but if you know if i ever wanted to have a kid how could i work,question
you never nee eventide postulate it,general
c and having worked with some of the legal folks very closely f uh it becomes a real issue especially when it s smoking,statement
laugh maine too,general
c and i found that all i talked about was my baby,statement
you might test that,request
c so what about that as an invasion of privacy,question
laughter child talking i m telling you go one way or the other,request
calciferol considerably bye,general
now you watch,request
did f um do you have a favorite hors d oeuvre recipe that s easy,question
look what we ve done hither at t ace,request
how are you are you satisfied with the twenty twenty and forty eight hours and the things that you do watch,question
ergocalciferol well brawl not tell that to all my friends,request
d you know if they re overcrowded just save cramming them in there till they just suffocate f uh,request
i m f uh a that that s a whole pleased with the pr practice that is they,statement
yeah very faint,general
morocco,general
d well let s start with you laughter,request
c or form everything diet,request
c and i ve enjoyed talking to you,general
laughter f oh d well tell me what books have you read lately laughter,question
d well why would that be,question
got to see expressway southward peak,request
can you hang on just a minute,request
throw the lid and everything prohibited,request
tell me what quran you read,request
f uh one of them is the university of florida golf course,statement
c and there c and there doesn t seem to be the diversity of views that a lot of d you know universities will will have,statement
yeah apparently,general
laughter do you like kenny g,question
my name is dolphene,general
d anyway let you go,general
d well i f uh don t seem to have as much spare time as i used to,statement
c and the money is also another issue how you re going to pay for it,question
d like there s more there s been more than one evening that i ve f uh caught f uh every animal show that evening on f uh on the discover channel,statement
c and f uh it s too bad that all this stuff is just being thrown into a data base and that none of the ideas or thoughts are being used at all laughter,general
d well wha what s your next,question
send send them to wisconsin,request
scarce think of the money they could economize,request
as far as the as the trends,question
oh sure laugh,general
laughter you re just going to accept to imagine what you would like as benefits laughter,request
for like groceries we say about this much per week,statement
blow and then you serve it with melted butter,request
c so it s kind of a luxury,statement
d well i don t understand economics that well,statement
c and they re going to be really struggling,statement
thanks so much for the conversation,general
e i mean why not,question
we don t have many seasons here,statement
that southward where we locomote,general
sniff uh huh,general
enjoy utter to you,general
coulomb so tell me about your home,request
c so we ll merely wait,request
f uh dallas it is f uh ninety two degrees here today,general
i m thankful for that,statement
c and fancy if it f uh,request
if the road is at all wet and i m,statement
d well you harbour triiodothyronine told me f uh what sports that you are active in,request
f oh you should judge it,request
how long does it take you to make one,question
it s really weird,statement
it s getting nice,statement
century and tell him to take you there for your anniversary,request
goodnight,general
d so d well what business are you in,question
get angstrom get angstrom few,request
i hope affair look up laughter,general
god bless wye,general
c and ace m calling from garland tx,general
you really should go at least once,request
have you seen the movie,question
f uh do you consider yard work a hobby at all,question
d so do you like romantic music,question
d well f uh some of the books i ve read lately have to do with crafty type things where i ve where i ve f um learned things that i m going to do for my children for christmas,statement
they have some during during lunch hour that are shorter,statement
f uh c but f uh c but what do you do,question
d well i enjoyed talking with you,general
d well d well it was good talking to you,general
it d be d like it d been d like deactivated as far as,statement
suppose f uh d fountainhead d you bonk they had a group who were construction oriented,request
d well f um i think we have been talking probably about four and a half minutes,general
c and then you f uh mix flour and a cup of water maybe f uh one tablespoon of flour and a cup of water,request
it s an,statement
what vacations have you been on that you like,question
c and they try to hook you into his organization which costs about four hundred bucks,statement
how about pennsyl,question
d well have a good night,general
century and get a good holiday,general
why not get the whole,question
if i can the other side of the coin for angstrom moment,request
i used to make jam,statement
c but i thought she,statement
d you know i was real embarrassed,statement
if they ve earned money by themselves d well d you know people just kind of given the money,statement
d well f um f um noise finger snap do you play any musical instruments or anything,question
okay d well thank,general
c so why not pay industry,question
it s f oh f oh south and okay,general
do they have many buildings that have security there,question
c so f uh yea,general
uh huh d well,general
e i intend you can tell him from me,request
d well we are though laughter,general
c but i grew up right here in falls church right outside d c,general
f um then then just laugh,request
laughter d well it s been some interesting subjects,general
d well i m just gullible enough that i think bobby valentine is f um f uh doing all right,statement
iodin guess we shouldn t father into that,request
emit i ll let you go ahead laugh,request
do you have your mom or anybody around you that,question
you d think there would be enough f uh people who saw the accident other than his wife,statement
d well i d you know i i was never really a big dallas fan,statement
how do you gain your news,question
have you been f uh struggling along those lines,question
do you think the jury should have a dollar figure for losing an arm a dollar figure for losing different body parts,question
c but anyway they stopped and waited to see if iraq would accept a permanent cease fire situation though,statement
farad oh c merely,general
let s geld off,request
sigh okay,general
laughter huh,general
carbon and indeed yeah,general
i think that s supposed to be good,statement
could you hold on for only a moment,request
c but that s why they re there and not me,statement
f uh i have him take from a friend of mine who teaches suzuki,statement
c and you do not have the time to look,statement
is that a nice vacation spot,question
d like you have a separate account for that then,question
d well thank you for calling,general
d anyway backrest to the subject,request
ergocalciferol anyway let you sound,general
c so c and did he i is he the one that got you connected with us,question
i think better even than than other kinds of food laughter,statement
f uh the closest thing i did was go to some d like f uh restored castles and stuff,statement
buzzer maybe we ll talk again buzzer sometimes buzzer,general
c so it represent nice talking to you,general
d substantially i enjoyed talking with you,general
d well they come on,general
you take care up thither,general
c and all of a sudden i came cross this big clump of weeds,statement
let them go and pay their crime oregon their time suffice something else,request
d well what is this going to do the insurance companies who are supporting this work now and hopefully are doing f uh a good job,question
c so c but farad uh d well you ought to try that,request
f oh does,general
give maine roughly wonderful advice catherine,request
did you did you sustain any permanent f uh injury with that,question
bye now,general
c and how many do you have,question
d well sounds like our husbands have similar interests,statement
d well i chiliad in graduate school now,general
are you going to do that,question
c and you re taking notes,statement
did you static see the movie,question
keep up the cross stitching,general
can you tell much difference between the local radio t v stations,question
i i can probably go along,general
i m in texas too,general
i have quite a few of them,statement
you have have to go tobogganing and sledding with them,request
who do you work with at this time,question
c and i ll do the same,general
bye noise tv or radio,general
c and most companies don t have,statement
just go to the bike shock bi bike denounce and beak it up,request
farad uh laugh,general
do you have f uh do you have a family,question
carbon and you name it,request
c and i had periods when i didn t do anything,statement
what s what s your most recent one that you ve seen,question
c so c and i m out of out of good ideas for a hobby laughter anyway,general
is there going to be a ticket increase this year price do you know,question
do you you think san antonio is more comfortable than dallas,question
such as,question
c and fluorine uh yep,general
endeavor to do it early in the mornings,request
you ll see that on the evening news,statement
do you go up through the raton pass when you go up there,question
what do you think you ll f uh what kind of a car do you think you ll buy next,question
c an c and that s kind of what in a way d you know how it kind of bothered you the way it ended and stuff,statement
what is the name of this thing,question
in in in in my mind passover is sort of a generic holiday anyway because it it sort of predates christ,statement
c and you rotate it single time,request
f oh you did,general
do you just brown the chicken to get it colored,question
c and you core it,request
laughter child talking i m telling you go ace way or the other,request
that has a great a i ve not been there but it has a great reputation as one of the best restaurants in dallas,statement
ane haven t had amp chance to,general
uh huh skin,general
gentlewoman outset,request
c but then there s these f um periods like early fall before christmas or early spring when there s sort of a quiet period where if you bring something out again it f uh will increase the revenues from the movie,statement
you bear take to go tobogganing and sledding with them,request
d well those are skills that she certainly w is going to need early on,statement
viosterol good i ve enjoyed talking with you,general
calciferol so f uh describe your family budget,request
i ve enjoyed talking with you,general
c and f um i was going to have broccoli and cauliflower for a a vegetable,statement
where f uh where abouts do you live,question
light menu you mean like cooked light or,question
e excuse me go ahead laughter,request
do you have the overcrowding in your prisons that we are facing down here,question
you should be careful laugh,request
d you know a lot a lot of people don t take newspapers at all,statement
f ohio i didn thyroxine even know that,general
isn t it strange how people are fascinated by other people that they think are strange laughter,question
c but we just didn t get out,statement
uh huh child talking rattling,general
should we f uh start this thus we can,request
i thinks it s a marvelous activity for younger families because f uh,statement
c and c and f uh it s it s it s amazing how it what you learn,statement
coke but then heat them good in the sauce itself,request
could you hang along one second jim,request
laughter f oh,general
c but i just feel that s my big thing on the invasion of my thing on invasion of privacy,statement
c and i think that s the way it should be,statement
c and what you do is you just fluorine uh wash it,request
why not an apprentice out to a a company and learn from down on the bottom as a wood worker or d you know just a technician,question
god i am so dependent these days,statement
there s a big market for the nurseries and for the landscaping companies,statement
sound fading you f uh you take clams,request
f oh same here,general
the the yuppiedom,statement
do you know latek,question
m c i,general
d well you are going to have to find a mother s day out and have him call in sick one day,request
c but f um it it is a problem,statement
d you know all schools were closed for almost for over for a week,statement
i think it s a sixties program,statement
she went,general
i think that may solve a lot of that,statement
are you not teaching anymore,question
this is donna donahue,general
d you know what s f uh,question
f oh can you can you hold on for just a minute,request
cause they re farmers,statement
you power wishing to,request
hold along put along hold,request
f oh what s that about,question
are you living with a bunch of with with people that you re sharing expenses,question
c therefore f uh if you ra near that age laughter or you know somebody who is,request
bye clicking unchanging,general
so many different jobs which i think is terrific,statement
c and have a good trip in california,general
f oh d well undecomposed luck to you,general
c and we when we moved into our house that was the first thing we wanted to get was f uh d you know was a pet,statement
c but f uh d well lynn i ve enjoyed talking with you,general
c but you actually hand quilted it yourself,question
d so f uh f uh what are the laws like in texas,question
and let all the normal masses go,request
you bribe it you bribe it as a seasoning,request
d so f uh cause you want to start first,request
state me state me where you re foretell from,request
i would just further you to doh a little traveling though before you get married,request
thank you for participate,general
you can take those fluorine uh,request
i really appreciate your suggestions,general
lease them simmer indiana the sauce itself,request
c and c and then they stopped funding the program there,statement
d well f uh ace ll let you start ace guess sniff,request
it s nice talking to you too,general
there s f um f uh jan hooks from saturday night life,statement
i don t think he d swum before,statement
thank you arenaceous,general
d well let s not talk about that laugh,request
ergocalciferol well ergocalciferol you know let s face it,request
c so what are you getting your degree in,question
pip them,request
c and you cook it for another three minutes on high d you know,request
c and he rescues this f uh bald eagle,statement
children cry uh huh,general
c and you fake it for another three minutes on mellow d you know,request
d well okay,general
if she acts like she wants to or says she wants to maybe you could have her take some for ampere spell and see how she likes it,request
sigh yeah,general
what what ones do you get into,question
do you wish to pop out,request
c and kenny quit the next day,statement
let s talk virtually college basketball,request
let s illustration f uh,request
c and do you have a housekeeper,question
c and you have to make sure that you f um that you apply pretty early because they do have a lot of places have selfsame long waiting lists,request
haphazardness uh huh,general
look what we ve done hither astatine t i,request
c and f uh she stayed there for one day,statement
are they driven by themselves,question
c and me it takes me five to get there and five to get it in,statement
name unrivaled laughter,request
child crying right,general
f huh yes,general
d well it sounds like i m being paged otherwise,general
you have got to see at least formerly,request
they ve got to have a cause,statement
c and they f uh they i think extend beyond the normal f uh appeal process f uh d you know and just drag these this guy f uh his his f uh ultimate f uh demise out for ten or fifteen years,statement
take them away,general
i used to watch f uh dallas,statement
c so one other thing,statement
d so ha have you been using d well d anyway,question
cholecalciferol well you can wait till you graduate,request
go proper to personnel,request
that cholesterol fat free,question
isn t it funny laughter,question
d well if if you re interested you ought to go to the adjacent auto evidence,request
what do you think about places,question
were you northern california,question
i don t know they don t have to give up years of d you know of credit transfer and things,statement
until they were two,statement
laughter don t ask me,request
time uh huh,general
c and we just we went to indianapolis last weekend and back,statement
i had to cut some of the sides down,statement
e i mean were they glad,question
f um are you from this area,question
c and they they decide that they re going to get the money anyway they can with d you know without f uh,statement
c and you require to use one of your good sauce pans that dissipate the heat because it it remainder up burning,request
does the company you work for have,question
c but it s just kind of like get on the telephone,request
it was like f uh f uh summer day,statement
are they going to be taught nothing,question
you want to secernate me first how you flavor about,request
number two i think that the quality of health care would go down because the competition would would be dried up,statement
laugh thanks,general
c and keep your mind on positive thing,request
uh huh uh huh,general
how does it compare to the years past,question
c but f uh f uh i was just curious what f uh part of the country,question
d well does your f uh,question
laughter oops laughter,general
c but farad um you have to really wash your vegetables after that,request
you have got to go tobogganing and sledding with them,request
think almost what you seat buy for sixty dollars,request
great,general
d well i enjoy talking to you cathy,general
c and you entirely cook it until the mixture begins to boil,request
noise f uh hang on one second,request
d so d wellspring i won t keep you any more,general
f oh that s great because they don t have it in florida,statement
d well how do you feel about trial by jury,question
f um are you a soprano alto or,question
mix astir a little f uh mayonnaise with some dijon mustard,request
what area,question
barking uh huh,general
f oh i m an interior design major laughter,statement
possess a good daylight now,general
was it for health or to look good,question
i don t like the run in and out part,statement
the rest of the time they stayed in la petite academy,statement
c so i think that ll be good for work too,statement
ergocalciferol well ace ll let you go,request
you mightiness desire to,request
i forgot to ask you did the iguana catch flies for you,question
are they reformatories where we re trying to take people who can t survive or or that that aren t conforming enough to society so that that we work well together,question
are you reading the papers about the the middle east summit,question
excuse me noise smother sound as if reach over the phone,request
hello lynn,general
wellspring listen unity ve enjoyed talking,general
laughter is that ben franklin then,general
c and i think we both listed an experience laughter,general
they have clubs and a swimming pool,statement
d well maybe a little more leisure time,statement
i ve talked to a lot of multitude in texas,general
c and single hope everything works prohibited up there,general
c and i m in garland laughter,general
f um uh huh faint,general
now it sulfur upwards to you,request
d well that s a good one to put on the list,statement
support release,request
she ll be in kindergarten next year,statement
d indeed that entropy about it,general
exactly a moment honk,request
c or even even in f uh like they said d you know lesser d you know trials d you know lesser convictions do you think that they should be all unanimous still,question
f uh do you work,question
ergocalciferol good it s,general
nowadays you view,request
d now tell maine your favorite team,request
d well i i ve always thought i d like to,statement
d all right i speculation we might as well end our conversation astatine this point,request
c so i really i really like that,statement
cytosine and then you serve it with melt butter,request
it sounds like we ve covered all the bases breathing,general
you go ahead firstly if you viosterol like,request
d well carolyn the f uh one of the main things i d like like to know is f uh how do you feel about the knowing about the environment of a nursing home before you would send someone there to live and so forth,question
do you like it out there,question
are are they based on on a on a f um other language,question
c so evidence me your feelings on recycling,request
do you f uh do you feel there is a need in the world today to have a an automatic handgun,question
c and i hope you have a real good day and week,general
d well not only that needing the room d you know we finally ended up buying a dodge caravan here about two and a half years ago,statement
c and have a good weekend,general
f oh right,general
i know when i was doing my f uh basic training in a i t,statement
c and so it it fits well in the neighborhood,statement
it s going to follow a live one,general
have you d like worked on political action committees or something like that,question
d intimately i d say tackle i project first and see how it goes,request
where do you take them,question
d well unity can go ahead and start and secern you mine,request
c and farad uh you feeling at their society,request
c but anyway d well i surmise i won t take up more of your ti,general
it was kind of like remember when personal calculators first laughter came out,statement
i i render me nitril,request
hundred and you put a little bit of that over it,request
cytosine and fluorine um you place the shrimp in the in the rice steamer,request
c and i put them up,statement
d well d well i ve enjoyed talking to you,general
just start to the bike shock bi bike shop and pick it up,request
c and they speak french,statement
c because around here there s really nothing for the young people,statement
anyway iodine apprize it,general
have you ever owned your own home,question
f uh eighty seven,statement
what s the last movie you saw,question
c and we re not going to just kill ourselves,statement
d well it s been fun i enjo enjoyed talking with you,general
c and you have a nice evening,general
refreshen my retention,request
c or is it pretty dry,question
use the greens if you get them when they re young and tender d you know before they have grown likewise,request
c and f uh if you have that on a regular basis in texas i think i would go with something very ironic laughter to keep it off d you know,request
i know i associate the pollution with weather in general,statement
you too tonya,general
d well did you see carl sagan on sixty minutes on f uh when he was talking about when if if the if the war started in in kuwait and they d set those f uh all th,question
cytosine thence you will have to do that once,request
if you did it like you were just f uh saying that s pretty much like rainbow trout,statement
yes identical timid,general
just don t mind maine if i bounce back and forth,request
a pleasure,general
i i guess d you know i d like you to maybe carry something here,request
or do they,question
hi nola,general
snow and you let it come to amp boil again,request
have you been a to a lot of the different historical sites,question
you you rhenium foremost,request
d well you ll just have to plan ampere vacation some time,request
what would happen if the required young people to do service to the country,question
thirty years ago i guess there were color t v s,statement
e i mean i have been to new york,statement
if you want to go first go ahead,request
c or do you do you get into that s that,question
it was quiet and restful and and so beautiful,statement
c simply d you know you ought to get him to thousand pull the weeds,request
sooner or later they ll start putting the miles on the inside and the kilometers in big numbers so people start thinking that way,statement
d fountainhead f uh i f uh yeah,general
c and you get ticketed if you don t do it right,statement
d do you all have do you all still have drive ins up there,question
okay throat realise,general
is that generally across the board do you think,question
what do you what do you think is causing all this,question
c and then you serve it with melted butter,request
f um do you have any,question
what about vacation,question
allow s see what else is on telecasting,request
stir it real real well,request
i really need to get on a regular type of program and use that thing on a consistent basis,statement
you don t want the gum on the back of the masking tape to get dried to hard,request
i usually get to the point where i can play some of my favorite themes,statement
f oh i started years ago i guess not years ago,statement
tell me what you like to dress,request
d well have a good time cooking for your dinner party next week,general
are you on any kind of f uh regular exercise plan,question
what kind,question
do you think it s an economic c necessity,question
just put fluorine uh put a thing along it,request
century and you put it on a platter,request
our district did that for the ninety one and the ninety school year e or calendar years,statement
c and f uh c but as far as shopping for a job i d rather shop for the benefits than the salary,statement
i i f uh put together a a up rolltop desk from scratch,statement
what was that,question
another couple came f um over a couple weeks later,statement
f uh at that time was the same car,statement
you ever work with davis,question
f uh c and if the parents do not care enough to take an interest in whether the homework is done,statement
d well i have got a dog now,statement
c but i have enjoyed the conversation,general
what what are you putting in triple glaze or double glaze or,question
just a minute beep,request
c and what do you do with it,question
c hence c merely f uh d well you ought to try that,request
laughter sure,general
suspiration yeah,general
laughter isn t that funny,question
print start,request
you buy it you buy it a a seasoning,request
lease s talk about college basketball,request
e right,general
f oh d well great,general
d well i can see why if you ve got little ones just coming along,statement
excuse it,request
of course garth brooks lives about f uh d you know,statement
bye bye clicking phone clicks dangling up,general
you have to step down in them now,statement
c or c or was she kind of opposed to it,question
some of the stuff is good,statement
we we saw an we liked it,statement
do you have do you have a rotor tiller,question
c and conceive how rich she is,request
today l let maine ask you this,request
i i was called once,statement
c and you scarcely keep beating it in,request
laughter do you,question
laugh d well do don t ever get one for a pet,request
c and just we re essentially standby and problems f uh all all nights and weekends,statement
i i know with our family that we could really be helpful if we could find a way to just f um get it into different categories like that,statement
i teach people how to use macintoshes and how to buy equipment and desktop publishing magazine production and things related to that,statement
wonder years,question
c so f um one of the things that we did with him a lot was to go breathing either my husband or i or both of us would t concerts with him,statement
what do you think of our space budget,question
f oh i see throat crystallize,general
f oh f huh,general
calciferol well farad uh i farad uh yeah,general
c and it just had a very good activities director,statement
i when my kids were real little i was at home for a couple of different periods of time,statement
everyone had amp two way wrist watch t v s on their wrist,request
i do things kind of simple because i d you know i just have close friends over,statement
fluorine uh yeah,general
coulomb but go ahead laugh,request
people marry later,statement
are you in the defense,question
f oh have you,question
one moment please,request
c and i maybe we ll meet up again,general
we won t allow this in our neighborhood,statement
okay bye,general
if you desire to operate first operate ahead,request
i learned something here,statement
how how do you use it laughter,question
fluorine oh you should try it,request
i get to put out all the christmas lights out there and all that,statement
do you watch much t v,question
d so d well listen then,general
c and when i started teaching school it was in an inner city situation,statement
pass pass euphony,general
d so you re f you have a big,question
just put your paper in the same shoes every day,request
d well do you have anything else you want to say on this,question
what are are you settled in a place,question
i don t have kids,statement
in the last few years i think,statement
nice talking to you also,general
you require to get a start,request
it s better than cash laughter,statement
put it on your shoe directly,request
d fountainhead we ll spill to you later,general
breathing c and let them drop to the bottom d and maybe do a a kind of a slow reel,request
ergocalciferol well breathing i guess i ll let you go now,general
are you in texas now,question
imagine the guilt that soul would have,request
it seems like the weather,statement
ye laugh yea,general
it just seems like i here it on the news the day before,statement
do you read,question
take them about it,request
were you up in in wisconsin,question
c because if you don t see it you don t miss it laughter,statement
but they don t have,statement
yeah f um,general
d you know i always intend to just stand on the bank and just kind of slip it,statement
c but e i mean is not that,question
they re going to have to be d well,statement
go out to the nursing home help guide some craft programs perhaps bring on some suspire music programs whatever their talents are,request
suffer the computers taboo,request
got to look throughway s peak,request
f uh tone astatine them,request
c but it s simply kind of corresponding get on the telephone,request
don t,request
do you have a lawn,question
laughter d considerably do don mt ever get one for a pet,request
c and f uh what is your phone at home,question
bye bye clicking,general
do combine idol because i don t know kids are a blessing,request
c and i live in te texas excessively,general
anybody,general
cholecalciferol well tell me this f uh lowell,request
one ll let you start this time,request
laughter c so d well i think we ve discussed it good enough today,general
c and f uh do they cook on stoves,question
is that okay,general
laughter alright,general
ace ve got another line calling,general
c and there s a lot of people that tell me that that maybe my thoughts are wrong,statement
c and i m calling from plano texas,general
if they didn t have,statement
c and think what what s it going to be wish for my my youngest an my oldest son when he rifle to school,request
c and f uh tina enjoys f uh noise the other lady,statement
c and it was just packed,statement
d well i enjoyed the topic,general
i come home from work,statement
d well leslie it randomness been real nice talking to you,general
c and i think that is my biggest objection to anything as far as invading my privacy if somebody wants personal information out of me,statement
d c so you bought a pontiac,question
oh faintly,general
i ve relish,general
good morning,general
you know pass them a delicately whatever,request
have you ever tried chinese type green beans,question
did you get it,question
now if you use the dried kind,request
do you think that the soviet union represents a threat to us,question
have you ever lived in that part of the country,question
indulge talking yea,general
i would non urge that method,request
what kind of f uh vacation spots are there in colorado,question
c and we ve all got heaters in our tents,statement
c but laughter d well tell maine,request
farad um laugh,general
uh huh f um,general
beep ok farad um,general
c and they nearly drove me crazy listening to telephone conversations,statement
tone static f oh yeah,general
f ohio f huh,general
d comfortably go forrader,request
is f uh is that good,question
leave me in the air conditioning,request
is that not good,question
laugh c but laugh hither we go,request
c and how much does it cost,question
c and you put it along adenine platter,request
ergocalciferol well you induce a good evening,general
i f uh i get my news pretty much from the same sources as you do although i do listen to n p r swallowing which has very good a and that s national public radio which,statement
if you were deciding do you think that they would have been different,question
c but laughter yea,general
short rock stars put altogether them in there,request
c or c or c or what do you think,question
how come you wouldn t take them to a day care,question
f oh are you laughter,general
d well do you do a lot of dining out,question
f uh dolly parton laughter she s kind of,statement
d all right thank you,general
f oh did you return it,question
that s great,general
what kind of music do you enjoy,question
c and then you find some real sharp cheddar cheese,request
most of the people who that i that i know about who really f uh would fa favor statehood,statement
the hardest part about f uh water pump changes is getting all the junk off before you can get too it,statement
d so what is your latest experience with painting,question
c and you circumvolve it one time,request
c and f um you re in texas,question
c but i m not really from laughter i m not really from texas,statement
and theft and probably murder,statement
ampere completely righty,general
you ve got to have something to,statement
had a real good time with the family,statement
d see yeah,general
c so tell me your feelings on reprocess,request
think about what you can bargain for sixty dollars,request
they won t take vegetable cans,statement
c but i think your mayor,statement
put them in poky laughter,request
c and f uh it was it was a pretty neat little program,statement
if i can the other side of the coin for ampere instant,request
it s in the strip yeah,statement
you extend first,request
is his office in plano,question
noise yes,general
c and who knows still what ha really happened d you know,question
cytosine and f uh you flavor at their society,request
really,general
c so that lets you be available three days during the week,statement
hang on a minute,request
this is jim in dallas,general
d substantially differentiate me about your van,request
c and they re big,statement
c but you do have to have it d you know you do have to have it live when you cook it einsteinium i mean,request
you have a good evening all right,general
calciferol so yeah,general
c and they ll they ll call you back,statement
very faint yes,general
feel at the cowboys now noise,request
d well can you come up with anything else that maybe we could do to these people,question
c and what do you have,question
clicking from phone yeah,general
f uh c but i sigh i tend to think that it s less those people that have the two cars and everything than it is the group that is just trying to survive,statement
f ohio f ohio really,general
c but they were hooked at the waist breathing,statement
what if you had a fire or something with babies,question
c or do you hire someone to do it,question
d well do you do you tear out of your magazines your recipes,question
is this going to be your first,question
because stories look very different when you hear different parts of the of the truth,statement
maybe this is a fantasy we can to talk about any variety of car,request
f oh h,general
salutary adios talking,general
don t ever drink spoil,request
just a second talk to child in background,request
farad um babble,general
impart me some wisdom catherine laughter,request
c so the last thing he did was when i had sat out a whole lot of begonias in the backyard and he dug them all up and brought them to the porch,statement
f oh yeah rustling paper shuffling,general
isn t it too large for normal town driving finding parking places,question
d wellspring same hither,general
laughter i bought some at christmas time for friends of mine that have c d players,statement
d you experience right,general
whirl right onward,request
here it s like it s like a dollar five,statement
they re really nice looking cats,statement
you have got to check astatine least once,request
are they typos,question
let them,request
talking faint yes,general
c and you need to go in the spring when all the flowers exist in bloom all up and down done there,request
the only complication is is is how do you fund something like this,question
central,general
guess,request
c so what s it going to cost us in the long run there in saudi,question
d well i i need to go ahead and and wrap it up,general
how long you taught taught in dallas schools,question
there s a different one for applied physics,statement
c so c but fluorine uh d well you ought to seek that,request
sure operate onwards,request
c so if you ever go in amp restaurant order crawdaddy,request
c and i think we both listed an know laugh,general
do you work,question
d well f um f oh i guess another thing i ve noticed too here lately is that even though we ve had some pretty warm days it s been awfully gray d you know just,statement
c and how do you get to another world d you know,question
what f uh go ahead and differentiate me about your home laughter,request
don thyroxine overcook it though,request
think about f uh taxes,request
i throat clearing i i kind of feel like i wish i could have gone back to undergraduate now laughter,general
c but d you know i like i just like getting out being in the outdoors,statement
is it tia s not tia s f um,question
c so f uh i learned to repair one,statement
d well do you have any children,question
isn t that neat,question
f um usually f uh word processing something f um lipsmack such as f oh forms for things f uh,statement
when i had it i i watched it d you know religiously for half an hour,statement
f uh i m not working right now,statement
f ohio i see pharynx clearing,general
c so i don t know if if it s tapering off or what,general
not there but at my brothers i tried it,statement
c and c and when i got in there i didn t i wasn t d like able to give a full sample,statement
tell me your name again,request
nice footling conversation with you jack,general
c and f uh f oh what s that real f oh not real old a my wife she is old too,question
the f uh what is it the flagship,question
d similar give me some representative,request
c but there was also a bunch of russian advisors that were damn good shots,statement
let s mouth about school,request
c and what are d you know,question
c so that was interesting,statement
c and how much shrimp would you use,question
c and d you know d like defy on here,request
such that d you know lots of people got involved that way,statement
what did he teach,question
my comment on this is that we paid an absolute fortune laughter,statement
f oh nobleman,general
i tried to remember as i took stuff off where it went,statement
c but isn t that isn t that kind of a blanket racist kind of thing to say the blacks and hispanics and other minorities just don t vote,question
sort of a military thing i was speaking of before,statement
it sounds good,general
d well you ready for new year s eve,question
d well back back to this visiting thing,request
f uh were you forebode from tx,general
c and f uh they re not laughter,statement
somewhere in china somewhere i think that it was filmed,statement
d well see last year we had snow at christmas time,statement
you can get somebody maybe willing to baby sit,statement
do they have highlands up there,question
f uh what kind of fish do you like the best to eat,question
i think that f uh d you know that there needs to be a way that d you know once someone inhaling has gone through sigh d you know a trial i do not know how to fix it,statement
c and you stern leave a message,request
what do you teach,question
f um it was very nice talking to you,general
i d like to say that however f uh that i m overwhelmingly disappointed with the media in general except for the raw news wires noise,statement
c becaus c because i had three younger brothers and sisters myself,statement
e i mean it s just a precaution for everybody,statement
c and f uh f uh what what kind of f uh what kind of news normally interests you,question
you might put around d like around yellow catfish in there,request
what s your been your experience,question
d well i feel like f um to an extent that is really important,statement
f oh what kind of drugs did you use if you don t mind,question
yea dim,general
has herschel walker done much for them,question
d well hi laughter,general
c but my other line is blinking,general
just amp minute,request
we the one thing that f uh we did decide as it s it s,statement
is it asphalt shingles,question
c and so once you pick that spot prohibited pick prohibited what you want to do,request
f um all right,general
c so c but f uh d well you ought to adjudicate that,request
it s been real nice talking with you,general
what does he charge me,question
this is archie,general
you bet,general
d oh really,general
just a minute beep,request
d well are you summit or are you f uh,question
f uh nobelium,general
c but you do have to have it cholecalciferol you know you do have to have it hot when you cook it e i bastardly,request
d well what kid isn t laughter,question
i think you can,statement
c so it wasn t like it was going to be this big raw place or something d you know,statement
did you scuba dive there,question
i think that s why they ring me because they want to get people outside the state viosterol you know,general
they they went out last year and almost everybody got it the limit,statement
d you know if they re overcrowded just keep cramming them in there till they just smother f uh,request
c and then you charter tenner percent of it,request
how often do you meet,question
what what brought about the fading of the paint,question
you rattling should perish to europe,request
c or is it emmett smith,question
ii girlfriend,general
what into the service,question
it s f oh f oh confederacy and okay,general
i i guess i ve just about run out of,general
in missouri,question
fluorine oh i ascertain laughter,general
fluorine oh yes laughter,general
bye music,general
can you hold ringing on just a sec,request
go out to the nursing home help guide some craft programs perhaps work on some sigh music programs whatever their gift are,request
c but anyway d well i guess i won t take up more of your ti,general
throat clearing wha what sort of company do you work for,question
everyone had a two way wrist watch t v s on their wrist,request
f ohio can you can you apply on for just a minute,request
f um you should perpetually have three months of your wage in a savings account in case there s a major need for that,request
would you ever want a dog in the family,question
do you know where that is,question
c so where do you live at,question
instantly l lease me ask you this,request
c and c and f uh i d i d really like to see stability in that area because i m always afraid that s where another big war is going to start not that desert storm was a small one,statement
c and c and the question is does the government make a difference,question
now you can tell me what you do,request
laughter c but laughter here we go,request
they have to decide whether or not he s guilty,statement
c or did he just do it,question
f oh you didn t,general
d well i consider we ve done them a good job today then,general
you nates spill,request
cytosine and so you get some real sharp cheddar cheese,request
get the yellowed ones,request
laugh come on,request
but i uh sure hope we,statement
c but for a good while every year they d have a different counselor,statement
d well we live in roy,general
laughter that s true,general
one third of all vegetation in this county is just wiped out,statement
uh huh faintly,general
d so did you drum up any interest then,question
calciferol anyway back on planting,request
d well you know what,question
what d you think of it,question
c cause d you know you can t do it gradually laughter,statement
you could be responsible for that yourself,request
get them go,request
have you tried the f uh the pool at the spring creek fitness center,question
i wear t think we ve croak our our ten minutes,general
he crashed and inhaling killed some people because he was f uh smoking some marijuana,statement
c but i wasn t in trouble every time i got down the fairway,statement
d well f uh okay,general
f ohio don t enounce that,request
bustle it real real easily,request
i ve had interesting conversations on several subjects not f uh not just this but different the different,general
c and you fluorine uh put about two tablespoons of fluorine uh water into this bowl and about an eighth a teaspoonful of salt,request
c so you go if you re if you re not doing any kind of sport thing you go to one of your sisters or brothers,question
how they found out d like that f uh ancient man per performed f uh brain surgery successfully,question
i think that was good,general
have you ever camped out of state,question
let them go and pay their crime or their time doing something else,request
how about you,question
farad huh laughter,general
i don t know if it s been a deterrent or not because we have f uh just started using it,statement
are there others that you re dissatisfied with,question
d you live where you should test,request
f um in your opinion good or bad or both,question
f uh baseball,question
we definitely have lost the judeo christian ethic of the judicial system for sure,statement
calciferol well i guess then i will go,request
in the school systems,question
where s,question
carbon and so throw them in with the rest of your salad sometimes,request
now it probably doesn t work that way in our household because i have strong opinions about things,statement
bye bye now,general
where all you guys go,question
d now do you still own a house,question
printer yea,general
c and we ll end up one man was telling me about his grandfather in lithuania,general
c and it didn t get as d you know as good a reviews as d like the little mermaid their last one and got all kinds of academy awards and things last year,statement
okay identical shadowy,general
c because a lot of those things it s all it s in it s largely a matter of viewpoint,statement
f uh what sorts of cases were they,question
do the schools emphasize the metric system,question
c and that was the most boring place on earth,statement
nancy do you have any children,question
why don t you go ahead and initiate,request
ergocalciferol well i prize talking to you,general
c and you want to use one of your good sauce pans that dissipate the heat because it it ends upwardly burning,request
don t answer your headphone hello,request
c and did you ever eat at the blue bin diner,question
countenance them go,request
laughter vegetables once in a while,general
you pay totally on the honor system,statement
it used to be just capital murder,statement
c or laughter,question
breathing c and let them drop to the buns d and maybe do axerophthol axerophthol kind of axerophthol slow reel,request
c and f um d you know c so we re having problems in in that way,statement
farad um then then just laugh,request
hi maureen,general
c and it s for them to believe that somebody else could do the things that have been done,question
is it anthony perkins or anthony hopkins,question
c so you you ve only known the dog wh how long did you say,question
now what s that,question
ergocalciferol well it s been nice speak to you,general
function onward,request
directly tell maine what you expect from the mavericks this year,request
you ought to rent the farad uh farad x part i,request
if you re ever in town we ll run figure a movie laughter,request
c and i i especially like baking and making deserts,statement
have you heard of nat heard of nat king cole,question
now l let me enquire you this,request
he didn t have a problem with reading,statement
f oh excuse me just a minute talks to someone in the background,request
go out to the breastfeed place help guide some craft programs perhaps work on some sigh music programs whatever their talents are,request
c and you need to go in the spring when all the flowers are in bloom all up and down done there,request
you postulate to try pica,request
you know the murderers the drug dealers the user put them all inch,request
laughter f oh truly,general
c and f uh we had a review today,statement
coke and you put a quest leaf and put some f uh red pepper over it,request
c and they don t quote you the proverb out of it,statement
did you read tom clancy s a clear and present danger,question
resound uh huh,general
faint f oh yeah,general
uh huh noise water sound,general
are you going to be a career person,question
clocks,statement
d well have a good day,general
i have twenty five minutes for lunch,statement
c so tell maine your feelings on recycling,request
d so f uh do you want to start beginning,request
d actually i i grew up water skiing,statement
c and who s the other big guy,question
c or c or maybe just exercise astatine home,request
snow and then you just set your cauliflower in thither,request
f um do you like big dogs or,question
i i i don t have a whole of sympathy on that,statement
c and put them all in a place,request
have you seen dances with wolves,question
d well do you own a p c,question
what ages are they,question
d you know i think he wasn t a real mountain man,statement
that s where i kind of get into,statement
are you still employed,question
f um f uh calciferol well give me your first impressions,request
that cuts into our free time right there,statement
c and so we we f um set aside a certain amount each week that goes for things that have to be paid for d you know,statement
i m replacing the two or three starters on the chrysler,statement
c and yet e i mean did you ever in your life when you were little know laughter anybody or hear anything of anything like this,question
you re receive,general
is that how they did it,question
do you ever go to the dallas opera,question
cu couldn t you send us some nice weather,question
hi judy,general
d well do you work in that c building,question
d fountainhead let s not talk about that laugh,request
think virtually what you throne buy for sixty dollars,request
do you know which one yours was,question
c or how do you work your budgeting,question
okay f uh,general
c but you need to rent the first one first,request
sanction fluorine uh,general
c and ane ll do the same,general
we don t too many major f um expenses at this point,statement
d well is there any,question
c surgery make everything diet,request
breathing i don t quite understand that,statement
c and c and i even did once when i was a child,statement
f uh did you watch the bulls this morning,question
farad uh farad uh,general
d well heed,request
is the million dollar question here,question
have you done anything like that,question
hm laughter,general
right f uh,general
have a gracious daylight,general
c and then we put our receipts in there d you know,statement
you can take those f uh,request
c but in some of the instances d like you just cited where you have to give your fingerprints e i mean wha what what happens if you say no,question
if if you if you compare to go to a a sport a a,statement
do you have relatives over in israel,question
c and there s just d you know the two of us my wife and i,statement
c and f uh c and then i worked in in the child care centers,statement
f oh that s what i was curious about,general
laugh relish it,request
take for instance f um a large construction company i used to work for ed swampers,request
just try to keep yourself out of a bad situation,statement
pose it on your shoe directly,request
right uh huh,general
does everybody have their windows tinted up there,question
absolutely,general
been nice talking with you,general
okay fluorine um,general
c and then one night we were camping,statement
c and so yeah,general
babble babble your husband into taking you there some night,request
c but then heat them good inwards the sauce itself,request
d well that s exactly what happens in government laughter all the time,statement
snow and f uh even if they re even if they re warn tell them that that s just a passing moment,request
now are you with t i down there,question
you power try f uh,request
c and that always goes over real well,statement
children tv noise kitchen hi f uh,general
did you ever see silverado,question
c but f uh for the older f uh ranch homes it s pretty typical i guess,statement
c so didn t get any choices at all,question
ergocalciferol well f um thanks for hearing me rap i suppose laughter,general
do you have that where you live,question
clang uh huh,general
you might try f uh,request
laughter then you mystify to get him to,request
c but i think seven days is long enough for us,statement
c or you can only obtain some d you know regular red peppers,request
d so c and c and c plus he s getting on in his years now,statement
what f uh what s your experience been like,question
would that be healthier do to do that to drill your own fresh water well like that,question
that way we throat clearing d you know if each of us finds something is missing f uh we put it up,statement
d so is everything going all right up there,question
c so c but f uh calciferol fountainhead you ought to try that,request
f ohio diving,general
it seems like you walk quicker,statement
c and you you let the poulet you fried kind of drain so that a lot of the oil comes out of it cough,request
c but anyhow d well listen i guess that s about it then,general
imagine the guilt that person would feature,request
c and we were just not exposed to the personal lives of these persons,statement
my pleasure,general
oh uh laughter,general
d you know having a a lot of difficulty f uh surviving f uh the question is would they d you know would they be better off under communism,question
f uh tell me where that is f uh,request
yes laugh,general
d you know why not laughter,question
kind of like the cowboys laughter i guess,statement
d now have you seen dances with wolves,question
c but i d i also feel as you said that the original concept of the jury as it was originally setup f uh back f uh in a hundred years ago was fine but that it needs to be more refined for today s standard of living and the the f uh level of education of them of so many people now f uh,statement
okey cough,general
put about fresh little fresh shrimp,request
coulomb and you name it,request
c hence go ahead and say laughter,request
how do you get your main source of current events,question
how do you like that laughter,question
c so that saves us from restaurants or whatever,statement
are you in the middle of anything,question
c but d you know by then she had practically got her degree,statement
c but then we can backrest upward,request
the people there have money,statement
unity figure cough,general
do they do,question
hey you should make yourself a promise that you ll you ll read ace novel inch the next six months just for you,request
what s the point of putting a restrictio,question
d so c and i don t know what s going to happen,statement
laugh you likewise,general
c and i think that plano and richardson in terms of the f uh things seriously wrong with the public schools are not nearly to the extent th that,statement
d well i guess there are a few things around still,statement
c and we bought it from someone who was in it,statement
are you close to sevren,question
d well i ll let you go it s,general
have you have you received many,question
don triiodothyronine say that too flash though because f uh every city and town will have a meter on your laughter tail pipe generating generating revenue,request
see you next time,general
d so tell me roughly where you survive,request
look what we ve execute here at t i,request
sound fleet you f uh you charter clams,request
c but you can get them in the nursery,statement
d well do you d you know do you do gardening at home,question
f oh yeah laughter,general
nice talking to you too,general
think about what you can buy for sixty dollars,request
have you are you a civil war buff at all,question
c and then look astatine the weather we have down here,request
d well tell me what s in your garden this year since i don t have one,request
c so julie how do you feel about aids research,question
justly tape ends with no further conversation,general
goodnight,general
lay them to knead,request
yeah whisper rest,general
tv right,general
i think those men don t last very long in relationships because i think women know what they want,statement
every every dollar we every dollar we charge is a mile for our frequent flier mileage,statement
c and f uh why why do we let this happen,question
f oh did d well did does your wife ever make f uh bake in a hot bacon dressing d like for,question
it s just who does it d you know,statement
calciferol you know it it s taking time,general
i ve been here for f um just almost fiv d well e no almost four years,statement
c but you emphatically take to go to hawaii,request
what do you think noise,question
what kinds of decorations did you use with the bas,question
tell me what you like to do,request
c oregon you can set up your work program and your husband s so that one of you is there all the time,request
everyone forgets whose money it was,statement
c and then you take ten percentage of it,request
ladies first,request
d well then how can a democracy work then,question
do you seem to get it straighter,question
right yea,general
f oh you do you do d actually f uh grow a garden to produce food,question
is that right laughter,question
have sport playing tennis,general
are you talking about cutting equipment or tools for tha for set up,question
buy a fresh filet of fish a nice one at the fish mar the fish counter,request
just angstrom second,request
cytosine and you put it on amp platter,request
d now you didn thymine hear me say that,request
d so tell me the last time you went for a sauceboat ride,request
d well d so are the people around you f um dressing similar to you,question
what what is their location,question
no f uh,general
breathing yeah,general
f uh you want to start off,request
now that d yeah is that still real good,statement
uh huh inhale,general
what s a good apple to bake pies with,question
section,general
was it like a primer,question
c or they appeal,statement
c so what do you guys having up there,question
you never nee even requisite it,general
c and i ve enjoyed our talk,general
es i mean you look you look at the number of marriages that are occurring right ou es i mean even in high school,request
hundred and i think we both listed an experience laughter,general
blow and see if it fluorine uh,request
we we we have a terrible air pollution problem,statement
c and we caught the individuals got caught,statement
they re so small breathing,statement
you involve to try pica,request
which what book have you read that is along those lines,question
c but f uh order all the glass in one place and plastic like milk jugs f uh orange juice jugs things like that,request
d well do you think we ve,general
c and f um in in the early fall time,statement
cheerio cheerio directly,general
oh snorting,general
c so it s not very practical,statement
kathy,question
c and not only that but the f uh repair capability of f uh service departments and dealerships was equally dismal,statement
yes coughing,general
c so i ve been two nights in a row,statement
tobogganing,request
throat crystalize if if you wanted to fluorine uh fluorine uh really get into a hot issue fluorine uh,request
have a lovely day,general
e i mean do you think,question
c and c and in ways i liked it because i could go ahead and pay all my bills at once,statement
your your ferment,request
c and i went to u v a,general
d well can we ask you whatever happened to clyde,question
hey you should make yourself a promise that you ll you ll read one novel inward the next six month just for you,request
how you suffice,general
c and f um the thing is that f um the the real part is there are two mailings that go out,statement
f oh d well laughter yeah,general
that is probably as most as often as we both know laughter,general
c but i m glad to see us advising them,statement
i hope you determine a good movie soon,general
have you f um do you listen,question
sure go beforehand,request
d you know they had a life style,statement
c and yeah,general
just assume t mind me if i bounce back and off,request
think we ve f uh covered all the subject,general
c so it s mostly all novels,question
f uh d so jack what type of music do you like,question
your garment,general
a lot of testing,question
f uh i see,general
i wish we were given an opportunity to vote on more things,statement
e i mean it s corresponding don t worry about it,request
i was virtually to say you ought to experiment on at least a small part of it before you just tackle the unhurt thing laughter,request
f huh do you think they should be punished at all or f uh throat clearing d like go to prison f uh,question
is there any f uh,question
i m a housewife,statement
f oh f um,general
fluorine oh d well d well encourage her to try other matter,request
c and f uh c so he s got d you know his retirement though is really twenty four hours a day,statement
you don t want the gum along the rearwards of the masking tape to get dried to hard,request
d well how to you handle that the long range or medium range planning on finances,question
single fare from wyoming,general
d you know when you develop your imagination that can take you into a lot of other areas because you ve developed f uh your your your mind in in seeing things d you know,statement
and besides that i kind of learned i wasn t really that good laughter,statement
even though i retired from education i f uh i do modeling,statement
wouldn t you really like to know,question
disturbance f huh uh huh,general
it it was just that the the part just just didn t fit the car,statement
do they give any limits on alcohol,question
what kind of roof does your house have,question
how do you get your news mostly,question
could you hold on,request
okay then,general
at least exercise while dusting it murder laughter,request
hey thanks a lot and and bye,general
let s talk about schooling,request
bid bid the boss over,request
c and having sat on both f uh f uh criminal and a civil f uh jury,statement
f uh breathing like the graduate by steinbeck,statement
laughter f oh yes,general
okay child crying,general
are you a native to texas,question
when you watch them go up you are just amazed that they do not fall over,statement
listen,request
century and you continue,general
you fire go back to work now,request
you re a student,question
it has exist becky,general
d like for instance say f uh,request
d intimately listen they ve f uh they ve had this ace,request
i think there s lots that be that could be done to to improve how things are done now,statement
so um have you have you worked outside also and um feel that it that,question
lipsmack ohio,general
you shouldn t be talking about this right before spell you rhenium fixing dinner,request
f uh go ahead,request
f uh we live in a rural area up here,statement
c but they don t know how to deal with the victim because we as citizens i guess haven t laid anything up there for them to deal with on that aspect,statement
c and you put it along a really small heat,request
do you pick the topic or does the computer,question
yeah laughter,general
does your family normally have a reunion,question
yea f oh,general
d well f uh throat clearing do you f uh,question
this live lisa,general
i have children,statement
c and you put a embayment leaf and put approximately f uh red pepper over it,request
mix up a little f uh mayonnaise with some dijon mustard,request
yeah sniffing,general
c and i have done the same thing,statement
c and f uh i read a lot of science fiction,statement
explain it,request
d well f uh i ll countenance you start i guess sniff,request
i was going to say y y you got as far as the uh chop sticks huh,statement
c and i never have the discipline to stay with it,statement
d well any other comments,question
i i don t think that s an invasion of privacy,statement
write that one down,request
d well i thank you,general
those flowers remember those little ones you gave me,question
fluorine uh d you know,general
do do you have friends with older children,question
tell me,request
d swell thanks for babble,general
c but you really want to project that movie,request
coulomb and ace appreciate your having called,general
c and f uh let second see it for the summertime,general
d well it s going to make it tough for them,statement
just get it out ergocalciferol you jazz,request
it s a d well d actually it s a mutant,statement
go pursue they,request
d well it s been good talking with you,general
f um d well before we built our home we were managing some apartments that,statement
just to the fact that i don t know that it is a company s business to regulate what its employees are doing when they re not at work,statement
c and f uh that s one thing we can enjoy is good delicious food,general
i think that represent good,general
c and the average d you know the average f uh first frost is like the fifteenth of november here,statement
they had the p g a tournament up in indianapolis last year,statement
what fluorine uh go ahead and tell me most your home laughter,request
always been involved in little small d you know ind privately owned s owned firms,statement
was there any,question
c and i always,statement
you ought to take the f uh f x part one,request
d so have you ever voted at all,question
talking radio very faint yes,general
how s his karate,question
do you find that you re f uh throat clearing f uh disappointed or pleased with f uh f uh the performance of d like network coverage of news,question
c and the reason i got a standard was because i thought it handled a lot better,statement
f uh first f um i need to know f uh how do you feel about f uh about sending f uh an elderly f uh family member to a nursing home,question
are you surviving,question
just go to the bike offend bi bike frequent and pick it up,request
farad uh do you want to expire ahead and start,request
that same kind of four door hard top style,statement
coulomb and i m scream from plano texas,general
you could beryllium responsible for that yourself,request
if she acts like she wants to or says she wants to maybe you could have her take some for a while and see how she likes it,request
d well good luck to you,general
they they thought it was the greatest fun d you know,statement
you wishing to start first laughter,request
what made you all decide to put her e or what made her decide to go,question
door justly,general
i was i was,statement
talk with you later,general
you take metal instead of pliant,request
calciferol well calciferol you know countenance s face it,request
we re out in the country,statement
of course maybe that s what we hear about is from organized and approved day care centers,statement
c and then when you serve the meal what type of wine would you have with f uh with the with seafood,question
c and i do get tired of that,statement
cost that okey,general
i think i think it is getting more d you know advertisement,statement
what part of the country are you from,question
let s talk about civilise,request
c and things are misspelled,statement
c and it s always the same man,statement
c and f uh good luck in your this stake,general
d well it was nice talking with you,general
c and control on a back,request
let s cut off,request
it s f um on on walnut and greenville,statement
are they f um just house pets,question
hello nancy,general
it s f uh,general
we were saying we could sell our house here and buy one down there cash d you know,general
c but i think they re too readily accessible,statement
break me about wonderful advice catherine,request
c and that effectively adds to whether it s officially on the books or not,statement
you can go out,statement
c but so we can rachis up,request
what do you think as far as air pollution in the dallas area,question
it s it s to bad because it s f uh e i mean th just even the random occurrences where d you know it s unsafe for a woman just to walk from the car to the some in certain areas like from the car from their car to the mall or something,statement
d so whe where may i ask where you work sir,question
c so how about you,question
we have a a very small phone company down here,statement
i think it might build jobs for people d you know that were administrating and running and training and coordinating and all that,statement
bread do you have bread to go with it,question
good forenoon laughter,general
christopher reeve or mike douglas,question
c and find a creek,statement
c or do you think they are deliberate sorts of things,question
wouldn t it have been wonderful if we could have freed the country,question
we we have done that,statement
did the framing and all,question
fluorine oh fluorine huh,general
it s it s a big responsibility,statement
good talking to you beth,general
what is real popular up there,question
you kn you know it s just this problem with sales people just not knowing what goes on,statement
respiration yea noise,general
laughter cholecalciferol well put them in adenine salad though,request
d you know i think if we kind of stiffen them up a little bit course i,statement
c so i didn t know if that was just something for drama or that s truly the way it is,statement
c so that would be kind of fun,statement
can they go in there and can anyone go into d well out of,question
c and we were talking about something tot income tax or something,general
c and i forgot about nina and cliff right,statement
c and f uh mackintosh took a lot of the market from a lot of schools,statement
you ve played it then,question
leave me in the air train,request
d well i can go ahead and start and tell you mine,request
e i mean it s like don t worry about it,request
hey differentiate,request
c and you can depart a message,request
did you embroidery the pattern and then quilt it yourself,question
c and so this is just really strange d you know because,statement
is it d like a hand held,question
calciferol you cognise try that sometime,request
c but the penalty didn t go back d you know,statement
do you have brothers and sisters,question
lipsmack ok,general
hear that,request
or do they both get served,question
d well have you played recently,question
momentum is f uh driving force in our lives,statement
f oh do you like l a,question
d no you tell maine how you feel about,request
d well i should probably get back to my job laughter,general
excuse it,request
now distinguish me what you expect from the maverick this year,request
lay them to knead,request
c and you keep,general
sure work forward,request
tantalum you overly,general
hey grade,request
did you see that movie with fred savage in it though,question
d well how how old are you,question
real faint yes,general
d now you didn t hear me enjoin that,request
she goes to almost all movies with us except d you know r rated,statement
i m ready for it,general
i i really do,statement
now you can c either use d you know the kind that comes in the little can,request
d well what you can do is take your railcar defrayal and put it in the bank for three or four years,request
laughter c and it s c and it s more regulated,statement
i think that i think that that i agree with you certainly in the second situation,statement
d well then i guess i ll let you go so you can go get the door,general
count astatine this slick guy,request
let s do i,request
c but don t tell the n r a i said that,request
what s your favorite color,question
uh huh very faint f uh,general
viosterol so distinguish me ab,request
c and does does your wife work,question
for which if they would just pay me enough money,statement
c and you need to look at when you if you do decide to go with tike care you really need to to look at what your options are and and look at the what they offer,request
child gettysburg,question
is is just aerobics,question
c and you separate your glass and paper,statement
c so we had a nice thing going there,statement
in their own community,general
are you interested in that at all,question
you you too,general
they ve passed laws that for habit do you think this could possibly be prohibit nothing elseseems to make any sense for example people using f uh barbecues listen for habit prohibit,statement
d you cognize where you should try,request
d so tell maine about china holler,request
who takes care of that,question
c so i m kind of hoping,statement
f oh lord e i mean yeah,general
f um what is it d like f uh stucco walls or,question
you expect at frito lay,request
after all their their life is so totally different,statement
you look at the unite states,request
okeh laugh,general
c and i m okay,statement
i i m sure that the switchboard will probably give us that sign off message very shortly anyway,general
one room they completely cut up the floor in and removed it,statement
do you feel like you live in an isolated area,question
that s on d like route two eighty seven or something like that,statement
okay fluorine uh breathing,general
unchanging yeah,general
laugh come along,request
doug you want to start laughter,request
ergocalciferol well tell me about it,request
tell me about your computer laurie,request
f ohio h,general
oh throat clearing,general
coke but go forrader,request
haphazardness certainly,general
noise decent,general
c and we re building a stand f uh just to the north of our house and along the east f uh property line,statement
i don t know how f uh people f uh that have young kids working work full time and and do it really without being stressed out all the time,statement
they were following him home from the motorcycle shop,statement
c and take it easy immediately,general
that told c and he told me when he gave it to me that it was impossible to kill,statement
they they put her e i mean,statement
d well it has been nice,general
very faint yeah,general
hundred and you just need to take the little one,request
d actually yeah,general
you initiative,request
laughter d well put them in a salad though,request
allow s just hope we don thyroxin get to that point laughter,request
laughter iodine watch,general
c and c and c and do we do we support the sandinistas or or do we support f uh,question
d well d basically f uh did you wish to go first then,request
hello laughter,general
d you know where you should try,request
what type of vacation,question
c so it depends,statement
c and c and strain that to your fry,request
cholecalciferol well i cholecalciferol say tackle one project first and see how it goes,request
you know,general
in fact i think they re getting a different guy for a backup quarterback,statement
do we get enough news or something like that,question
when is your good watching time,question
d well how is the market for things like that in california,question
c but look who she was running against d you know laughter,request
wh f uh w,question
c so we ll just wait,request
i i devote me cyanide,request
they have to f uh they ha,statement
c but what they do is what they did i don t know is buy all the parts that i b m would throw away,statement
why don t you go ahead first and tell what kind of car you calciferol look for inwards your next,request
c and i think that with the way the world is today that s got to be done,statement
what do what do you do,question
c and things that are under state jurisdiction even criminal don t require,statement
c and they had all kinds of f uh things they could go into agricultural and d you know,statement
hi really weak,general
how far out from the city e i mean do you,question
blow and you take tutelage,general
throat clearing d so yeah,general
they get so fast d you know,statement
excuse it,request
c or do you go alone,question
d well gee my husband is from richmond,general
f uh fare you want to go ahead and start,request
c and do you have a family,question
isn t that awful,statement
d well i m in graduate shoal now,general
rent s talk about college hoops,request
doug you want to pop laughter,request
i live in texas,general
iodine hope you revel,general
c and d you know if i i didn t wait five years for it to be good enough grow,statement
preceptor mt,request
c but it was silly,statement
uh huh baby,general
i ve been there before,statement
c an c and the windows have you what type of windows are you putting in,question
are there any new ones this year that came out that you like,question
you can buy whatever you privation,request
good luck with fishing this season,general
you have father to escort at least once,request
ron we ll see you later,general
are they poisonous snakes,question
ergocalciferol considerably ergocalciferol considerably i ve enjoyed talking to you,general
is it choice or just business,question
c so what made you decide to put her in a montessori school,question
i haven t had much spare time lately laughter,statement
give maine the money,request
did you ever see american graffiti,question
you firstly,request
c but sound beforehand laughter,request
it s was nice utter to you kathleen,general
now i do believe though like in california if a little kid gets a hold of a gun that someone has,statement
f um do you have children,question
i m i m hoping that this f uh solo flex will f uh f uh change things a little bit,statement
sniffing cough oh,general
c so you ve received a lot of f uh flack,question
f oh d well you need to hail out laughter,request
so you off it,request
c and they do it that way,question
i come improving there i ll have to stop past and have try some of your baking,request
i i really like a variety,statement
i think probably the big major change is the role of women,statement
totally powerful,general
noise f uh hang on matchless second,request
d well yeah,general
if they did that d you know,statement
i thought they had some sort of,statement
d actually my my wife and i are actually thinking contemplating buying a new car in the next year and a half or so,statement
c but at least the humidity is f uh below forty percent which makes it kind of d like phoenix,general
little rock stars put all them inward there,request
they got the forms indiana personnel,request
i do programming too,statement
is there anybody who doesn t,question
oh noise sounds like adenine cat,general
laughter f huh,general
i m in tx likewise,general
hope you enjoy your recipe,general
c so when did it end,question
c but go ahead laughter,request
secernate me approximately your cat,request
f oh i haven t i didn t hear that was coming out,question
yeah child talking,general
c so it s like you really have to tell as much as you can which is not much in that amount of time,statement
c and he was the only one that wanted it,statement
what s what is that saint jack or something,question
c so do you enjoy reading anything like that f um,question
calciferol well i thank you for calling,general
why not,question
yeah phonation faded,general
farad oh that,general
sniffle fluorine uh yeah,general
courteous verbalize to you,general
f oh do they,question
what s the best method,question
c and the there s no way d you know,statement
c and babble adenine,request
ergocalciferol well you are going to have to find a mother s day out and have him call in sick one day,request
how long has it been since the first one,question
farad uh farad uh,general
c and the first year that we planted i couldn t figure out e i mean the,statement
you want to go ahead and tell me your deary team or who you think will be doing well this class,request
good self help,general
hope you like you it,general
c and f um i guess i had a crack in the block,general
c so that s an interesting issue though,statement
d do you sell your projects,question
i m great laughter,general
very faint yea,general
yeah dishes,general
laugh enjoy it,request
we ll talk to you later,general
unity promise you enjoy,general
slay the bags,general
how far is houston,question
d well bash not tell that to all my friends,request
c and sometimes i think f um d well for myself that income that we have we pay a certain salary,statement
we ll talk to you former,general
recite me what word you read,request
did you see any of those f uh i,question
do you think that s a deterrent,question
goodby goodby dissonance tv or radio,general
f uh d you know,general
c but basically the same thing,general
f oh can you can you oblige on for just a minute,request
c and enjoy enjoy your car,general
d well great,general
otherwise you re just d you know,general
d well i have a f uh pretty wide taste f uh in music ranging from progressive rock to jazz to f uh lot of different forms of f uh music,statement
d well that s okay,general
secernate me about your cat,request
we can take care of it and everything,statement
c and i m in california visiting right now,general
d so have you tried any other pets,question
you didn t,question
as a matter of fact f um sylvester stallone is that his name,question
let them choke and pay their crime or their time doing something else,request
are they doing it,question
uh yea,general
they re real fat little white things,statement
c so is there some nice places to go to eat in plano,question
i guess i don t think that f uh f uh juries need to decide sentencing all the time,statement
laughter do you f uh do you think that those are bigger contributors than things like ai acid rain and some of the pollutants that come from f uh industrial areas factories and so on,question
laughter how big is it,question
how can you really deal with an environment where you re going to lose everything,question
d well you you too,general
c or do you actually put up a tent,question
uh huh fluorine um,general
c but you can feel that,question
i th i think so,general
hawaii ed,general
f uh do you want to go ahead and depart,request
c and we prayed that we could get rid of these fleas,statement
back before i was born,statement
c and they kind of boil down to f uh,statement
one s four,general
c and it doesn t matter if you have an unlisted number or not because a lot of times these computer things will just make up numbers at random and just call them,statement
laugh motionless yes,general
c but you move ahead now laughter,request
laughter yea d you know,general
accessories,general
sniffing right,general
what what city are you calling from,question
did you ever get to watch any of the f uh new orleans games,question
we have really had really good weather of late,statement
excuse me ace second,request
live you a native of there,general
c and so you permit it simmer,request
you likewise adios adios,general
uh huh laughter,general
little rock stars put all them indiana there,request
c and so when,request
we we were we tried to move over to raleigh last year,general
doesn t it just f uh do they have to go back and do a whole new trial,question
c and f um you place the shrimp in the in the rice steamer,request
are you a bible fan too,question
c and i d like to see the f uh the data on that,statement
randomness uh huh,general
c and right,general
uh huh laughter throat gain,general
i was too,statement
now tell me what you expect from the mavericks this year,request
apprize speak,general
leave the shells on them so they gain t upright roll up,request
see you late,general
your aspect,request
c so i can t see him with without his animals,statement
how long do you work for t i,question
if i call on just f uh a normal little dealer of mine i might be casual,statement
c and what are you going to buy,question
you ve got it,statement
c and that may impact it as well,statement
do you know i saw in tom thumb yesterday i saw the return to the f uh the small coke bottles,statement
what about f uh all wheel drive,question
you don tonne think sol,general
huh uh,general
why don t you go ahead and say what you feel,request
d well i have too,general
c but even the payment on that doesn t equal the payment on one of those credit cards,statement
c and you put it on a really low heat,request
do you know anything about that,question
have you ever have have you been downtown recent,question
c but he is just as vicious as is d you know if you bu,statement
if you don t care it shoot motility on to something else,request
c and i kind of enjoyed it over here in texas,statement
f oh can you can you hold on for only a minute,request
okay swoon,general
throat clearing if if you cherished to f uh f uh really get into a hot issue f uh,request
nice talking to you tom,general
c and you can leave a message,request
it puts them in a very bad situation,statement
i guess that s the way i am too,statement
i i wish they weren t role models for everybody,statement
say me virtually your computer laurie,request
but i mean can you play anything on it other than wood chuck song,question
oprah laugh,general
c so you can guess the rest of the plot,request
c and that didn t help at all,question
f um over like in poland f uh where my father in law lived for years there their health care system is f um,statement
laughter you re just going to have to imagine what you would like as benefits laughter,request
have you did you use commercially available software,question
cholecalciferol well f uh i ll let you jump i guess sniffing,request
c but i i felt strongly then that even if they didn t feel like they could kill someone or go into a military situation that they could help the country in other ways be it cleaning out f uh lots in in their neighborhood or,statement
d well tell me about your van,request
yellow pepper farad huh,general
did did they separate them by age group,question
don t let that stop you laughter,request
waken up,request
operate along,request
c so all she s paying is interest on hers every month,statement
let s talk about the baby,request
your first ones you mean it,question
uh huh thumping,general
what kind of what kind of things do you write,question
th the dog is joey,question
right laughter,general
one is in ninth grade,statement
this is laurie,general
e i mean i i would recommend you look at that book,request
c and you lease it fall to a boil again,request
use the greens if you get them when they re young and tender d you know before they take arise too,request
put in garlic and onion powder,request
what do you what do you catch perch on,question
d well i ll get you go it s,general
c or just,general
f oh laughter,general
who who do you work for,question
d well what newspapers f uh do you read in dallas,question
c and f uh let s hear it for the summertime,general
judge that,request
they can t decide what they want to wear so they,statement
c so what do you look for when you,question
d so d so why from argentina why d you come over here,question
where d you move from,question
d anyhow back to the submit,request
how does the paneling,question
are you finding that f uh since you re doing substitute that you re wanting to do full time,question
are they because i couldn t read it,question
say me what you think about the vietnam war,request
c but it it is kind of a nice smell after a while,statement
d well breathing i guess i ll let you go now,general
c and what you arrange is you exactly f uh wash it,request
where where do you usually go,question
farad uh you discover it,request
c but that s that s what they do,statement
what s going to happen to the economies that are no longer have a a million plus people in the indu d you know,question
f oh you are,question
uh ohio laugh,general
drop in astatine times that are unexpected,request
have adenine sound one,general
d well i ve enjoyed this,general
yeah child,general
go on,request
d well i hope you have good weather the rest of the summer,general
c and i thousand in garland laugh,general
c and it s it s supposed to be really a a,statement
transport transport them to wisconsin,request
d well i ve enjoyed talking with you,general
make them answer civic duty whatever,request
f uh have you ever heard of it,question
c so what kind of cooking do you do up there,question
i ve talked to a lot of citizenry in texas,general
your sight,request
c and my uncle has a a pond upstream,statement
d well what do you think of f uh this f uh u s free trade agreement we re working on with mexico,question
d well i m in graduate school now,general
are they going to move to f uh,question
d comfortably i savour talking to you,general
c and then f uh i like watching a lot of d like college basketball and,statement
how you perform howard,general
if they assume that car then they just have to sell it themselves,statement
i i d see it seems like that s that s a big trend d you know in the last ten years,statement
maybe we ought to just start carving in stone again,request
you shouldn t be talking about this right earlier while you re fixing dinner,request
f oh huh,general
breathing no,general
d now what what do they pick up,question
c and so you let it simmer,request
do you ever listen to the radio,question
c s c s c so what s the solution,question
ye uh huh,general
adios,general
i gather you might be adenine teacher,general
f oh you bequeath have to go on one,request
what brand of car are you thinking about buying,question
it was nice talking,general
fluorine oh i see telecasting,general
d well take it easy,general
did you have a nanny,question
c and you wonder d you know what kind of quality job would they do d you know,question
you need to chop em upward real fine,request
you give them the option of working off their time doing civil service sort of things,statement
sniffing all right,general
c so if you terminate him that s a loss of value,statement
c and f uh d well have you been buying any clothes lately any new clothes,question
c and keep up the good work,general
out of each child,general
f oh really laughter,general
if you go in and buy anything they want your phone number,statement
f oh it could be,statement
c merely you do have to have it d you know you do have to have it hot when you cook it e i bastardly,request
viosterol well i guess we should barricade now,general
make sure you smack him around so laughter,request
i just recently quit,statement
it s getting harder and harder,statement
move leading you first,request
c but it s nice talking with you,general
i m a graduate student at u c f in florida university of central florida,statement
f oh like what,question
it it s so hard to measure what what the damage is,statement
what do you where do you like to camp,question
not bad,general
c and then c and you heat up refried beans,statement
do you work do you work for texas instruments then,question
if you are going to be planning on doing that,statement
have you all got the individual containers yet,question
do you stay home with yours,question
you didn t get any government classes,question
hey you should make yourself a promise that you ll you ll read peerless new in the next six months just for you,request
c and f uh let s see it for the summer,general
c but i do lots of outdoor sports and things bicycling f uh d you know mountaineering a little mountaineering this and that,statement
what what state do you live in,question
c but f uh do you have to have a certain skillet,question
c and now they re wanting to go back to the old days where d you know women stayed home with the kids d you know and try to give the kids quality time,statement
c so do you play golf at all,question
what were say what were you saying,question
f oh single like to think approximately that,request
it s been interesting,general
maybe one tablespoon or two tablespoons let that brown then put all of the chicken back in thither,request
f oh really faintly,general
that is probably as near as much as we both jazz laughter,general
c but i f uh i am totally against that sort of a f uh noise,statement
what do you think is your primary cause of it,question
of course she ter tore it up,statement
d now what is your what s your child s favorite place to eat,question
do you do barbecues,question
do you miss that part in your life,question
do you have problems with them f uh the fish eating each other,question
don t you have to take d like labels off of those jars,question
d well do you have any,question
throat clearing if if you wanted to f uh f uh really get into a hot issue f uh,request
c you know stupid guys laughter,statement
c but he wasn t,statement
d well how bad were the side effects,question
f uh if it was some d you know coming into the store and stuff then she would ha whoever made the purchase would have had find some kind of f uh d you know document,statement
d now how do you mean that,question
westward wait,request
how d how does that work work out with f uh storing your bike and showering and all that,question
cholecalciferol well try it,request
c and i think skaggs,statement
c and have a good evening,general
c and you put a bay leaf and put some f uh cherry pepper over it,request
could you hang along one arcminute jim,request
what grade,question
hardly get it proscribed d you know,request
they don t even consider it like you saying,statement
c and maybe we ll get to talk again,general
d you know i guess a lot of the large organizations noise probably t i did they advertise on television how successful they are,question
hundred and you inwardness it,request
snow and you put it along a really low heat,request
okay f uh breathing,general
talking c but f um c so c so do you all do you have kids,question
f uh i wish it were in more depth,statement
c or throw everything diet,request
do you like any bluegrass,question
d well have have you do you are you involved in any other f uh metric type things like,question
what do i do now,general
d well permit,request
it sounds like just neglect all over,statement
c or are you so busy you don t have time to do it,question
you farewell angstrom message,request
tell me about the car that you ve got,request
d now you didn t hear maine say that,request
he he d we d gotten a couple of books,statement
f um d well anyway ellen it was nice talking to you,general
c and you have to make sure that you f um that you apply pretty early because they do have a lot of places have very long waiting lists,request
c but their boat slept about four people plus had a little kitchen,statement
e i mean that s what i would like to think,statement
little rock stars put totally them in there,request
profound pass you f uh you take clams,request
countenance s hope it,request
wh i what would we do without it laughter,question
g t e purchased tigon,statement
c and so we didn t really know we weren t supposed to,statement
f oh do you have a wok though,question
calciferol so f uh do you want to start first,request
c and you f uh put about two tablespoons of f uh water into this bowl and about an eighth ampere teaspoon of salinity,request
laugh huh,general
what s the solution then,question
d well it s nice talking with you,general
go inward the early hour,request
yep laughter,general
do you play every day,question
coke and you can leave a message,request
was was the house reasonably new,question
c and i forget to make axerophthol call laughter usually,general
have you heard stuff about him lately,question
c and it wasn t until i was thinking about it just now that i realized that s actually something that s culturally relative,statement
we were just talking about that whether,statement
c and you have to make sure that you f um that you employ pretty early because they do have a lot of places have very foresightful waiting lists,request
c so i guess we ll let you go,general
fluorine uh fluorine uh,general
did you see that one,question
c so we could pour concrete and support it with a a nice firm four by four posts,statement
f oh does he live near the lake,question
d well you all have a overnice day there,general
tell maine about the car that you ve got,request
do you go d like home cooking like black eyed pea and that kind of thing or,question
d well don t give too much quotation to the american public for their motivational ability,request
farad oh if you don mt have a v c r a we just got one after nine years don mt even spend your money on it,request
f ohio okay faint,general
it was real good talking to you,general
well it was really nice talking to you,general
who who s supposed to make the change the the state the govern the federal government d you know,question
calciferol wellspring tell me about your van,request
d well did you understand what this was for d you know what it was for what we,question
what do you think on the local elections though,question
we can find out what really happened and and base the ver sentence on what the person did not on what we re allowed to let the jury hear baby,statement
d well respectable talking to you,general
what what convinced you to get that one,question
yea sniffing,general
c and you need to look at when you if you do decide to go with tyke care you really need to to look at what your options are and and look at the what they offer,request
c or would that be more fair or less fair,question
they would tell more about the people that were killed where they were from and how old they were,statement
do you feel like that s an in invasion of certain people s rights if not everyone is tested,question
i don t know the infor i don t know that much about it,statement
c and i was the only goyim at at all the seder dinners and everything,statement
c but how about d like because of divorce and stuff like that,question
c so we ll talk about that some,request
arrivederci arrivederci haphazardness,general
viosterol well tell me what s inwards your garden this year since i don t have one,request
c but d now d you know i don t mind as long as things are getting recycled d you know that we don t get reimbursed,statement
are you in the market for a car recently,question
did you put them up in other people s houses,question
do they have a pool,question
d advantageously tell me about your vanguard,request
permit s talk roughly schooling,request
d well how many different types of packages do you use,question
cholecalciferol you bed try that sometime,request
it s concern to see the the wider humans,general
what do you do georgeanne,question
c but isn t it federal in the federal budget,question
make sure it s nice and brown along both english,request
let sulphur talk about schooling,request
c but d anyway it represent really skillful talking to you,general
f uh d you know they re not going to do their job which is,statement
c and they paid like,statement
do you follow professional sports at all,question
d intimately rent s hope not,request
they really d they have to have,statement
maybe that s why they re laughter so slow,statement
d well d you know we went there once,statement
c so f uh f uh i ve played fl flute flute and piano,statement
c and c or do we kind of say well you can be drug tested,question
c and f uh even if they re even if they re discouraged say them that that s just a passing moment,request
f ohio adam ahead,request
my wife fluorine uh she went to fluorine uh the school verboten there in lubbock,general
do you do you drink adult beverages,question
don t let them watch it,request
you tooshie fit back to work now,request
c and f uh i ll have to check out that book you,general
laughter okay tony,general
where did you move here from,question
e i mean we re protecting this person s rights who has broken the law,statement
c but i know my grandmother hasn t voted in years,statement
recall about what you can buy for sixty clam,request
c or d you know because it they can t remove themselves,statement
now you canful tell maine what you do,request
in fact f uh a friend from germany was visiting in march,statement
c so why don tonne you explain to me some good tips about what you ve done which you ve found useful and workable,request
f oh it s it s gorgeous,statement
as a freshman,question
c but they didn t do a great job of changing my transmission f uh oil last time,statement
uh huh sing,general
c so wherefore don t you explain to me some good tips about what you ve done which you ve found useful and workable,request
y yeah,general
north south east or west,question
lipsmack yes,general
why which one were you going to recommend,question
hundred and after that s cooked you take it out and stream this on top of it,request
have you d well f wai have you had any experience with it at all,question
is this man really guilty,question
bond on the dependent,request
sound fading you fluorine uh you take clams,request
c then you might farad uh think about that,request
f uh huh,general
enjoin me what you imagine about the vietnam war,request
it leaves leaves a lot of time out for family and things like that,statement
we traveled a lot to the b v i the british virgin islands,statement
how do you isolate them,question
why father t you tell me nearly your choir,request
di did you see the f uh,question
snow and farad uh d you know make my annual pilgrimage to the lone star brewery,request
c and he gets the c and you get the bill and send it to him,question
you go right ahead because i,request
we re not going to see a lax off of women in the work force,statement
child uh huh,general
eastward i mean you can recount him from me,request
c and yet d you know the the parole system it s going to let them out in in three years for good behavior,statement
some i know,statement
f uh i don t know if where you grew up in your what you saw back f uh years ago,statement
f uh you want to start by telling me what encampment is to you,request
e i mean there s no dental or vision,statement
it s a breathing pretty good thing,statement
i don t know what the the last thing i ve done as far as car repairs go is is change oil and filter an and that kind of stuff,statement
c so it s i think it s a pretty good option,statement
d well it s it s nice talking to you,general
do you all keep a budget,question
f um do you go to do you go to listen to much live music,question
d like the customer is always right,statement
d like for instance order f uh,request
why don t you go ahead first and distinguish what kind of car you d look for in your next,request
c and then i was fi fished for another half hour or forty five minutes caught a few white fish and so forth,statement
fluorine oh laughter really,general
f uh what do you think you would offer as far as f uh information about selecting a school,question
c so how often do find yourself going,question
leave the shells on them indeed they succeed t just roll up,request
well how was europe,question
c but gee it was good talking with you,general
isn t it funny how families end up living in one room in the house most of the time,question
i guess i ll get back to my laundry laughter,request
striper,general
you ought,request
hired new nurses and f uh just really just redid it d you know,statement
d anyways ane have enjoyed talking to you,general
verboten of apiece child,general
do you like suspense movies,question
tobogganing,request
put them in poky laugh,request
d well i m relatively fortunate about that,statement
is there anything any place else that really takes anything other than that that you know of,question
uh huh thump,general
c but so again yeah,general
are you having any trouble with bugs in in your garden,question
are you working on it,question
i i spring me cyanide,request
his concepts are so different than what i would have ever dreamed of,statement
do you watch anything d like with sports or anything like that,question
are your rooms in your house bigger since it s a sixties home,question
are you at work right now,question
rifle on,request
it has been real interesting,general
you don t want the gum on the back of the disguise tape to get dehydrated to hard,request
what was it seventy four when we had the the last last oil crisis,question
c so what do you do up there,question
c and it s it s certainly not at all common,statement
d well it was identical nice talking to you,general
we ll unity ll talk to you,general
century and afterwards that s cooked you take it out and pour this on top of it,request
you you kickoff eve,request
something happen,general
c and c and f uh we go to lil there is a little thai place that s over on park that we go to,statement
c and you ought to d well as your daughters attack the college age f uh start finding out about the eruditeness monies because there is a lot of money out there,request
c and you put it along a really low heat,request
c so is that quality time,question
blow and so ok,general
f uh dental eye care and f uh throat clearing our body,statement
c and f um that was pretty heart rending for her,statement
swallowing yea,general
i am looking at it right now,statement
maybe we ought to just initiate carving in rock again,request
it was very pleasant,general
what is your opinion,question
just don t mind me if i bounce back and forward,request
it s nice talking to you,general
viosterol well if if you re interested you ought to go to the next auto show,request
maybe nonpareil tablespoon or two tablespoons let that brown then put all of the chicken backbone in there,request
do you watch cartoons a lot,question
stay out of the rain,general
i guess we don t really use that many tin cans,statement
c and what field of study are you in,question
c but then my father was,statement
let s speak about schooling,request
rouse improving,request
c and maybe we ll meet up again approximately time,general
c and did they give you drug testing,question
d well i d read tackle one project initiatory and see how it goes,request
c and farad uh calciferol well yeah,general
i grand in texas too,general
thanks then much for the conversation,general
d so how do you dress,question
c but what about this wolf guy,question
f uh who who was that with,question
you you if you comparable sports go right ahead with this ane,request
d well i prize talking to you,general
d so f uh d so what do you what do you think in the short term we should be doing to to improve it,question
can they convey the data verbally or in writing,question
one is preventing the spread,statement
lipsmacking what what do you call alzheimer mispronounced disease and stuff like that,question
f uh ecstasy beforehand,request
f uh watch out,request
guess about f uh tax,request
c so he spends time doing that with him planning and f um practicing outside,statement
c and f uh nice to have met you,general
then they call you up,statement
we re we re slowly getting everything back together again,general
d you know c so it s like what are you going to do d you know,question
beep okay fluorine uh,general
c and i don t think it needs to be the mothers,statement
c and f um what about the whole situation with the refugees the kurds,question
i played a little bit of piano,statement
liked the area chose to stay inside of spring park,statement
how many people were there,question
d easily you can wait till you graduate,request
c so if you don t want to burn coal for power,question
f uh why should we let them set in prison and work on their college degrees after they ve mowed down a class yard full of kids or t or tried to or done their very d you know given their best effort at doing that,question
are are you in baltimore itself,question
uh huh faintly,general
c and you put it on amp really low hotness,request
do you see anything wrong with that,question
d anyway very faintly,general
where d you,question
c so f uh d you know let s let s stick with that original trust i guess,request
good a second talking to child indiana background,request
hi artemis,general
c but go ahead,request
we d go out and just buy d you know five pound bags of sixteen different flavors put it in plastic shoe boxes and and and then sell them for x amount per pound or quarter pound or something,statement
believe me,request
i had a,statement
pharynx clearing uh huh,general
do you f uh smoke,question
what was the age difference between the youngest and the oldest,question
what are your favorite programs,question
i want to see it,statement
how does he treat the inhaling other people,question
f ohio all right laughter,general
c and how can a country stand to f uh spend as much or much more than they already are on such a problem f uh,question
charge them,request
c but that is an excuse c and that would i could live with,statement
i have a lot of respect for him laughter,statement
c so i m going to wait on those,statement
calciferol well you bet,general
d well don t bother laughter,request
laughter then you got to get him to,request
in the salt water,question
f oh thither you exit okay,general
somebody had bought him,statement
just get it out ergocalciferol you know,request
what type of field of work are you in,question
they don t do them real often,statement
you need metallic instead of plastic,request
when i went to college breathing you could be a teacher or maybe a nurse or a secretary,statement
f oh do you have a favorite among all those that you have been to,question
you need to chop em up real fine,request
i have the papers and everything,statement
d thence farad uh tell me about changes from say twenty years ago since you were an adult twenty years ago,request
c so you enjoy camping,question
d well go before,request
very faint right,general
that they would would be safe,statement
d well maybe you can f uh make that ace charming and and make a little snatch money f uh,request
bet at the cowboys now noise,request
d well d basically f uh did you want to go first then,request
uh huh barking,general
c but d anyway it was really good talking to you,general
c and then she played bass clarinet during concert band,statement
say say you have malpractice insurance and a kid dies or is malformed,statement
d well throat clearing i see that as an advantage to a credit card also,statement
it has about i guess eighteen hundred square feet breathing,statement
you actually should croak to europe,request
c but hebert laws a flute player,statement
it s not as much of a stigma not to work as it was for a while there,statement
c and then you just situated your cauliflower in thither,request
c and so they went fishing and caught a bass near some place and put it in there and never saw it again laughter,statement
laughter it was nice talking to you,general
f oh f oh real,general
d well i hope,general
who are the trumpet players,question
i think that s like the state of virginia,statement
that happens,general
fluorine ohio go ahead,request
snow so that worked out real good,general
things that need to be mended,statement
are they oaks,question
where did you say you re at colorado,question
i know how we and straighten up all these twisted people before they do something terrible,question
d well steven it s been,general
enj savour it laughter,general
c and i can t tell you anybody right now at t i that s f uh considering that,statement
well my wife wants a miyata,statement
this is just their aluminum cans,general
call them,request
go ahead laugh,request
astatine least exercise while dusting it off laughter,request
c and you beat this cornstarch right into the mil the milk d you hump,request
can you hang along just amp minute,request
c and this is where my aunt lives and my uncle,statement
f oh why is that,question
c but f uh why would it be illegal,question
c so that would be nice,statement
d well how did you do,question
that sounds literal good,general
all flop,general
d well d you know f uh what do you do as far as,question
laughter okay f uh,general
uh travel forrader,request
c but you don t have much spare time either,question
is it kind of a buyer s market down there,question
the other topics,statement
we had no damage to our house or anything,general
i died,statement
d you know if they rhenium overcrowded just keep cramming them in there till they just suffocate f uh,request
get amp get amp few,request
what kind of car is it,question
d well do you all work for t i or for,question
what what kind of movies in general do you like to watch,question
i i really don t enjoy doing that,statement
carbon and you rotate it unitary time,request
f oh it is not that big,statement
they re actually coming out with the first prototypes in california,statement
d well it s been real nice peach with you,general
you don t want the gum along the back of the masking tape to vex dried to hard,request
did he did he hook up the wir wiring wrong,question
cytosine and f uh you expression at their society,request
my husband on the other hand was not very close to his family,statement
i see,general
near polk,question
bye bye beep,general
locomote onward,request
can t make any judgments of that nature,statement
c so f uh hopefully f uh you have a good blessing,general
wait wait wait enthalpy three,request
if she acts like she wants to or says she wants to maybe you could have her take some for a patch and see how she likes it,request
i don t know if it is up there where you are,statement
d so f uh what what f uh what languages do you speak besides english of course,question
other than you use them or you don t use them,general
c but i think we need to have the one line f uh f uh veto so that they don t have to spend so much time doing everything,statement
you might take a look at them,request
very faint huh,general
d considerably good,general
it s been very pleasant talking to you,general
what is your favorite show,question
d well we embody though laughter,general
d so f uh f uh how about what in particular would you think that f uh women still other than the work place where women still are being f uh f oh d you know found wanting d you know or not re as highly regarded as men would be f uh,question
d well how about kindergarten cop,question
how do you feel about haitian immigration,question
did you did you introduce your daughter to her before you made,question
e i mean i m talking about the really rich,statement
have you ever read any of frank e peretti s,question
f um f um f um f um,general
farad oh it live nice talking with you too,general
c and you just need to claim the little one,request
that s all the bigger they get,statement
c and you report it,request
the other one you need to go see exist sleeping with the enemy,request
laughter d fountainhead i really can t imagine of anything else,general
it really gets on my nerves because they play so many commercials,statement
c but assume t retire laughter,request
d so what are your opinions on it,question
i grand in texas too,general
you exit a message,request
lavatory you hold just a second terry,request
c but they re predicting some more snow for our direction,general
laugh okay f uh,general
d so what are your thoughts on dining out,question
wh what s the old country music like,question
d well d you know i was just looking at the news tonight,statement
wispy yea,general
it s just now st still a little overcast,statement
c an c an then f uh d you know my husband enjoys spending time with the kids d you know,statement
i don t know if i have anything handy,statement
do you sing at choir at your church,question
c or is it hour,question
c but look at gone with the wind d you know,request
jerry what did you think of people like f uh jane fonda another war an anti war activist,question
in aerobics,question
name unmatchable laughter,request
c and then,statement
yep fluorine uh,general
f um c beca so that was that was one reason why i never considered it,statement
there s this one sign s kind of funny,statement
i i d like to try that too,statement
laughter viosterol well couch them in a salad though,request
c and it s it s interesting that a lot of the shows are that way,statement
you could glucinium responsible for that yourself,request
you ve aim to go escort that,request
c but i say d you know they commit crimes let them glucinium overcrowd laughter d you know,request
what f uh what kind of camping is there in texas,question
what what kind do you subscribe to or do you,question
d well it was good talking to you too,general
does that,general
i guess f uh i can start,statement
good luck in everything,general
unrivalled mo please,request
c but i think they said that frequently enough,statement
d you know try that sometime,request
do you think that f uh for whatever taxes we do pay that f uh we are getting value for it,question
have you noticed that,question
howdy chuck,general
d now you didn t listen maine say that,request
f oh d well it was nice talking with you,general
what part of pittsburgh,question
d well you see just check it d you know during,request
c or was this just your own design of,question
uh huh baby cry,general
f oh calciferol substantially calciferol substantially encourage her to try other things,request
it certainly is f uh going to be a pleasure to chat with you,general
d well it surely embody f uh noise,general
sigh ok,general
c and they re still paying that much,statement
you never nee yet needed it,general
c so it s kind of f uh become an issue you could say,statement
have you ever read that book,question
c and the only problem was that f uh it had to be a genuine toyota f uh alternator because most of the other ones that they say will fit it that that d you know they sit in there and everything,statement
i do that when we travel,statement
it s f uh it s okay,statement
how far can you go with that one,question
laughter d well do don t ever get one for adenine pet,request
c and f uh we ll be t i guess talking around the country,general
d you know they re they re they re small enough that a first time driver could handle it yet big enough that i feel s feel safe that,statement
d well he works for them,statement
it was nice talking to you also,general
f huh,general
c and so you pour two bottles of beer over it,request
c and you sir,general
e i mean there w there was no name to it,statement
are you ready to start,question
c and my number one pet peeve in a magazine is when they put the perfume in it,statement
already,general
laughter baby crying all right,general
what is it what s the policy now with treason,question
c so f uh how would you improve upon that,question
d well if our time is up we bottom discontinue,request
gracious babble to you to,general
okeh bathroom,general
was the guinea pig for your,question
c and they just never even got conservative with our money at all,statement
are you there in school,question
hundred and when i got up there the auto,general
in in the book apparently she cuts his feet off,statement
d well f uh ho how do you view this whole subject,question
d well i ll let you crack it s,general
c but f um lipsmack,statement
c but f uh then the mi f uh the cauliflower you,request
throat clearing okay,general
talking resound your crook,request
just think of the money they could write,request
hey you should make yourself a promise that you ll you ll read one novel in the next sextuplet months just for you,request
either i m not driving very well,statement
d well what what do you is think is the f uh the main change in,question
oxygen okay,general
mike you adopt worry now,general
leave the shells on them so they succeed t just roll up,request
how long have you been here,question
how about those d you know,question
i enjoyed speaking with you,general
d like give me some examples,request
all ripe okay,general
c then tell me your feelings on recycling,request
what about when you have breaks like f um christmas or between sessions,question
e iodin mean iodin iodin would recommend you look at that book,request
i guess there s a lot of debate about censorship and,statement
i i know i i i know it is getting worse,statement
do you find now though that even some doctors won t,question
i m going to let you kind of lead the pack,request
f oh do you,general
do you f uh do you ride or do you pull a cart when you play golf,question
if i went outside while he was mowing the grass i was going to have a gigantic attack,statement
sea shells,statement
i i do all that,statement
c or was that a college thing,question
c but f uh no,general
d so do you use them,question
c but anyway d well f um i can t think of a whole lot more to say,general
c but c but yet d you know we have to think about that,request
since you re being you can utter for hours go ahead,request
it s been nice utter to you tony,general
let s see my mother s in her early sixties,statement
sixteen is the magic number for us,statement
c and we ll lecture another time peradventure static,general
d well nice talking to you,general
carbon and you frame that in there,request
or they would tell you,statement
and what have you and giving you traction,statement
it was actual good verbalize to you,general
real hard,question
at least exercise while dusting it off laughter,request
c but f uh my wife this last summer f uh when we were on vacation tore up her knee,statement
uh huh very faint,general
apologise maine one second,request
put it on the lease,request
do they do their correspondence on it,question
i like people d you know those things that are about real people,statement
d well it s been great talking to you,general
f oh it was nice talking with you too,general
f um f um uh huh,general
i enjoyed verbalise to you,general
c so f uh what else do they do in the dallas area,question
did did you do that in f uh texas or somewhere else,question
and have all the normal people choke,request
c or does it work out pretty well,question
coulomb then i don t know if if it s tapering off or what,general
guess i like to talk that s all laughter,general
f uh they will they will have articles,statement
is it your parents or your husband s parents,question
a diet,question
our land is in acres,statement
stern you hold skirt on just a sec,request
c so you lived there at school then,question
cytosine and f uh gracious to have met you,general
the last time i took it into a repair shop,statement
d well i can t think of anything else really about the polls or voting to talk about,general
uh huh mouth,general
release offset,request
c but then they just sort of gather dust for a,statement
e i mean d you know if you go to,statement
d well it s the water he s not scared of,statement
d well that is not truly true either f uh,request
c and how do you feel about murders of law officers or fire people or something that are because they have had them they have had them killed when they have,question
if you have to put a price on it which is more valuable life or paying a little more,question
in terms of talking about restaurants e i mean are a lot of restaurants how are they when you have children let alone three or four children,question
it was part of the sewage cleaning system,statement
well that uh that i think may go on a lot,statement
you to,general
yeah minor,general
c and they can be taken away by a man,statement
did you like it,question
you should be careful laughter,request
the kids i ve worked with so far have been spanish speaking,statement
we ve got methadone programs where people who desperately want to get off drugs can t,statement
oh sound drawn out,general
nice talking to you to,general
f uh silence of the la f uh of the lambs was good,statement
i think the women for the most part end up managing the money,statement
then you f uh teem that in there cholecalciferol you know to make the gravy,request
c and i m in i m from south carolina,statement
there s less criminals that are d you know turning themselves in or d you know pleading c or whatever because they know that the judge d you know if they find them guilty is d you know has the the opportunity to sentence them d you know for for the death sentence,statement
it is f uh like single said,general
yea voice faded,general
f oh i see tv,general
as a matter of fact we re the ones that i have been to houston to to d you know to visit the f uh space center out there,statement
would you use that for city driving and racing,question
oh yes,question
what time of the year do you usually embark on your,question
is it on nineteen c,general
i gauge i ll generate back to my laundry laughter,request
yes very faint,general
were they d like all in dallas,question
they re are going to interrupt us any minute now,general
howdy cognizance,general
f oh d well they spend a little more time d you know,statement
f um tell me some almost your encamp experiences carolyn,request
c and if i have to go take art classes d you know i m not going to use them,statement
right d you know,general
did you ever check it to see if it really was,question
i remember the company my dad worked for the people there went on strike against the management,statement
d well tell me what sec in your garden this year since i don thyroxin have one,request
it s just like if you ve got d like a dog that s running wild and biting people,statement
is it is it hard to keep track of it,question
what i like to do mostly is stir fries,statement
and th we ve tried to get her to like other cats,statement
let them go,request
f oh are you also laughter,question
we dug under there about an inch,statement
you can buy any you want,request
what are your favorite t v shows,question
is it one you re renting or buying,question
c and so we sometimes we d take him with us,statement
c but laughter d well tell me,request
c and then drain off all the grease,request
c or are you did you go directly from high school into into college,question
right now we have a pretty nice recycling program where a lot of the recyclable materials can be picked up by the by the collection agency or the the city along with your garbage can,statement
c but i i d be glad to organize it,statement
scott let s f uh talk most advice that we can offer angstrom parent where the child is going to go to angstrom university,request
is it going to be,question
i was going to be a teacher,statement
f uh pretty much,general
c and d you know who s to put the limit on it,question
c and just the social values,statement
does she ever mess in the house,question
i don t know whether that s because they d you know sort of give up hope once they get in there or what the the reason is,statement
do you have any personal feelings on on f uh the subject,question
did you read f uh the article in the paper today about this particular subject,question
i m in plano pause texas,general
e i mean noise it s called a center,statement
d well that s about all i have to say laughter,general
c and it has to be reinforced at another level too,statement
are you looking for an american car,question
they would understand more,statement
cholecalciferol anyway have fun exercising,general
c and so i guess that s what what i mean by their character changes and d you know what i mean it s like looking beyond what they re doing and looking at a heart and seeing what is the heart what s the character showing me here,statement
how did you find out about it,question
c but d you know f um i ve been enjoying football,statement
viosterol intimately it s it s nice talking to you,general
c and i do a lot metacoustic phonetics and,statement
f uh lipsmack our our yard is very f uh narrow,statement
do yo do you put it in the refrigerator then,question
you get tired of them,question
c and now d you know what do we have now,question
noise child s record yeah,general
c and c and again going through that because our our animals are almost like our kids in some ways d you know,statement
d well i guess,general
i ve never been much of a runner,statement
did you get to watch any of their games,question
c so you tin guess the rest of the plot,request
click c and you say you have some strong feelings about f uh the issue,question
i i i don t i don t i don t know the law on that,statement
it sounds like your kids are doing stuff laughter,general
it s like how much money did the u s spend when they could have paid so much money for each barrel of oil that was being,question
breathing i ll let you plump ahead laugh,request
viosterol considerably great,general
c but look who she was melt against d you know laugh,request
c but clearly what s happened in this country is the school system s been asked to assume a great many responsibilities,statement
cholecalciferol like for example say f uh,request
d so you been down here before,question
c and you routine it nonpareil time,request
c and the computer does it all for you,statement
d well you shouldn t fare that,request
d so what s a guy to do,question
adios adios mollycoddle,general
you terminate talk,request
what what do you do,question
right yea,general
yes talking as if a scared child,general
one of my one of my friends here he was just talking how he s cerebrate of provide the company and going to dallas,general
f huh yeah,general
single ll countenance you go first,request
have you got a boat noise,question
f uh i ve got f uh five stickers here from t i,general
have fun playing tennis,general
farad oh farad oh yea,general
have you been able to do that all along,question
you ought to rent the f uh f x split one,request
f oh se,general
it s d you know it s it s about the same f uh same distance from here to s to san antonio as it is,statement
c and we don t want to smush their creativity d you know,statement
don t tell me what to do d you know,request
let them people go,request
i m callie in garland,general
bye bye baby crying,general
i would just encourage you to do a little travelling though earlier you get married,request
f oh f oh okay,general
c or are you talking about others,question
now is that ad good just to colorado or to colorado springs,question
what i would like,statement
i m a computer programmer,statement
excuse it,request
c and you turn it one clock,request
c but thanks for talking to me,general
f uh yes,general
have a good,general
c and it s been two days,statement
are they married or what,question
that s great fun laughter,statement
f uh i ve got f uh fivesome stickers here from t i,general
c and you have a kind of a captive audience,statement
no mommy is going to take the vitamins,statement
do you hear the the beep in the background,question
c or is it f uh,question
are you f uh shooting for a bachelor s now or a master s or what,question
c but i loved little house on the prairie especially when melissa gilbert grew up,statement
a student athlete is spending so many hours in class,statement
f uh d now i ve heard of striper,statement
d well try and think if it was a hundred dollars a square foundation talking,request
of course they ve already gone through the period of time where they need more direction,statement
f oh okay laughter,general
i m worried when i get older,statement
don t separate me what to do ergocalciferol you know,request
water view laughter,statement
and seen d you know heard about some of the problems that they ve had,statement
skillful talking with you too,general
they were not given the,statement
d well i was just talking about any company,statement
c and then i also crochet,statement
just put your paper in the lapplander place every day,request
that s what we want,statement
c but we just we just have dogs and f um laughter,statement
don t get maine to lying,request
is that the stuff that koala bears eat in australia or something,question
calciferol you know try that onetime,request
d now are you are you talking about the elected people,question
c and it seems like the more money you make the more money you have the more things that they seem to need,statement
coulomb simply you go ahead now laughter,request
you ve got the showers available,statement
what are you interested in in restaurants,question
along your commodore,general
c but d you know it is an inter racial mix,statement
c and one is education for civilization,statement
c and i work in south dallas for the dallas school system,statement
suppose f uh d well d you know they had a group who represent construction oriented,request
yeah pause lipsmack,general
f uh we have a cycling area set up here at our house,statement
i have a very good friend that has a buick regal,statement
it s kind of it s kind of disappointing,statement
c and you f uh put about two tablespoons of f uh water into this bowl and about an eighth a teaspoon of salt,request
my question i guess are they really your peers,question
d well i watch more now because d well i i had been going to school for years and have really been too busy,statement
d well d now who do you play with,question
carbon and maybe we ll meet up again about time,general
f oh faint,general
hey thanks a portion and and bye,general
hey stigma,request
c and i hope everything works out up there,general
e i mean to this day are you still in touch with any native puerto ricans that you have made friends with,question
they refund the deposit which is anywhere from five to fifteen cents a container,statement
c and keep smiling,request
it s done democratically f uh,statement
what type of things would you fix if you re having company come over,question
d well it was really good to talk to you,general
you fanny spill,request
c and i operate to u v a,general
c so he gets some satisfaction out of that although generally i think he he does not look forward to or anticipate,statement
e i mean do you do you find crime in atlanta really,question
you you if you like sports go properly ahead with this one,request
c so i think you ll enjoy doing it,general
c and f uh you ought to get it,request
run to work for uracil t,request
anyway i appreciate it,general
c and keep your mind on positive things,request
do you think this is vital important,question
coke so that is something you might keep your eyes opened for,request
you think they ll sign ruben,question
keep on watching those movies f huh,request
f ooh yes,general
what f uh go ahead and tell me nigh your home laugh,request
f oh d good d good encourage her to try early things,request
probably not a practical attitude,statement
how old are your kids,question
it makes a much nicer cat if they re outside,statement
c and then you cook it for seven minutes on high,request
c so c and she was going to sell her car because she didn t need it anymore,statement
c and then you get some real sharp cheddar cheese,request
laughter yeah d you recognize,general
my name is nick,general
d well i guess i m not too aware of how much they re spending right now laughter,statement
c and d isn t that where they have a summer music festival there too,question
okay yeah,general
c and then when,request
c and i enjoyed my guns,statement
c but by golly we re going to make a statement here,statement
d well go indiana don t go indiana the overwinter,request
oh okay,general
you mightiness try fluorine uh,request
it s whether or not you re a resident for that jurisdiction,statement
f uh ringing i would say definitely go see that part,request
maybe i should start thinking about it again,statement
d considerably i enjoyed mouth with you lisa,general
just axerophthol moment honk,request
that s where i m originally from,statement
my wife has a real job,statement
get the yellow ones,request
motionless uh huh,general
d well it s somebody calling for my kids d you know,statement
can you cling on just a bit,request
what about people from f um pennsylvania,question
d well guess what,request
you mean they could,question
c and those things just flat took over,statement
in the in the kitchen they put real pretty blue and tan f um wallpaper,statement
c but i m sure that will be good,general
c but i only use a few of them,statement
brian in plano tx how are you doing today,general
c because i guess,statement
now i do like folk song,statement
c and it s just f uh it s a lot of fun,statement
yeah d you know,general
c and they ll sit four babies,statement
sledding that is what you feature generate to do,request
it s just very thirsty,statement
are you a musician yourself,question
stick on the subject,request
i thought a lot of the,statement
like send stuff in the mail or have it at the library,question
you desire to commence first laughter,request
f oh i didn t even know that,general
d well don t you think a lot of that is diet too,statement
i appreciate the call,general
c and she they live they live with us d you know in as orange county,statement
now l let me take you this,request
do do you feel as though there should be f uh throat clearing more f uh was e or or more f uh you might say transgressions that would be enforceable by f uh by f uh f uh capital punishment,question
c so i enjoy it,general
e i mean other than dallas would you say that you have f uh a favorite quarterback,question
c and i think particularly if you re if you re looking at the at the at the peasant f uh whether he s in central america regardless of where he is is his life is his life better off under communism or or f uh or democratic government,question
c and if they saw us watching the something,statement
have you done that,question
f uh f uh let s see d well name some people that are area that unity should listen to pause,request
i th i conceive so,general
f uh you know you know you know what i mean,question
d you know let s go back to our original thing with d you know our experiments and all the d you know our actual exploring of space and and all that,request
immediately you follow,request
i live inward tx,general
tell maine about your computer laurie,request
you ever seen anybody kill a chicken,question
c so i i do know something about the d you know the really cold weather,general
knife,general
c but you really necessitate to see that movie,request
c and that that s the thing i probably like the most about it,statement
d well as a piano teacher do you have any feelings for kids who come from a suzuki method,question
lipsmack can i pick your brain about how you got rid of those tree,request
do you know anyone that s read it,question
morocco,general
c so i think i ll say good bye,general
c so i ll see you when we see you,general
c and one of them was lost for many many years,statement
d well what what changes would you have you considered f uh in doing it to to your company that might benefit the employees or perhaps the company itself better,question
throat enlighten c and f uh yea,general
c so why have someone in year jail for a year or two for a misdemeanor,question
it s pretty neat being that independently wealthy and working for a major semi conductor firm,statement
which ones are you watching the new ones,question
sanction d well it was very skillful talking to you,general
c but you really need to see that movie,request
d swell father t let it collect dust,request
did you see home alone laughter,question
f oh does that help,question
don liothyronine go out there and begin digging holes f uh,request
d you know she certainly did her part in help getting me establishing in my business,statement
now you can tell maine what you do,request
how often do you f uh f uh go out each week on your walking,question
right tv,general
d well single ve enjoyed talking to you,general
coke and coke and stress that to your children,request
inhaling yeah,general
d so f uh tell me about changes from say twenty years ago since you were an adult twenty years ago,request
takes two weeks for that system to process f uh your request for f uh not as a gun permit but f uh but to buy ammunition,statement
f oh now my husband and i we go different places,statement
you think it ll continue,question
f ohio are you laughter,general
c and you just take to involve the little one,request
c and we ll stick with it,statement
c and keep up the good form,general
i just pay for the parts,statement
oh sniffing,general
calciferol so go forward laughter,request
c and then when they collect them at the end of each week they get to go to this little what they call their caught being good store,statement
do you like the job sharing,question
is pennsylvania kind of out of line there,question
c and this government controls everything right,statement
c and i ll i will say one thing about cadillacs versus,statement
f ohio you will have to go on one,request
c but the c but the question is d you know if somebody offered d you you know a thousand dollars a day to to grow something in your backyard would you do it,question
c but he s always been right there,statement
c and farad um you place the shrimp in the in the rice steamer,request
d see you need to x there,request
c so people are either not,general
cuddle astir uh huh,general
since you re being you can talk for hours go ahead,request
c so how s the build how s the weather in building two,question
you say it is all voluntary,statement
huh uh laugh,general
what f uh school are you going to,question
c but it s all the same to me,statement
where do you buy your tole painting key at around here,general
i hope your baby goes well,general
d so do y all have many bluebonnets and stuff this year,question
c so f uh what kind of home repair work have you done,question
you go ahead first if you cholecalciferol ilk,request
hera attend on just a second,request
c and you f uh place near two tablespoons of f uh water into this bowl and near an eighth a teaspoon of salt,request
what grade level would that be,question
f oh yea,general
d well iodin d say tackle one project first and see how it goes,request
how how big is the ukraine the area,question
f oh d well good luck to you,general
do you like randy travis,question
d well i ve really enjoyed the conversation,general
these are cats,statement
c and teach them to farm c and teach them,question
give me the money,request
mike i megabyte calling from dallas from richardson,general
d advantageously don t disoblige laughter,request
d well tell me about your home,request
c so if you ever break in a restaurant order ecrevisse,request
f huh faint,general
he did a real good job i believe,statement
have you,question
uh huh music in background,general
you really should go to eu,request
people have have really quieted down after everything started,statement
have them do civic duty whatsoever,request
your scene,request
put them in jail laughter,request
d well nobody s going to forget tom landry,statement
for instance f uh i saw a thing on f uh nova a i think it was the other day,statement
is this in dallas,question
c and so once you pick that spot out pick out what you want to perform,request
lipsmack ok,general
conceive maine,request
i can construe that,general
are you in the car quite a bit,question
the area is so small,statement
a resolve the former line long pause hello sir clicking a comes back to speaker b,general
where do you think this is going in the future,question
c and where was that at near your,question
the other thing to do if you re really like the hyacinths a and i do is that before you plant those bulbs stick them in the refrigerator for five weeks or so to cool them,request
we like the real mexican food,statement
i i do not feel like they are very healthy,statement
c and i would like to see them do something like that,statement
cause you need that consistency when they re young like that,statement
c so i guess in this area at least d you know if it s not automatic it doesn t move,statement
f oh are you enjoying it,question
oh pounding,general
hundred but it s just kind of like get on the telephone,request
you have to type it,statement
c and f uh d see detroit we play them next week,statement
or to change even d like if you didn t approve or didn t think you were getting good service,statement
a lot fields are,statement
i m sandy,general
feature a serious,general
this is very very,statement
very faint f oh sniffing all redress sniffing,general
what kind of cats are they,question
c and during f uh certain wind directions because we get the f uh gary indiana,statement
we know what a job it s going to be,statement
c and f uh d well yeah,general
f uh good bye,general
here hang on upright adenine second,request
c and don t expend any money this weekend laughter,general
i m sharon,general
i know you too,general
yo you comment along it,request
i ve maybe worked five years out of our married life,statement
squeamish tattle to you to,general
d well i ve enjoyed talking to you,general
what what attracts you to the saturns,question
do you get paid for these,question
like madonna and sean penn,statement
f oh okay faint,general
laughter d well dress preceptor t ever get one for a pet,request
c but f uh i remember working on those cars,statement
attempt that,request
c so state maine your feelings on recycling,request
laughter have you ever had to serve jury duty,question
f oh i like to conceive about that,request
i don i don t know how they handle it,statement
i cook mine d well do you have a f uh d like a black iron skillet,question
if you don t like wildlife it s probably not of interest laughter,statement
if they did something like that and started kids out real young and showed them d okay now you re not going to get to vote,statement
what we ve found very useful is a book called the thirty minute cookbook,statement
why father t you bash something with those laughter,request
what what major city is nearby,question
d well if if you re interested you ought to go to the next auto show,request
halt on redact on halt,request
hello donna,general
c and sometimes when the child s a lot younger before they re really f um before three years old d you know d like the church is a good program,statement
you desire to start initiative laughter,request
does that happen in your part of the country,question
farad ohio d well you need to come out laughter,request
i i have got to run to a meeting,general
if you assume t similar it shoot move on to something else,request
farad uh throat clearing yea,general
d well it mho good it mho good talking to you,general
century but look at their war,request
what have you seen,question
c but it was effective to talk to you,general
c and you let it come to a boil again,request
i i i i m very i m very critical,statement
laughter nobelium,general
cytosine and you just need to take the piffling one,request
c and it never did never did run right again,statement
have you seen the rest,question
c and d you know also by keeping them in prison you do have the possibility a though we don t currently do this of making restitution,statement
have you seen that one yet,question
put it along your shoe now,request
coke and good destiny with those kids,general
c or they ve d you know noise whatever schedule they want from a pay standpoint,statement
not everybody enjoys it though,statement
we talking about sometimes going astir to chincoteague,request
viosterol you know right,general
c and f uh we were going over to my mother s house for christmas d you know to have a meal,statement
hi clarice,general
c and then at work,statement
it s good to talk to you,general
e i mean it mho like don t care about it,request
d well good luck to you thither in id,general
c and it s not really as hot and muggy as it would be being over a hundred plus ninety degree humidity,statement
have a good life f uh,general
c and that s f uh a big problem in speech recognition,statement
static laughter right sniffing,general
it s hard to know what the good movies are anymore,statement
tell me how yours works,request
have you ever seen those,question
if we could f uh f uh,statement
c and i think about all the people that he talks to all over the,general
did you grow up in the farm,question
what do you think about the war recently,question
it was good talking to you,general
c but i ve heard from people who tried to get by and skimp on narrow masking tape that it was more trouble than it was worth,statement
c and it was so ugly,statement
f um you should always have three months of your salary in a savings account in case there s a major need for that,request
and it is unbelievable,statement
what kind of what lake do you all use,question
it s north of salt lake city utah,statement
c and it seems a lot of times that f uh especially in criminals that their rights are so protected,statement
c so what s your,question
c and f uh if you have that on a regular basis in texas ane think ane would go with something really dry laughter to keep it off d you know,request
could you bent on one minute jim,request
i had to do some of my husband s papers because i had access to one,statement
is she pretty spry is she d you know pretty,question
some of the i guess it s some of the peace dividend in the sense d you known,statement
farad oh son,general
c or was she doing it on her own,question
good to talk to you,general
and did you find that you like the foreign cars better than the domestic,question
does he bite her enough to draw blood,question
i genuinely revalue it,general
f um f oh i may use i try to use at least one gasoline credit card a week and try to use a different one so that breathing d you know i have breathing keep those active,statement
d well hypothesis what,request
c and f uh d you know those those that d you know come out d you know fall out of the system that are are real trouble,statement
you need to hack em up existent fine,request
we ll see you,general
uh huh f huh said strangely high pitched,general
uh huh whistle,general
pause brings in that cold air,statement
including a printer,question
laugh yeah sniffle,general
c or you don t like them,general
laughter got to go take care of the children,general
c and f uh you just set it inwards there,request
c an a lot of it a lot of the parents now are so young,statement
do you read the wall street journal,question
go out to the nurse home help guide some craftsmanship programs perhaps work on some sigh music programs whatever their talents are,request
you have ampere good day,general
c and s a lot of my friends were in one of the neighboring suburbs,statement
d intimately nice to talk to you,general
now fifty let me ask you this,request
you look at another kind of lodge like the nipponese,request
what are your favorite places,question
good morning f um,general
c but they don t live at home,statement
noise f uh cling on one second,request
yeah ergocalciferol good,general
ace hope you enjoy,general
this embody jim inch dallas,general
do you watch cheers,question
ohio fluorine uh,general
c but on the other hand i realized i could go out on the street and act like a complete lunatic,statement
laughter somebody take care of me,request
do you do you buy your pills one at a time,question
uh huh d you know,general
i live in the florida in the winter and then go back up north in the in the summertime,statement
well mind i ve enjoyed tattle,general
excuse me noise smother sound angstrom if hand over the phone,request
it s d like the second phase,statement
d say d hey there s something really terrible going to happen,statement
deer valley,general
f oh c and it was it was something else,statement
you can really vary it,statement
are are you f uh able to get f uh sometimes a double crops of of certain things in your garden,question
c and the parents send them there because they re supposed to,statement
d well do you go to many movies more than once,question
you really should locomote to ec,request
c but you really need to reckon that movie,request
if you don t like it shoot move on to something else,request
c and he was stationed in panama,statement
you really should whirl to europe,request
c and also so they could find someplace that they enjoyed while they still had choices to make,statement
c but d yeah next time you go f uh d you know check into it,request
e i mean have you ever checked d like f uh the most money makers in f uh in nineteen f uh ninety,question
f ohio f ohio yeah,general
okay hum children baby crying,general
i yard going to own to go,general
laughter static yes,general
you mightiness essay that,request
what f uh go ahead and tell me about your home laugh,request
d well it s been nice talking to you again,general
fluorine ohio okay fluorine uh,general
what do you consider most important you think in terms of of the different benefits,question
c and when you re ready to aim another car just pay cash for it,request
c and that s one family right laughter,question
d well what kind of vacations do you like to take,question
guess,request
you know the murderers the drug dealers the user put them all in,request
do you own a computer,question
is that,question
c and you make sure that you keep upwardly with them for the adjacent time,request
he was in prison for f um sexually assaulting two children,statement
d you know e i mean that is a seasoning,statement
c and then you cook it for septenary minutes on high,request
baby uh huh,general
c so if it comes to pittsburgh in the road shows and i think they have three different companies that tour the u s f um you should go see it because it s really it s really outstanding,request
explicate it,request
c and that s houston s,statement
c and you cadence this cornstarch right into the mil the milk d you know,request
we had an engineer in there every ten minutes,statement
c and f uh if you have that on ampere regular basis in texas i think i would go with something very dry laughter to keep it off d you know,request
when they re ten they have to live in it,statement
how long did you get to stay there,question
i think if you re going into d like f uh law or medicine a very particular very specific field even even engineering you can get you can meet a lot of the requirements at a public f um institution,statement
have you ever been to the olive garden,question
assign them fools indiana there,request
identical good,general
c so c but i guess they were talking about experiences,general
populace schooling,general
here hang on just a irregular,request
d so we ve got to talk about music,request
how are you liking it,question
have you f uh d you know ever thought d you know just how much of that money should should go to other people that really don t deserve it,question
c or is it all,question
d well do you you watch f um a what is that show who s the boss,question
just don t mind me if i bound back and forth,request
it s one of those transverse mounted v sixes front wheel drive,statement
c but yes,general
c therefore let siemens make it a good one,request
i think there really is,statement
how was the middle east in terms of that with children,question
it does have a little kind of cabin thing that you can store things in,statement
it s taken them ten fifteen minutes at a time,general
c but i went with someone,statement
how s that,question
c but then what s the interest,question
hundred so hundred but f uh d well you ought to try that,request
do you have just one paper,question
cholecalciferol well nice tattle to you cheryl,general
if she acts like she wants to oregon suppose she wants to maybe you could have her take some for a while and see how she likes it,request
c and f uh because we live on a corner,statement
is that what you ended up going into,question
cholecalciferol well listen they ve f uh they ve had this one,request
c but don t tell the n roentgen a i said that,request
fluorine uh how you act,general
one year i didn t put anything on,statement
c but it s still it s still not that private,statement
cholecalciferol well have a good time cooking for your dinner party next workweek,general
f uh f uh let sulphur see d well name some people that are country that i should mind to pause,request
c but did you have another ques,question
d well it s nice to talk to you,general
hundred and then you take it out of the fat,request
c and tell him to take you there for your anniversary,request
f uh what kind of crime problem do you usually run into,question
d you know c and i don t think anybody should be going out there and eating a high fat diet,statement
c and see if it fluorine uh,request
c but after that he did fine,statement
do you have to,question
have you made pasta before,question
is it is it the true story,question
d well i ll talk to you later,general
now at the auto show they had fantastic looking cars,statement
laughter i know the feeling,general
well uh,general
c and f uh i have a few health food stores that i send it to,statement
see at the cowboys now noise,request
c and f um c and another question to ask is if they re f um country certified,request
you know the murderers the drug dealers the exploiter put them all inch,request
are they a big company,question
are you from dallas area,question
middle eastern food have you ever had those,question
we don t we don t usually cover ours,statement
d well it might be a good time for you to be to to start a tradition,request
c and the the parents are unbelievable because they are just on the way up,statement
c but i ve kind of in ninety one i ve kind of gone down hill,statement
we ve transferred around,statement
is the crime rate still bad,question
c because me myself i just like to move really really quickly,statement
e i mean you look you look at the number of marriages that equal occurring right ou e i mean even inch high school,request
right t v,general
coulomb and then drain off all the grease,request
train deal now,general
we had cucumbers coming up d you know in the middle of our okra,statement
he was eating the dirt,statement
c and we went there a couple of weeks ago,statement
scrawl that,request
arrange it on your horseshoe now,request
security enumerate,general
c but you do have to have it ergocalciferol you bonk you do have to have it hot when you cook it e i mean,request
if they were going to show that why didn t they show the guys who,question
i like the f uh,statement
refresh my remembering,request
c so f um there used to be a f uh race track,statement
c and then you re stuck,statement
what are,question
i think they would do a lot better because they are more focused,statement
you look at frito lay,request
d comfortably you have got to get one of those run,request
they did,general
do you watch do you watch the network d like major network news,question
yeah thumping,general
d so how do we fix the national budget,question
d well it southward nice talking with you,general
you want to go ahead and tell me your favorite team or who you think will be doing well this year,request
that s pretty much the south end of the state or the southern quarter of the state anyway noise,question
d well iodine was just trying to nominate an introduction here laughter,request
how are your kids handling it,question
it s enjoyable talking with seeing that somebody feels the same way,general
e i mean d you know cost wise and,statement
f oh if you don t have a v c r a we just got one afterward nine eld don t even spend your money on it,request
what about like those time books that they put out about f uh f uh f oh ancient discoveries,question
blow and then you you f uh pour most of the all of the oil out of the pan,request
how do you decide what number of people have to say that,question
laugh f oh yes,general
now l let me ask you this,request
c and what does the foliage look like,question
my last car repair actually had to do with brakes,statement
c so what do you think about child rearing,question
if you don thymine like it shoot move along to something else,request
have a good time,general
away from a road you know and you keep an eye on her it s probably okay,statement
d well considering how how well he gets along with f uh jimmy johnson that doesn t surprise me,statement
e i mean d well i didn t have babies or day care or working as a travel agent,statement
f oh if you don t have a v c r a we just got one after nine years don t even spend your money along it,request
the only thing is static you have to wait,statement
just think of the money they could save,request
something that s going to keep mu up to date,statement
d well are there just the two of you,question
c so go ahead and say laughter,request
f um so so just laughter,request
if i commode the other incline of the coin for a moment,request
you can upright lightness,request
arrange them to exercise,request
what have you got growing right now,question
i haven t gotten any calls in two week,general
f oh i like to think about that,request
d well if you ever get one live sure the walls are good and thick because if they re not you can hear,request
f oh did you get to go to hawaii,question
d well wh what s the difference there,question
c and what you do is you just f uh wash it,request
f oh my,general
chatter static yea,general
all rightie,general
what do you think about f uh d you know,question
demand them laugh,request
c and you beat this cornflour right into the mil the milk calciferol you know,request
d now was that just on handguns or was that on rifles,question
e i mean do people around that area seem to do a lot of renovation,question
f um c so we try to ride during the week to try and stay in shape for that,statement
some of the time we would not allow them to take friends along so that it was just the four of us,statement
well how do you feel as far as uh,question
c or they re meeting with people that they know is going to be dressed that way then that s how they are,statement
i am sure i will,general
d well good luck,general
laughter d well put them indiana a salad though,request
d well c and people of all ages take advantage of the aerobics,question
it s helped me to think more about some issues that i need to be thinking more about laughter,general
he needs a new floor in his bathroom,statement
e i mean on the other hand e i mean you take a garbage man in new york city starts prohibited at twenty sise thousand dollars,request
i i estimate d you know i d like you to maybe express something here,request
lipsmack can i pick your brain about how you got rid of those trees,request
it s just to get f uh motiv motivated again,statement
that sounds real good,general
c or would that just allow everybody a chance to get out of it,question
f um what type of things do you do as a family to spend time together,question
you should put x to xv percent of your monthly bring home,request
c and you think there are plenty of doctors,question
c and f oh i took my car up there to their house,general
i hope that,statement
go ahead you first,request
c and i guess it may be one of the best f uh that anyone s doing,statement
use about half the sugar,request
c and when you re ready to dumbfound another auto just pay cash for it,request
f uh interior s not so bad because it s more fun,statement
d advantageously do not tell that to all my friends,request
the experience that i ve had is that f um breathing whatever time he gave said f oh it would take me about just about four hours,statement
f uh how do i feel about it,question
eupneic yep,general
there are kids families that should just simply be taken out of the homes d you know,statement
d intimately d anyway i consume enjoyed talking to you,general
c and where do you go,question
how about how big then,question
d well i guess what part of t what part of the country do you live in,question
f um it was really nice talking to you,general
should we f uh start this so we fanny,request
excuse me just axerophthol minute,request
c and they were simple too,statement
cholecalciferol now you didn t hear me say that,request
i m a sophomore,statement
and put out yellow and bronze,statement
get them people ecstasy,request
what do single do now,general
you besides,general
will it be mandatory,question
inhaling d well i have enjoyed talking with you lisa,general
put it to sleep cholecalciferol you eff,request
laughter f ohio yeah,general
kid yea,general
c only you decidedly need to go to hawaii,request
f uh noise what is her name,question
i don t think mine know either,statement
have you watched that,question
d well you can come over to my house and pass it laughter,request
d so you work for bell or something like that,question
mitch snider is the the advocate for the homeless that f uh he he s said it out here in washington,statement
what f uh,question
why don t you go first,request
did you have f uh your own business,question
hey you should make yourself a promise that you ll you ll read one novel in the next sextet months just for you,request
click electrostatic yea,general
c and we ve been back,statement
c and then there were some children that i noticed as soon as all the kids were out of high school e i mean they went back to puerto rico to live,statement
c and then you take and f uh lipsmack cover that with drained crab meat mixed with one of the small bottles of chili sauce and spread it over the top and spread it along triscuits cracked,request
put them fools inwards there,request
e single miserly it s like don t worry about it,request
d you know c and i could see a point protecting someone s position,statement
does does that make sense to you,question
c and you set it in,request
i do too,statement
may beryllium,general
d now did you cut a quarter wedge in this,question
beget the yellow one,request
c and have a happy thanksgiving,general
the trout fishing is really f uh beautiful,statement
i surmisal we shouldn t have into that,request
do you watch that,question
do you think we re paying too much,question
wherefore don t you tell maine about yours,request
i m sure i will,general
can you hold on ane second,request
was that good,question
i m trying to think if there s anything else i could think of,statement
c so i d better let you go,general
c and then d you know people asking for for money for everything d you know,statement
that s one of those things i got famous for in college,statement
do things like plant bushes and trees,question
d easily it was dainty to talk to you,general
c and if you d buy a a new oldsmobile they d give you four hundred rebate because it was their seventy fifth anniversary,statement
d well thanks,general
d well you have amp good night,general
at least they re coming around,statement
do you like like southwestern,question
did you take kids along,question
where about,question
iodine enjoyed it,general
f uh whistling c and c and matter of fact i think it took d like bird squawk three tries t for it to go through,statement
yeah breathing heavily,general
what about in our work ethics,question
you mean it s stronger there,question
cytosine and you put a little turn of that over it,request
you want to start first laughter,request
are we tonight,question
call again,general
f oh f oh,general
f um there was a crime here in mckinney,statement
you really should go to eec,request
d now i know what it is in singapore is they have the death penalty,statement
f um i think f uh that s pleasurable for all of us laughter if we choose the right restaurant laughter,statement
and let all the rule people go,request
they i don t think they do they do newspapers,question
explicate it,request
d well you all have a nice day there,general
f uh they have like yellow f uh fuzz on a hook d you know that kind of comes out,statement
c but you emphatically need to go to hawaii,request
if they go to banding banning them i d lose my gun,statement
do you still have the car,question
i hope you have a nice day,general
you could be creditworthy for that yourself,request
all aright farad uh,general
correct yeah,general
cars i think are not made,statement
we have done that breathing,statement
it can be very,statement
d you know it s like they it seems like they can their their army or whatever can can go in there quicker than an atomic bomb can and do do the job with f uh d you know less suffering,statement
it s hard to accept the fact that you re unable to pursue life throat clearing at the level that you did before,question
it was f um f uh to see an old relative,statement
they have them right at the campsites,question
c and they can t do that,statement
farad oh yes laugh,general
that that walkabout s a good program,statement
c and c but as you pointed out i i think the real problem is the low pay child facilities,statement
c but my parents were retiring in south carolina when i graduated and f uh were looking for a southern school,statement
f huh d easily you might want to get yourself f uh an animal that doesn t require much attention alike a cat,request
i don t think,statement
it it s hard to believe that you d run up twenty thirty thousand dollars of f uh,statement
c and f uh dan carried him around,statement
obviously human life means nothing to him,statement
d well expectant,general
let s hear astir your hobbies,request
d anyway do you have a pet,question
i only skied once my whole life laughter,statement
take it leisurely,general
i m not that dedicated,statement
c so you just barely moved away,question
d see f uh pause i would love to get a business going out of my home,statement
dainty to talk to you,general
you never nee even needed it,general
c and he got a demo,statement
did you ever d like travel around to what s that the little k o k o a camps whenever,question
e i mean what thoughts do you have on the subject,question
f uh faint yeah,general
apology me jim,request
do you know what my concern is,question
you backside buy whatever you want,request
c but they took d you know whatever the majority was,statement
nice talking with you,general
c and i appreciate your having called,general
c and they call every month,statement
c but laugh yeah,general
throat clearing if if you wanted to f uh f uh really get into a live issue f uh,request
take for instance f um a expectant construction company i used to work for ed swampers,request
i m sure it s not a fish,statement
f um have you had a family reunion recently,question
f oh f oh d well,general
f uh we almost live and and breathed it for because during the war itself to the point where we began to sort of have household pact of lets turn the war off and get something done,statement
f uh at least it hasn t been,statement
c but f uh it is easier to do when i do some chores,statement
if i buttocks the other position of the coin for a moment,request
if you don t like it shoot move along to something else,request
talking bye bye,general
c and i do i try to do some arts and crafts,statement
d wellspring tell me what s in your garden this year since iodin don t have one,request
c so she definitely entering into f uh a male profession,statement
put them in jail laugh,request
c and you put a bay flip and put some f uh red pepper over it,request
very faint oh,general
pharynx clearing very,general
c and clicking hindquarters you hold on just a second laughter,request
f uh no,general
d so that s about it,general
did they really,question
d well good to talk,general
c so laughter i try to keep up in the winter with the exercise bike so i d you know can be in shape,statement
c and then the people that do have them they spread and they sprout all over th their lawn,statement
do you have f uh long waits f uh to get on the course,question
what do you use yours for mostly,question
you ve got this this toss up betw,statement
let sec upright,request
have you ever had a car with an air bag,question
let second exactly,request
you know what the best indoor purifying plant is for smoke and stuff,question
c and then you pour deuce bottles of beer over it,request
d well in the norman in a normal route of direction we do things how about the ladies go first,request
a lot of people from everywhere,statement
f uh in wyoming it would be less spicy,general
by what do you mean by liberal f um,question
c and we ll talk to you later,general
do you like the way some people in there for instance really take over and f uh we have no way f uh of knowing whether they are legitimately right or wrong and so forth,question
look professional laughter,statement
c so i p i pack around a lot of them,statement
do they have a mastercard or visa card,question
i think once we get into a place it will be just fine,statement
is it e i mean does it,question
d well are you going to buy a car soon,question
e i mean i f uh d you know i i talked to a few people who worked in prisons and stuff,statement
go out and buy single now,request
c and i m not sure that s good either,general
f um thither s a place to look into f um f um,request
put in a perennial blue salvia,request
c and when i first heard c n n it only started about f uh since the war d you know or right before that,statement
you are you from florida originally,question
how long would you be there,question
ninety i would say about f oh about ninety five percent e no i guess may probably a hundred percent of them all are mostly brick f uh with some wood,statement
yield them forbidden,general
i think that s probably a sort of a thing to do,statement
c but who does,question
you might take a bet astatine them,request
one thing that i like d like swimming you like that a lot,question
get some books of whether it be pennsylvania or virginia,request
laughter somebody take care of maine,request
experience a vacation indium iraq for a year laughter,request
nestling uh huh,general
they go upstairs and have their morning coffee,statement
what is your f uh community f uh currently doing with regard to recycling,question
d intimately hang on,request
i think you ll enjoy it,general
c but if don t work with them as a parent i think you re putting your child at a big disadvantage,statement
did you ever hear of the national bureau of standards,question
it was good to verbalize with you too,general
look what we ve done hither at t i,request
they just went through a course f uh and took the electronic grafting course,statement
c so i will go out and play catch with them or d you know we ha let the dogs outside,statement
c because e i mean crawfish everybody over here likes crawfish,statement
f oh he fits right in with texas bunch of guys e i mean with detroit bunch of guys that hit home runs and strike out a lot,statement
d well you can come over to my house and spend it laugh,request
d well tur turn in your forms,statement
laughter c but it s so expensive man,statement
c and you put back perhaps two tablespoon full of the oil and saute some f um bell peppers and onions in in that little bit of oil,request
can you hold just ampere second terry,request
god bless y,general
c and d you know d like hold on here,request
do you have a sam s wholesale warehouse up there,question
hey steve,general
i got to wait for a place to to to free up,statement
relieve me jim,request
place it on your shoe straightaway,request
should we f uh start this so we can,request
f uh anything else crossed your mind,question
do you do you have any f uh credit union where you work or anything like that,question
d well they ve never had it,statement
i guess yeah,general
ask them laugh,request
c but f uh laughter wh whether they plea bargain or not if they re guilty of murder they re guilty of murder d you know,statement
i hadn t didn t even know that,statement
c but f uh d you know with the technology we have today you can put a collar on a guy s leg that will knock him down if they leave the property,statement
we ll try to catch some crab,statement
viosterol anyways back on planting,request
do you know which way it is the ratio,question
what what do you think about them,question
laughter right,general
f uh what what are some of the shows that you have been able to rent though,question
i i see,general
nobelium fluorine um,general
let s see what else is on television,request
if you were if you were closer i d i d i d tell you you could come over and supervise laughter,request
c and they did not know how to take care of that,statement
thank for visit,general
some states they pay f uh,statement
we ll spill for five bit,request
what do you opine that what do you opine tell me what you opine about this,request
they say they re f uh remarkably incompetent and f uh don t know what they re doing c and say one thing in the courtroom and then as soon as they get in the back room they just start letting all their prejudices hang out and to to air and all that,statement
exempt me stochasticity muffled sound as if hand over the phone,request
d well i think we re about to run out of our time,general
c and the starter was bosch american,statement
d swell it s constitute very nice talking with you,general
as well as some other various things that are growing in tropical environments,statement
c and they get worse and worse too,statement
c and f uh they don t think anything of that,statement
d all right i guess we mightiness as well end our conversation at this point,request
himself and her,question
d well i can liothyronine think of anything else really about the polls or voting to talk about,general
we i end up with an old stand by that we call russian chicken because it s so easy,statement
c so this is my first one,general
c and so it sound kind of nice,statement
c so severalise me about your family,request
d well thanks for discussing it,general
what do you think s going to happen there,question
you re not going to you re not going to run up a few thousand dollars for that,statement
hi ken,general
i think the world record is fifty some pounds,statement
c but f uh d well keep up the good f um,general
go onwards you first,request
did it have what a three speed or a four speed,question
steve f uh with the election year and whatnot coming up do you think we ought to cut taxes raise them,question
i m i m not sure i understand what you mean,statement
oh oh yeah,general
what do you think about pensions,question
that was eighty four,statement
linda lee,statement
yeah voice faded,general
d well did you read in the dallas paper where they increased the teach the administrators pay by thirty three percent,question
c or do you have to start all over every year,question
they get your name from f uh if you enter any type of contest or anything,statement
do you like to wear jeans most of the time,question
because if you f uh utilization drop textile to cover everything and you utilization masking tape to trim out f uh all the parts that you don t want to slop over onto you don t have to be quite as precise about how you do it,request
f um how how far do you usually end end up driving just,question
c but most of them are going and seeing grandma and grandpa,statement
calciferol well you can you can tell me a little bit more about it because i don t think we set that in utah,request
texas is the big one,general
do you do much,question
i have his book too,statement
d so how do you get most of your current event information,question
hundred but locomote ahead laughter,request
d like in my situation i don t have that because the loan was not available,statement
c and f um the the peonies have been out for now about three weeks,statement
f oh that s what i m majoring in,statement
d well what would you f uh like to cook,question
aren t aren t they laying off several thousand people,question
hi donna,general
i ve taken a cake decorating class,statement
c and she was in there for awhile when they were away on vacation,statement
c but front at operate with the wind d you know,request
wait a second child talking,request
ask them laughter,request
were they close,question
sure f uh,general
c and if you h if you re a big enough boat to have the little auxiliary motor on there at least you can kind of drop the sails and,statement
i think the people will here shortly f uh,statement
await a second child talking,request
whatever subject you pluck do it the knowledgeable way,request
d now i wouldn t say that about the noise larger cities,statement
f uh c but we both work,statement
carbon but use use good f uh stuff and buy it at a paint depot where they have the right brands,request
but they re certainly not healthy,statement
countenance s do i,request
how would you achieve that,question
c and i m calling calling from plano texas,general
farad uh huh,general
what you mean my voice,question
they got the forms in personnel,request
try to remember to respect their privacy,request
d well you are going to have to find a mother sulphur daylight out and have him call in sick one daylight,request
d you know c because wh when i was growing up in chicago f um we were in a real ethnic neighborhood,statement
wh what what type of advice do you think you d give to a a parent,question
just go to the bike shock bi bike shop and pick it up,request
c so f uh if you re near that age laughter oregon you know somebody who is,request
wedge on the open,request
c and he he has now for about oh gosh how long has it been ten years i guess,statement
it was kind of interesting,statement
century but f uh then the mile f uh the cauliflower you,request
it s real entertaining for her,statement
d you know it s just there they are,statement
child yeah,general
d you know it it mho shoot time,general
f ohio quality okay,general
narrate me what you like to fare,request
is he still around,question
no matter what situation they see they re going to find their cause whether it truly exists or not,statement
c but e i mean,general
c but beep i think you can get a good education at public or private beep,statement
send them over to iraq laugh,request
are you into any of that what what s going on in the city council and the and the school boards and all that,question
what do you think about f uh houston,question
r right,general
i was hoping you could tell me what you thought,request
right throat clearing,general
c and f uh it depends because i don t like to sell what we re trading in to an individual,statement
c but f uh aside from,statement
we ll have to stay home and mow the yard laughter,general
f oh what,question
fluorine ohio laughter fluorine ohio,general
the guy s gouging gouging your eyes out,statement
oh noise sounds like a cat,general
i think we are,general
c so i got him to take the alternator off and take it and f uh d you know get a replacement part,statement
carbon and f uh nice to have touch you,general
the other world,general
it s constitute nice talking to you tony,general
c but f uh c but basically f uh there s lots of things that that we should know about projects,statement
c and then in the back i d say we have about an eighth of an acre,statement
how many studies have to be done to show that there is a link between,question
why don t you start,request
he s a he s a winner in anyone s book,statement
let them simmer in the sauce itself,request
do you think then that f uh the american media is presenting an opinion along with their facts,question
c and what exactly are they going to do,question
that was f uh that was a lot of fun,statement
you can go back to work now,request
can ace put you on hold for one minute,request
laughter f um okay,general
calciferol well you have got to get one of those ladders,request
you rattling should go at least once,request
c so i guess he s real laid back about it,statement
let s hear about your hobbies,request
d like we have access to a microwave and an oven if we want to cook things,statement
c but everything in is in i b m mode,statement
clicking music d well kathleen do you believe that there is a problem with our public school system,question
do you have to be an active t i employee to join texans or,question
f oh yes laughter,general
c and breathing f um do you have anything else you wanted to say,general
d so do you do you mostly like this type of d like a story type of thing that lasts an hour,question
d well how many credit cards do you have,question
hold on one second,request
c and that s never really occurred to me but that s that s interesting,statement
intend about f uh taxis,request
c and f uh it gives you a little bit f uh more a glimpse of the the real world,statement
c so how do you feel about guns,question
have you seen wild orchid,question
it has a radical fringe to it that f uh i ve sort of backed away from,statement
c and i live inward raleigh north carolina,general
f uh you distinguish it,request
f uh d so you are in f uh in part of a band,question
have you ever have you ever tried a one iron,question
that mho you need to do that i ll i ll i ll give you a hint,request
f uh c so what you ve got is a registered pet,statement
d advantageously that s okey,general
d so in maryland are you f uh are you a skins fan,question
d well it was nice talking to you,general
c and you don t have to put up with all the b s that the lawyers have to,statement
it was n,general
c and we ll talk another meter perhaps stable,general
how do you manage both of those,question
d well it was good to talk to you,general
c and so i d like to get the weight off,statement
i did not f uh get to live through it,request
f huh faintly,general
you can ask and you can wheel and deal,statement
i m going to let you kind of star the pack,request
are you think of doing any d like centuries or,question
mayhap we ought to just start cutting in stone again,request
fluorine um i see,general
f oh diving,general
c or is there,question
what do they call them the the the marching band or something,question
not six feet,statement
happy home repairing,general
c and i guess they they make all their money on tourism,statement
f oh i guess i ve i haven t seen it before,statement
what what kind of bait do you use to catch them,question
d you know whe we ve advanced beyond that,statement
d well don t let it collect dust,request
d so how you like new jersey,question
f oh coiffe they truly,general
d well d you know what s funny up here f uh i live i see a lot of virginia news,statement
d w w well yeah,general
laugh so you got to get him to,request
f um do you watch it every sunday,question
lipsmack breathing i think for a dinner party,statement
you ve got to see it especially since you make a german,request
real faint uh huh,general
we got out there about f uh ten ten thirty,statement
uh huh popping,general
wake upward,request
you can do a lot with the serger though,statement
throat clearing c and f uh yeah,general
d well i ll let you go,request
why don t you go ahead first and tell what kind of car you d look for in your next,request
d well you can come over to my sign and spend it laugh,request
yesterday i started exercising seriously,statement
near talking to you,general
then you f uh pour that in there d you experience to make the bunce,request
what s it like to be twenty three as a woman today,question
d well i guess we should stop now,general
c simply laughter d well tell me,request
are you just kind of sight just kind of f uh,question
transmit maine some wisdom catherine laughter,request
okay d well thanks,general
c or did you start at the edge,question
c so f uh sigh d well i f um i have enjoyed peach with you,general
uh huh laugh,general
d you know f um f um your husband s company probably matches more than t i though,statement
were they,question
assure me about your clubs up there,request
c and how did you feel it went,question
f oh i see throat clearing,general
resumes talking to speaker b yeah,general
racket f uh hang on one secondly,request
f um if you were if you were going to f uh buy a new car would you buy another f uh another accord,question
your panorama,request
do you watch a lot of t v to get the news then,question
recite maine how yours works,request
hit the bags,general
f oh f oh laughter,general
d well you can you can tell me axerophthol lilliputian bit more about it because i don t think we did that in utah,request
yeah whistling,general
clinking yeah,general
oh really,general
like i say i ve made a couple of calls to texas and,general
fluorine oh yea fluorine uh,general
now tell me what you require from the mavericks this class,request
d actually i think probably if i were going to get a if i were going to be practical which doesn t mean i would be,statement
laughter do you do anything on a regular basis,question
i m sure it s fast or something,statement
and what room,question
whereabouts,question
e ace mean ace ace would recommend you search at that book,request
my name is f uh donna donahue,general
c and that s just about as bad as a kid laughter,statement
you have a fenced yard or,question
secern maine secern maine where you re calling from,request
f ohio f ohio yeah,general
inspire yea,general
f oh well,general
if i can the other side of the coin for a moment,request
talking stochasticity your turn,request
and she d you know we could send her messages,statement
c so it f uh has worked out quite well,statement
can you hold on one indorse,request
f um c but d you know i suppose some places are are more stringent about that than others,statement
uh huh faint,general
d so f uh what do yo,question
nice blab with you craig,general
you too,general
carbon but it s just kind of like get along the telephone,request
have you taken any incoming calls,question
hello there,general
c and then once you pick that spot proscribed pick proscribed what you want to do,request
c and you put back maybe two tablespoons full of the oil and sauteed some f um bell peppers and onion in in that little bit of oil,request
farad ohio backless,general
give me some wonderful advice catherine,request
laughter okay,general
d well you ought to come to n carolina,request
breathing the meatballs you just f um after you form them fry them in a pan until,request
c and both of those seem very easy to use compared to d base,statement
they could go visit them during the day,statement
unity am sure unity testament,general
watt waitress,request
because they have the money to shelter things,statement
do you manage the money,question
c but i do eat d you know some health cookies that are high in fiber,statement
i don t even keep the gun in our house,statement
c so what s your next purchase supposed to be,question
good night,general
i had a difficult time the past couple of times of getting f uh answers,general
do you have any that you like well enough that you tape them when you re not going to be there,question
c and he s not severely learning disabled,statement
when you go future sentence,general
we talk about sometimes leaving up to chincoteague,request
when do you,question
c but you do have to have it d you know you do have to have it hot when you cook it e i mean,request
c and it s eating us alive budget wise,statement
farad uh look at them,request
out in the front or backyard playing like uh tee ball off the you know off the ball and let him hit a lot of baseball,statement
e i mean it s run by a bunch of imperfect humans,statement
you buy it you buy it adenine adenine seasoning,request
is it david segal,question
c or is this early admissions,question
now if you use the dried form,request
d well i guess that was it laughter,general
this is my first job,statement
c and c and my reaction is i would have run over fifty people before rather than stop,statement
f oh no,general
noblewoman offset,request
c and then later on when he was d you know,statement
c and f um d well even up here at school d you know it gets hot and we have the windows open,statement
it was forty two hundred square feet,statement
c but f uh we ve gotten pretty good at it,statement
only get it away d you know,request
f oh son,general
coke and iodine guess we d better get back to work f huh,general
do you know whether the the things that that you and your groups before you did did those did those live on,question
uh huh pounding,general
you lack to protrude,request
yeah breathing hard,general
c and who decides what you do with it,question
do you like scary things,question
just assign your paper in the same place every day,request
d well maybe maybe your husband could tape it for you sometime,request
d well sure have enjoyed our talk,general
c and f uh anyhow f uh you take f uh a couple of f uh cups of bisquick,request
d well do you think this the the weather is typical for this time of the year,question
d well i will say good bye to you,general
viosterol you know where you should judge,request
blab noise your turn,request
do you know what a fajita is,question
did you get a catalog or something from these people,question
what about your home,question
c and they pick them up,statement
start prosecuting they,request
d you know how you going to,question
brian in plano texas how are you doing today,general
c and f uh what s the one comes on after that,question
we are road our road system s falling apart,statement
e i mean it s like don tonne worry about it,request
i ve had to get it from oklahoma,statement
c and i say d hey if the guy can t play you don t blame that,statement
plano in texas,general
snow and you microwave it on gamy for seven minutes,request
f oh do do you feel they are swayed more toward are you talking about with criminal or civil suits,question
it s children talking it s really looking at systems and design systems and seeing how people interact with them,statement
aright noise,general
what what does a nonexempt sound like,question
d well good luck in your house hunting,general
you wishing to start,request
what do you think are possible changes in the f uh way trials are conducted these days,question
oh goodness,general
d so f uh mike what are your opinions on f uh trial by jury,question
d anyway back to the subject,request
who has any spare time laughter,question
cough yeah noise,general
c and i think astir whole the people that he talks to whole over the,general
are you just saying you you sight read every concert,question
what about season to season,question
do you like rap,question
have you recently bought a new car catherine,question
farad uh let s check,general
allow them to f uh go back and and deliberate c and f uh d you know after each days proceedings come out with some questions that they want answered like the next day bring those people back,statement
i hope things look up laughter,general
thank you,general
i think we used noise dursban for the we used dursban and diazinon and get out there and do what you do laughter with that thing d you know and spread it all out everywhere,statement
are the rest of us who went for the big bucks d you know staying out of d you know where maybe we should be kind of socially obligated to spend some time teaching or something with barking,question
lipsmack okay,general
laughter go ahead,request
it it s it s all money based,statement
let s trust it,request
is there one you prefer better the older one or the youn the newer one,question
c and then my husband and i take f uh ten mile walks f uh as often as possible,statement
get some books of whether it be pennsylvania oregon virginia,request
may be not safe going to the parking garage laughter,statement
f uh f uh let s see ergocalciferol well name some people that are country that i should listen to pause,request
he s going to be,statement
prissy talking with you,general
c or do you enjoy it,question
c but f uh you think you d buy f uh an american car or a european or japanese,question
c thusly we ll just wait,request
what do you think about these things,question
you go ahead first if you ergocalciferol like,request
my parents live in ohio,general
what kind of progressive stuff,question
f uh f uh let s ensure d well name some people that are country that i should listen to pause,request
this cost lisa,general
you should put ten to fifteen percent of your monthly bring home,request
c and c and how does your husband respond to all the new,question
d well i was just trying to make an intro here laughter,request
cytosine merely gee it was good talking with you,general
we speaks to someone off phone f um we we are kind of getting into recycling now,statement
d you know test that sometime,request
if i have people over for dinner i like it to be,statement
hi ed,general
can you hold simply a second terry,request
f oh f uh yeah,general
it s really been funny because we have d like been you are own contractors kind of with this car,statement
proceed leading,request
it was very nice talking to you,general
how many stories,question
i i think part of what you re saying matches what i h have read,statement
we didn t have,statement
f um mighty,general
faint yeah,general
clanging right,general
e i mean everywhere you you look you are getting something new,statement
what difference does it make,question
c so e i mean are you in terms of other things like like not running but playing a little bit of tennis or can you not do stuff like that at all,question
f oh c so,general
how is how is apartment dwelling living in terms of general privacy and noise and things like that,question
i m not into rock stars,statement
calciferol considerably northern virginia,general
f hm okay,general
i know my wife and i were first married here,statement
how many ounces of gold d you know,question
c and f uh d you know d well i had my baby with me,statement
uh huh f uh,general
c and i give give him the other half in cold cash,statement
they stash away a good bit of money and come down here,statement
buy a fresh fillet of fish a nice one at the fish mar the fish counter,request
yeah i cognise,general
e i mean i ve got a daughter that s a sophomore at u t,statement
c or do we extend it beyond that,question
part of it s built in canada,statement
do you go how about d like for f uh do you go for long vacations like a week or something when they have school off,question
c but i just have a problem paying twenty five dollars for a movie that i can go down and rent for a dollar laughter,statement
laugh f uh,general
c and i don t think that it would be such a bad idea even if the judge didn t have the final say,statement
did you go to mexico city f uh anywhere near when the earthquake hit,question
ohio trusted laughter,general
you have to kind of wait for it especially when you get on the highway,statement
d oh yeah,general
i was military at the time barking,statement
wh what do you think of f uh of the current trends of how other people spend time with their children and so forth,question
is thither anything else that you would wish to,general
do you work for t i noise,question
do your cucumbers come good,question
child talking f uh d well i i guess it s a subject i haven t thought too much about,statement
century and we ll hopefully we ll get to talk again,general
c but d anyway it was nice to talk to you and f uh sort of meet you,general
century and then you countenance it simmer,request
right dawn,general
f oh laugh yea sniffing,general
c so how is that,question
fluorine um rectify,general
i ll go before and start recording that,request
did that scare you a little bit,question
c and f uh f uh i m a real big baseball fan,statement
it s been nice,general
i don t live in that firewheel division,statement
f oh laughter what kind of work do you do on it,question
i would suggest seeing it at the theater,request
cuddle up uh huh,general
i lived there for ten years,statement
uh huh looker,general
uh huh wispy,general
yeah f oh,general
c and i really love it f um,statement
is f uh because you live in austin is she thinking about the university of texas,question
is that part of our problem,question
f oh was it,question
c and you can provide a message,request
was she from your part of the country,question
c and i did some of that f um,statement
c but it sulfur just kind of like get along the telephone,request
c and there were a couple others that i just haven t had the time,statement
what are your favorite television shows,question
who who sponsors you basically the city,question
what do you presently drive,question
what can we do to rectify this situation,question
c so there are people throughout the country that feel,general
c and donjon smiling,request
c or as i say th i prefer the light movies that f uh,statement
yeah pause,general
c and he he s got three kids,statement
i think the family would have to be involved in it,statement
glen teaches here noise too,statement
c and she d just lay there on that step and just d you know cool off laughter,statement
c and why,question
c and when they don t i i really notice d you know how fun it can be when they come,statement
c but when it came to the war issues who s telling the truth,statement
c and you put backwards maybe two tablespoons full of the oil and sauteed some f um bell peppers and onions in in that little bit of oil,request
c and it s instead of waiting until it directly affects me like you say,general
d well good luck to you there in idaho,general
we got lucky,general
that sounds rattling skilful,general
hotter than usual,question
c and so that of course means that when it comes to the american league my favorite team is the red sox,statement
i m jay in dallas,general
cytosine and then throw them in with the repose of your salad sometimes,request
d well how do you feel about women in f uh armed services,question
c and then f uh don tonne ask me what the other whisker i made,request
hold on unitary endorsement,request
c and c so of course we were interested in schools,statement
your occupation has nothing to do with it,statement
i think that s f uh there s something seriously wrong,statement
hundred and norma it equal just wonderful to talk to you,general
i ll rent you go first,request
a lot of times i think it s our own fault,statement
i i tell you i do like f um,statement
howdy maureen,general
c or are you a instructor,general
child talking uh huh,general
c and then you teem ii bottles of beer over it,request
e i mean on the other hand e i mean you take a scraps man in new york metropolis starts out at twenty six thousand dollars,request
c thus f uh lipsmack d anyway it was nice talking to you dudley,general
how do they get along together,question
d well let s not talk about that laughter,request
i can tell,general
unity went to school at f uh d well unity went to school at west virginia university,general
good to hear from you,general
d well i can go ahead and start and recount you mine,request
my name s diane,general
what kind of f uh throat clearing general motors cars have you had in the past,question
f uh my little girl jennifer likes to do crafty things,statement
what do you mean fifty five,question
c but f uh put all the trash in matchless place and plastics like milk jugs f uh orange juice jugs things like that,request
which one is that,question
maybe we ought to scarce start carving indiana stone again,request
d well that s about entirely iodine have to say laughter,general
f um f uh viosterol well contribute me your first impressions,request
go compensate to force,request
c but mostly f uh just,statement
i went to school at f uh d well i went to school at west virginia university,general
f um what cities are they looking at,question
c and i think they re afraid of him is what they are,statement
we have separate bins,statement
c and f uh i don t know whether that s bad or good,statement
c and my husband has changed,statement
c and i think it just it revolutionized an where a woman thinks that a way d you know just like,statement
that s what i one thing i like about t i is that they aren t overly strict about what you wear,statement
c and insure if it f uh,request
laughter assume t ask me,request
c and what would you f uh cook in f uh f uh let s see if you were giving a dinner party,question
d substantially it s good it s good talking to you,general
c and then tonight this woman called,statement
c and you f uh arrange about two tablespoons of f uh water into this bowl and about an eighth a teaspoon of salt,request
put it to kip calciferol you know,request
just couch f uh couch a thing on it,request
what do you think of a pension that goes from one company to the other like an account d like a four o one account,question
this is lisa,general
c but then we can back up,request
d well unity surely enjoyed,general
he she said that her husband said to her daughter you need a hobby,statement
d well it was nice talking to you rose,general
nice talking to you besides beth,general
is that the stadium,question
wouldn t i d you know,question
have you have you ever have you ever been mugged in atlanta,question
spread it out because you keep the cream cheese kind of flimsy,request
c so i m doing a lot of writing,statement
f oh d well i ll let you go if you require to go ahead and take that,request
what do you think of that,question
i ll have to watch for that,statement
prize talk,general
now where is this,question
f uh uh huh,general
you should be thrifty laughter,request
ergocalciferol well it s been fun peach to you,general
c and that s all part of y of keeping your part of the relationship,statement
c and it s real pretty,statement
c so do you think,question
d well if that s not the problem,statement
in what f uh section of the government do you work,question
f oh sh breathing,general
would you would you agree with that,question
d well if you if you can get green poster travel for it,request
c so you should think some doing something corresponding that,request
e i mean i have my favorite things that i do,statement
c but i think if they re going to come out and kill somebody else then they deserve it,statement
c and then f uh preceptor t ask me what the other fuzz i made,request
we ve been talking for five minutes,general
c and i know when you first start out working you re not thinking about that laughter,statement
wampum that,request
c and f uh if you have that on a regular basis in texas i think i would go with something real dry laughter to keep it off d you know,request
make ane laughter,request
c therefore separate me your feelings on recycling,request
noise did you like oklahoma,question
it second been selfsame pleasant talking to you,general
right pause,general
d well ace can go ahead and start and recite you mine,request
unity m tina,general
pick out where you want to populate,request
do they get they get insured they get insured from other insurance companies,question
i just can t do it,statement
d well you haven t told me farad uh what sports that you are active in,request
the soviet space exhibit,question
sigh ugh,general
they have swimming pools things like that,statement
i haven t had a chance to,general
d well first of all i i ha have to ask you how how old you are,question
how come f uh you don t have any now,question
c and you ve taken advil or any of the ibuprofen products out there,statement
talk to you posterior,general
c but yo you got the the three fifty in the van,question
does he have a lot of land to go walking,question
you privation to become a start,request
how you doing kevin,general
e i mean i didn t work,statement
i hope you have a good day,general
d you know c so your name came out of pot when they spun the wheel,statement
first,question
madam initiative,request
you should be heedful laughter,request
isn t that correct,question
uh huh lipsmack,general
it s a big change laughter,statement
c and you put it on ampere really dispirited heat,request
i wondered if f uh the tribes that they represented the tribe that was the the evil tribe if they were really as bad as it made them to be,question
d well you can come over to my theatre and spend it laughter,request
are they new laughter,question
c but maybe we maybe we ll get your guy,statement
wear t always drink scotch,request
then you dispatch it,request
c but i also know an f uh o b g y n who has stopped practicing,statement
d so f uh d well f uh what kind of vacations do you like,question
c and f uh d now what i do,statement
put it to kip d you know,request
can you eat them,question
d well that s just it,statement
why don t you tell me roughly yours,request
throat earn really,general
d like what f um what type roses,question
fluorine aah yes,general
c and f uh it it it bites us over and over,statement
i i really don t have very many memories about it at all in fact,statement
yeah f huh,general
think about what you prat buy for sixty dollars,request
d well since i don t have a whole lot more to say on the topic,general
as long it s like d well,statement
century but so heat them thoroughly in the sauce itself,request
where where do you live,question
f oh okay breathing,general
i know the the group i was in at the time this all came up they f uh were quite vocal about it through electronic mail,statement
when did you first take your f uh first piano lesson,question
tell me nearly your clubs up thither,request
are they things you already owned or you pick them up just to do that refinishing,question
the they ve f uh f uh gone through a couple years ago here where they f uh will cover you much better if you go to their designated hospitals,statement
fluorine oh ok,general
just let him savour himself laughter,request
you you maiden eve,request
would you ever have thought of that,question
do you have any f uh ideas on universal health insurance,question
laughter they laughed,statement
c or constitute everything dieting,request
where where you at,question
i know we d i d like to get into do more camping and outings and things,statement
this would be nice if,statement
take it to a logical extreme,request
it is really a concern,general
when you talk about the trillions of dollars,statement
hello chuck,general
yeah static,general
hasn t has the n f l draft even gone yet,question
what what kind was it,question
sniffing rightfulness,general
dissonance fluorine huh uh huh,general
bye bye child,general
laugh enjoy it,request
what s your name,general
d well i enjoyed it,general
d see you need to go there,request
receive receive the boss ended,request
tell me approximately the car that you ve got,request
breathing laugh okay,general
can you hold ringing along just a secant,request
why wear t you go ahead and start,request
c and in the winter they put snow on it,statement
i m sure within those people s minds it s quite justified,statement
tone at the news tonight,request
sure go ahead,request
c and if so why has crime increased,question
nice talking with you likewise,general
order me your diagnose again,request
c or you in radio or television or news,question
two girls,general
and then just recently after we were married i baby sat for a dentist while she worked,statement
attempt that,request
c and f uh by the time they have to eat and have homework and they want some free time,statement
i i guess one knows one s own storly,statement
f oh i didn t know that,statement
it always make my wife mad,statement
c and in that part of the country there is all nationalities,statement
are you where are you from,question
coulomb and so we could we could talk about f uh that path d you hump how important you think his benefits are and and and f uh how important you think they are and if what would you like to see increased,request
f oh is it campari s or something,question
f um c and my other one does not,statement
are you d a d or something up there,question
ergocalciferol comfortably thanks for your time,general
d anyway d well good luck to you,general
have you ever run into problems of charging up more than you meant to and having to,question
are they trying to,question
f uh c but d you know they used speed and accuracy and all that,statement
d now do you think since they started with electronic ignition that it improves the way the car runs,question
i can t imagine plants,statement
we need oil d you know,statement
did she know that she was going to a nursing home,question
ergocalciferol well good talking with you,general
laughter although at least texas doesn t have a state income tax yet,statement
impart me some wisdom catherine laugh,request
then you remove it,request
d easily let s not talk approximately that laughter,request
is that done,question
rustling yeah,general
c and two days later he got out of jail laughter,statement
viosterol w w well yea,general
okey doke,general
attend them,request
laughter f um yes,general
viosterol well hear,request
what what channel do you watch or what station,question
what f uh go ahead and differentiate maine about your home laughter,request
c and i have to listen to it and,statement
ace would non recommend that method,request
do you have an opinion about it,question
c and f uh c plus i i f uh wanted them to get something out of it,statement
c or call someone that can,statement
f uh i was fortunate that there was parkland,statement
i mean,general
i don t know if it prevents it,statement
he he likes mary poppins and things laughter,statement
lipsmack can i pick your brain about how you come rid of those trees,request
they re very tri almost trivial with it,statement
euphony howdy,general
my diagnose embody nola,general
okay leslie,general
what kind of fondue the cheese dip or,question
c and f um c and another motion to necessitate is if they re f um state certified,request
i think we covered it pretty good,general
hey stigmatize,request
the one country and western song sounds like every other,statement
d well one have enjoyed talking to you,general
absolutely,general
is is the kmart there laughter,question
all right laugh,general
what kind of work are you in,question
what channel is it on,question
c so we moved into this house in garland,statement
is thither anything else that you would like to,general
swoon ohio,general
my name s ken,general
d well so far my wife and i have pretty much had to stick with tent camping,statement
there was about seven kids ranging from about f uh three years to ten years running around the house all at one time,statement
i ll rifle ahead and start recording that,request
laughter c so f uh yeah,general
that s where we went,general
c or right,general
i ve got a f uh a dodge daytona,statement
d now did you care for that one,question
that s kind of how war of the roses was,statement
what do you think has occurred there,question
d now are you married that you both you and your wife use a credit card,question
d well f uh i ll let you start i guess sniffing,request
d well what you can do is take your car payment and put it in the bank for three or quadruplet years,request
f uh c so that s in our situation where we are dealing with an institution,statement
eastward i mean you look you look at the number of marriages that are occurring right ou eastward i mean even in high school,request
is it affordable,question
f oh sure laughter,general
sniffing c but d you know when we first came down here i really thought this place was somewhat backward e i mean i was just shocked that we couldn t shop on sunday,statement
is that for designs,question
two years ago or last christmas,question
f um d now do you have a lot mountains,question
i am certainly i will,general
terminate you hold just axerophthol second terry,request
why do you think the apathy exists,question
c and then you sprinkle the cheese on top of that,request
usually i get distracted off the topic,general
d well northern virginia,general
d well what f uh what do you all do for camping,question
don tonne,request
equitable a second,request
like in the european countries where they have higher turnouts and d well the newer democracies,question
do y do you get many tornados this time of year,question
ordinarily i get distracted away the topic,general
her her one son was watching the soapies,statement
have they stopped that practice now,question
i do feel like i have f uh more control,statement
i think d you know you have to spend more money on your clothing and that,statement
what do you think of this f uh fourteen one and ten four one in dallas,question
are you all planning to move anytime,question
just don t mind me if i bounce gage and off,request
you actually should turn to europe,request
d wellspring you ought to come to northerly carolina,request
c so is there any place you would try to talk me into going to laughter,question
f oh do you watch saturday night live,question
i venture we shouldn tonne get into that,request
ergocalciferol well permit,request
c but i i usually work about fifty hours a week,statement
do they have a death penalty in california child talking,question
all right f uh,general
have you seen it,question
i think it s somewhere around child talking twenty five cents a gallon,statement
d well it might be a good meter for you to be to to start a tradition,request
uh huh whistling,general
d well f uh f uh have you have you done any jogging,question
send them over to iraq laughter,request
they just want that credit history to see if you re a person,statement
i m tina,general
do you have a two income family or one income,question
c and then you f uh mix flour and ampere cup of water maybe f uh one tablespoon of flour and ampere cup of water,request
where did you get,question
d well go in don t go in the winter,request
have you done any camping around here,question
c and of course when you talk about mexican cuisine you that s kind of like talking about american food or chinese food noise dishes in background because pause its regional too,statement
you think the c i a doesn t spy,question
when you sat in the seats they adjusted to fit around you,statement
maybe the punishment should be more severe,statement
c but then what about people that f um,question
get the sensationalistic ones,request
are there are there any things that that you d like to see changed in terms of the the benefits,question
d well ye yeah,general
i certainly will,general
my husband and i have been married twenty six years,statement
coke so coke but f uh d fountainhead you ought to try that,request
drive a drive a few,request
c or not not so much a toss up but a a dilemma when when you want a country to have its its f um own f uh dominion or its free rein over its its own people,statement
what what would you what would has your experience lead you to advise f uh if my child were thinking of going to the air force academy,question
i think we re getting quite a,statement
okeh bleep,general
uh uh,general
breathing c and let them sink to the bottom d and maybe do a a kind of a easy reel,request
you too ellen,general
d well let s talk near air pollution,request
laugh alright,general
c but this year they made it to playoffs,statement
c but i m not into that,statement
fluorine aah yes,general
e i mean of course i loved it f um,statement
e i i mean e i mean what else could they do to make it better,question
let s hear approximately your hobbies,request
i enjoy playing tennis,statement
have you read the silence of the lambs,question
leave the shells on them so they won tetraiodothyronine just stray up,request
did you say romania,question
f uh any other problems,question
c and f uh i ve always lived down here in the south,general
d well what did you think of reagan as a president,question
do you think that would be,question
d well i enjoyed talking to you too,general
intense i think is the word for it because three hours went by really fast,statement
c and i i think sometimes we lose sight laughter of that,statement
farad huh yes,general
now what d kind of music do you listen to,question
especially when you are dealing with a a subject like f uh capital punishment or something or,statement
e i mean you look you look at the number of marriages that are occurring right ou e i mean even in high school,request
f oh what about total recall,question
d well what movies do you like,question
what do you serve with it,question
right thyroxine vanadium,general
d anyways i have enjoyed talking to you,general
are they getting all the data they need,question
c but it would have to be a good show,statement
preceptor t answer your phone hullo,request
d so what is your f uh family,question
name one laughter,request
c so why don t you explain to me some good tips about what you ve done which you ve chance useful and workable,request
we don t have a lot of sun either because it s big trees back there,statement
c and so you serve it with melted butter,request
countenance them,request
d well you are going to have to find a mother s daylight out and have him call in sick one daylight,request
c and it s got the pinchers like a crab,statement
very nice talking to you too,general
faint oh,general
f uh ringing i would say definitely travel see that contribution,request
c merely c merely yet d you eff we have to think about that,request
f uh rides or runs,question
that s you need to do that i ll i ll i ll give you a hint,request
aren t they supposed to be coming out with some sort of f uh special gas or something that doesn t emit certain chemicals or something,question
d comfortably f uh i ll let you start i guess sniff,request
f uh d well i like all kinds f uh,statement
c and go to f uh only stellar,request
laughter c only it has been fun talking to you,general
what part of ohio are you in,question
do you want to start out,request
where do you like to go,question
even all the all the warranties were out,question
cholecalciferol well it certainly is nice talking with you gene,general
c and they came and questioned us,statement
they re are going to interrupt uracil any minute now,general
do you really believe that,question
e i mean the trucks don t come daily,statement
d well i sure enjoyed,general
f uh where you live do you have a state income tax and a sales tax both,question
you did all five of yours complete college,question
c and the smell is really bad they sa,statement
laughter enjoyed sing to you,general
didn t he have a woman,question
do you have you ever had to put your children in child care mary dell,question
do trust god because i don t know kids are a approval,request
c and f uh c so i don t mind having having to wear a uniform because i don t have to buy d you know,statement
c and c and is this your first that you re having,question
just let him enjoy himself laughter,request
throw the eyelid and everything out,request
f uh c a c and that was the thing that f uh killed dukakis back f uh four years ago when someone asked him a similar question,statement
c and i hope you have a good evening,general
you think so laughter,question
does it bother you to give it,question
where d you live up,question
you locomote forwards,request
f uh presumed innocent,question
yes noise,general
it is beautiful here,statement
babble babble your husband into taking you there some night,request
yeah f uh f uh,general
let s talk about the middle east place,request
i was slicing d actually,statement
we zipped right along d you know,statement
single need to go help my daughter manage something,general
rent s example f uh,request
c because women are in every field now,statement
ye yes,general
one of my one of my friends here he was just talking how he s thinking of leaving the company and going to dallas,general
try that,request
c but it i don t think it that it s breathing developed as much as it could be for the size company as t i,statement
do you want to go ahead,question
single ve incur another line calling,general
and she w has just had just driven a load of meat from minneapolis to some place in arizona,statement
falls church virginia,general
c and when you re saying older we re talking fifty up,statement
c and you f uh put about two tablespoons of f uh water into this bowl and about an eighth a teaspoonful of saltiness,request
upright luck in your car buying,general
laughter oh laughter,general
f um do you work in private corporation or government,question
is contact a,question
my name randomness ken,general
howdy chuck,general
lipsmack c but from talking to people in other districts there are some major problems f uh with dropouts,statement
that s a four eighty six processor too,question
throat exonerate if if you wanted to f uh f uh really get into a hot issue f uh,request
c so why don t you explain to me some good tips about what you ve done which you ve found useful and workable,request
instead of being on pub p b s it s on regular t v,statement
d you know try that old,request
go ahead,request
thank for babble,general
c and do we approve what other,question
bird squawk i think she s a temporary worker bird squawk,statement
very faint yea,general
c and farad um d you know have a good business trip,general
what did you like to do most,question
f ohio yes,general
bye children tv noises kitchen sounds in background,general
how are you doing,general
c and they re doing their own things,statement
very light uh huh f huh,general
i ve enjoyed it laughter,general
we ve been talking for a little bit,general
laughter d well our department used to collect the cans anyway for the christmas tree project,statement
perish in the early hour,request
he has it really nice,statement
did you just look it up in a phone book,question
do you enjoy that one,question
f uh do you f uh have anyone that you re seriously needing to f uh feed information to,question
rent s talk about the babe,request
was it actually based on a book,question
now l countenance maine ask you this,request
okay d well it was very nice talking to you,general
you really are,statement
do like sort of all the regular sitcoms and so forth start at seven o clock,question
laugh d well enjoin me,request
d swell you have a good night,general
you are an,question
c and c and d yeah i take care of all the air modeling specifically for the dallas area,statement
you heard of,question
may comprise,general
c so they re doing this in school or what,question
huh uh laughter,general
d well ane can t think of anything else really about the polls oregon voting to talk about,general
a answers the other line long pause hullo sir clicking a comes back to speaker b,general
and saw this research it was a little light that says solar solar powered research,statement
oh phone drawn out,general
f uh do you have children in school,question
c or was it stuff that was already f uh enclosed,question
what s the what s america s role there,question
f oh god you go to the mall,request
vocalize fading you f uh you take clams,request
hundred and think how rich she equal,request
that pretty much covers my experiences,statement
it might not be brand new,statement
i m extremely liberal,statement
c but my dad s the type he wouldn t want to spend the money on anything,statement
baby yea,general
c and we ll hopefully we ll get to talk again,general
i i i have talked long enough,general
do you have it up there,question
f uh c and i see some that way,statement
f ohio ace like to think about that,request
noise right,general
d fountainhead allow s hope not,request
d well listen i savour talking with you,general
d now does the old star trek guys meet the new guys,question
c so they didn t have ready negative feelings about being in in alaska at the time since they voted absentee,statement
c and i think it gets them prepared to to learn how to volunteer as they get older,statement
c and you need to go in the spring when all the flowers are in bloom all up and down through there,request
c and i would help her with whatever she happened to be doing,statement
that worked out real well,statement
let s exemplar farad uh,request
is she a nurse in dallas,question
f um d you know what what kind of a structure is it going to be,question
what s your husband do,question
is it a union,question
did we hatch everything we need to,general
in the last six years every year there s been at least minimum twenty five percent increase in health insurance costs,statement
d so f uh tell me near changes from read twenty years ago since you were an adult twenty years ago,request
blow and you sir,general
c but do you think that there should be f um nationwide f um curriculum,question
c so are you moti,question
that entropy you need to do that i ll i ll i ll give you a wind,request
calciferol well let s hope neither one of us ever has to run into this subject we were discussing,general
c and if it s criminal cases we you can t put them in jail because there s no room left,statement
yes laughter,general
righto laughter,general
cholecalciferol well let s promise not,request
this doctor discovers a drug that brings them back to the the living more or less,statement
d you know i guess are you is it a little bit of constricted because a lot of restaurants don t take,question
c so i felt kind of good about that d you know,statement
cholecalciferol well i am glad you have broken the icing with me because now i will i will start doing it laughter,general
ergocalciferol so f oh swell,general
c and that usually takes another four to six years,statement
i i i i have a fiance,statement
oprah laughter,general
century and you add f uh about a tablespoonful of what i m using now is jamaican curry powder,request
you all have a good day,general
what s what s her name,question
redress telly,general
you can get as dressed up or a d you know just going to the local barbecue and just doing take out,statement
viosterol well good lecture with you,general
c and i also think that in the future that f uh it s going to continue,statement
you ought to rent the f uh f x part one,request
hi nancy,general
i did too up until ninth or tenth grade,statement
i was just wondering what it was like,statement
d well i guess a lot of the f uh,statement
do you go with friends,question
century and so approve,general
c and f uh i d say go to f uh upcountry erst just for the heck of it,request
d well does it cost money d like to use the to exercise in the weight room or to f uh to tak to go swimming,question
d swell it personify good talking to you,general
yea ostensibly,general
f uh c and f uh there s a subtitle to it,statement
c or you can set up your work program and your husband s so that one of you is there all the time,request
c and you can t handle it anymore,statement
d well you should of just ripped the whole thing out,request
did you put them up originally or just going up and stopping leaks in them,question
d well i enjoyed talking with you lisa,general
go out and buy one directly,request
c because i have always played classical music f uh or classical style,statement
the first rights we ve been having some problem now,statement
d well let,request
d you know e i mean,statement
maybe they ll fix it,statement
d well i ve enjoyed it stephanie,general
what happens if we lose worse,question
how about where you live there in utah,question
normally yeah,general
f oh d well take care,general
make certain it s nice and brown on both slope,request
f uh do you sell them,question
c and you add f uh about adenine tablespoon of what ace m using now is jamaican curry powder,request
verbalise verbalise your economize into taking you there some night,request
got to wait ampere span years,request
laughter yeah,general
it s real easy to spend other people s money,question
and they have little conversations and things,statement
c and i just have to turn to stereo up real loud laughter,statement
d you know what s the trade off there,question
i ve enjoyed talking to you,general
yea coughing,general
d well you should of but ripped the whole matter out,request
that s the newest addition,statement
you went and planted a tree or something,question
c but a lot of families do that,statement
do you do sports,question
c so f uh if you re near that age laugh or you know somebody who is,request
c but e i mean cucumbers here grow like crazy,statement
d so f uh tell me about changes from say twenty years ago since you were an grown twenty years ago,request
have you been in there,question
f oh you have children laughter,general
goodby music,general
my daughter has a charm bracelet i bought her that s guaranteed f uh james avery,statement
c and the city workers f uh took them to court to protest saying that it invaded their i guess first a the the search and seizure amendment,statement
c and f uh it was very scary,statement
we f uh we hear a little of the news laughter f uh,statement
did you go to school in plano,question
f uh breathing lake ontario is right near here,statement
i want to see that,statement
d now i like barbecue okay texas barbecue,statement
laughter okay so,general
when he retired,question
d swell good luck to you there in idaho,general
they shouldn t catch themselves in that circumstance anyway,statement
chiming yea,general
calciferol so f uh describe your family budget,request
d fountainhead you see just check it d you know during,request
blow and fluorine um you place the shrimp in the in the rice steamer,request
i think that s what made us f uh progress to the state we are is our curiosity,statement
f uh at any rate do you have color preferences,question
c and c and stress that to your children,request
i ll do something with the piano,statement
and know that they are going to be capable of paying us back,statement
the west part of the state is,statement
have a nice weekend,general
d well i can run ahead and start and secernate you mine,request
you ought,request
c and most of our expenses are fairly the same every month with the exception of utilities and things like that,statement
d well if you ever get one be sure the walls are good and thick because if they re not you can hear,request
what are the,question
e i mean look at d you know the leader they had,request
where else have you been,question
d well good talking with you,general
maybe single tablespoonful or two tablespoons let that brown then put all of the chicken back in there,request
excuse me,request
d well it s good talking,general
suspire ugh,general
for for us d you know it s like i i can spend i can spend that money,statement
i was thrilled to death because that s d you know the furthest i d gotten any call from d you know,statement
what they call trick skis,statement
are they really good,question
d wellspring if you always get one be sure the walls are good and thick because if they re not you can hear,request
c so what do you think about that,question
i didn t like the way it ended though,statement
c and f um c and another wonder to ask is if they ra f um state certified,request
elementary school,statement
d well countenance s face it,request
c but second d you know why should we,question
breathing c and allow them drop to the bottom d and maybe do a a kind of a slow reel,request
if it s not a whole bunch of everything at once,statement
is he fenced in,question
you don t have to wait for them to say,request
f oh it comprise good mouth to you,general
d so hello mary,general
d so all right,general
c or are they actually,question
is it the do you think it s the values that they re teaching in school or the values they get from home,question
d so wha what do you have,question
can you hold ringing on just adenine second,request
f uh oh,general
threshold uh huh,general
ergocalciferol well don t allow it collect dust,request
you go start,request
lipsmack yeah,general
ye ye yeah,general
d well all right,general
c but you have good sour dough,statement
d so are you from texas,question
throat clearing f oh okay,general
c but d you know we don t do too much during the summer as far as tomatoes and stuff,statement
isn t that nice,question
can you hold on just for a second,question
are you old enough to remember the war,question
farad oh moan,general
d well d you know let s face it,request
c and i grew up in an area that f uh was just a few feet from a rather large lake and a few more miles from that was a even larger lake,statement
laughter d well it s nice hearing you talk,statement
do you have enough bedroom space then,question
a a short waiting period would be appropriate to f uh take care of the heat of the moment type things,statement
my youngest sister is five,statement
ladies initiatory,request
you potty just idle,request
c and they have to be there at sometimes six o clock in the morning,statement
c and they just now approved it,statement
hey steve,general
d well nola unity have enjoyed talking with you good,general
uh huh child crying,general
you go ahead,request
you might occupy a look astatine them,request
c and you ought to d well as your daughters approach the college age f uh start incur out about the scholarship monies because thither is a lot of money out thither,request
what design did you use,question
i said good luck on that one then,statement
do you see hoosiers,question
c and he keeps threatening to send a snake through the mail d you know,statement
you you first evening,request
maybe one tablespoonful or two tablespoonful let that brown then put all of the chicken back in there,request
you probably preceptor t want to take them to see silence of the lambs,request
c so i ve got all the different alcoholics what they call the blue the blue book the big book,statement
right f um,general
are we willing to pay for it,question
i i really enjoyed it,general
d well c but why if you re going to do teachers or professionals why not do the kids,question
d well one sure enjoyed,general
c and then once you pick that spot out pick out what you neediness to do,request
c so she usually ends up doing most of it,statement
it s kind of a kind of a ivory color all over and,statement
we talk about sometimes blend up to chincoteague,request
you can buy whatever you want,request
f oh don t tell me that laughter,request
i guess we shouldn t get into that,request
d like give me approximately exercise,request
c but f um you experience to really wash your vegetable after that,request
throat clearing yes,general
look at the cowboys now noise,request
e iodine mean f uh sure,general
are there some set guidelines like only under these circumstances,question
d well you look at places like turkey,request
did you base it on what you wanted to major in or what you would feel comfortable with or what you could afford,question
laughter did you see any movies over there laughter,question
century and then look at the weather we have down here,request
d you know they re kind of fearful of,statement
on the ceiling,question
what black ones,question
have you ever served on one,question
d well it was dainty talking to you also,general
d now how old are your girls,question
d well d now d so if you were going to have a dinner party what would you make,question
c but i say d you know they commit crimes let them be overcrowded laughter d you know,request
uh huh throat clearing,general
d wellspring you can you can tell me a little bit more about it because i don liothyronine think we did that in utah,request
are you f uh one who feels like you have have benefited from the change in in roles in women,question
hullo lynn,general
c and i ve never really looked at one very closely,statement
hold along put along hold,request
do you get any f uh do you read any news magazines or anything like that for sort of d like a broader d like more long term analytical sort of approach,question
can you believe it,question
are you going to see this next one that s coming out,question
did you hear about this lotus data base that was being put together,question
c but if we are concerned about it then we certainly can f uh force f uh government f uh that we elect to deal more seriously with it,statement
c but look astatine gone with the wind d you bed,request
did you kill,question
f oh d well that s about all,general
they have a lot of people around to do things with,statement
c so they put her in a home,statement
f huh viosterol well you might want to get yourself f uh an animal that doesn t require much attention like a cat,request
c because when people can t pay they end up going to clinics or d you know to public hospitals and that kind of thing,statement
you want it to get dry merely not f uh just real hard,request
cytosine and you swarm the beer over the top of it,request
f oh you should try it,request
c and we d like here we use the p c s to do that,statement
c but i can t see that it would work for probably the majority of people,statement
lease s peach about the middle east situation,request
bush wouldn t because it wouldn t make any sense you know what are i m saying,statement
d well how do you get the edge though,question
the there is just way too much bureaucracy,statement
c but d you know who knows what he ll be able to do,question
little rock stars put completely them in there,request
laughter thank you,general
did you f uh require more than one can of paint,question
ripe breathing,general
is it is it limestone under underneath,question
f oh d well i ll let you go if you want to go ahead and take that,request
my husband s going singapore,statement
how they re going get out of their latest scrape,question
go out to the nursing home help guide some craft programs perhaps work on some sigh medicine programs whatever their talents be,request
f um you should always have three months of your salary in angstrom savings account in case there s angstrom major need for that,request
probably you have to heat it up for a estimable f oh,request
clink squeak uh huh,general
c and sure enough boy the fur just came off like crazy once i got them,statement
c so is this your first year in utah,question
how many times have you done this now,general
you feel very good after you exercise,statement
d see you need to go thither,request
i enjoyed talking to you,general
she f uh,statement
why father t you jump,request
d well what are some of the other features on this machine,question
i m old enough now where george orwell,statement
c and it really damaged the corn,statement
c or would they really d you know make a contribution of some kind,question
d well how did he get out,question
can you tell ho no c but can you tell how how fast you re going to hit it,question
leave me in the line conditioning,request
okay bill,general
plastic milk cartons newspapers and cans and glass i guess is the four is really the four things that we do,statement
d well good to see,general
c or do you keep children for other people,question
carbon but f uh f uh thank god for low favors the f uh f uh,request
c and f uh flush if they re flush if they re disheartened tell them that that s just a passing moment,request
c so f uh how long have you been biking,question
d well do you think that there will continue to always be crazies,question
c and these people are the same as you are,statement
d you know c and then the first weekend we had him we had we were in a apartment in a two bedroom apartment,statement
d well if you if you terminate get green card go for it,request
i ll rent you start this time,request
we re we think books are important around here,general
d well what are you doing way in washington,question
d well i have no objections to it,statement
i think it s i think what s interesting is that f uh the political activists jesse jackson and a lot of other people went out there and are demonstrating,statement
c and have a good trip in ca,general
century and you cite it,request
f oh ok,general
d well thank you,general
he wouldn t know where to put things,statement
you can t even,statement
today s young people are short term pleasure oriented,statement
hi f uh,general
it s hard to find stick shift cars anymore,statement
what are some of the other questions,question
d you know used to be they would just go off to work and come home,statement
throne you hold just a second terry,request
favorite type of music or musician or any,question
do you want me to go first,question
you could beryllium creditworthy for that yourself,request
you expect at another kind of society same the japanese,request
d well it south,general
c and at that time f uh it was is a changing time for the whole music scene i guess,statement
yeah f huh sigh,general
pause f um c but f um what else has been on and about,question
c and put them totally indium a place,request
f um tell me some most your encampment experiences carolyn,request
you don t want the gum on the back of the masking tape to get dried to severe,request
completely right laughter,general
yeah faint,general
my i got my mom a teacup little mutt,statement
yea farad uh,general
on your baseboards,question
uh huh sniffing,general
we ll talk for five mo,request
do you use it,question
laughter what kind of a car do you have now,question
maybe peerless tablespoon or two tablespoons let that brown then put all of the chicken back in there,request
child talking okay f uh,general
d well you can be human and catholic,statement
i enjoyed talking with you,general
snow and ane live in raleigh north carolina,general
c and c and f uh it seemed like i was wearing a suit every day just about,statement
wherefore don t you start,request
leave the shells on them so they won t just roll up,request
could you tell me what you think contributes most to f uh air pollution,question
make maine the money,request
d well get s start with you laughter,request
d so tell me the last time you went for a boat ride,request
were they far away,question
your news is on at eleven,question
what was your name again,question
d well we would want to put some small ones in so they do not eat the big guys the goldfish too laughter,statement
been nice talking to you,general
just a second talking to fry in background,request
it is non,general
don t you want to be close to me laughter,question
get prosecuting they,request
and i played it for maybe three months laughter,statement
c and wouldn t i like to have her money,question
it s it s so funny when you live in one part of the country you only see that perspective,general
sing racket your turn,request
i didn t grow up eating that much seafood,statement
d well tell maine what s in your garden this year since i don t have peerless,request
c or do you do it to give as gifts,question
got them on both sides,statement
he he s he the only thing he s shown interest in wanting to play is the drums,statement
that is beautiful where you are at,general
c and so once you pick that spot out pick out what you want to do,request
c and i i think so much of it is what you re taught,statement
you probably father tonne want to take them to see silence of the lambs,request
threshold uh huh,general
how many people do you supervise,question
make sure it s nice and browned on both side,request
i ve actually i am reading a couple of different books sigh f uh,statement
do you have d like a household,question
c and because it was an arid climate the snow was always a crisp powder light snow,statement
isn t that bad laughter,question
d well f uh what do you think about taxes,question
laughter d well thank you very much miss diane,general
very beep definitely,request
c and we travel a lot,statement
what f uh what kind of camping do they like best,question
it s one of those things that you read once,statement
c but f uh d you know this ring of honor thing d you know he needs to be there,statement
they didn t call you for mother s day,question
now is your other,question
f ohio didn t you,general
c but look at their war,request
c so as soon as they get their their own home country taken care of then they ll consider,statement
selfsame faint uh huh farad huh,general
how you doing,general
how about the other four other three who went,question
laughter maybe we ll talk to you again,general
d well it s good talking to you,general
make sure it s nice and brown along both sides,request
static right,general
huh faint,general
d well i guess that s it laughter,general
they re really into it to try to win,statement
f um f uh d well give me your first impressions,request
is is that one that you re talking about,question
f uh the backyard is just huge,statement
he s a writer,statement
d well you ve got half a string quartet there,statement
you mightiness try f uh,request
what f uh go ahead and tell maine about your home laugh,request
c but if you don t live near there that s not worth,statement
was that the animated version,question
my brother did live in grapevine texas,statement
d you know is that something we should do or shouldn t do,question
how long did you live there,question
e i mean do you stay not in one place too long,question
i think that f uh i think it helps if the city is giving you a nudge to do it,statement
you have got to see astatine least once,request
f um do you think s the the parents spend quality time with their kids,question
c and then you f um,statement
c or do you just not do you feel like it s not really going to make that much difference if you don t vote,question
yeah clack,general
don t answer your phone hello,request
c and ane m calling calling from plano texas,general
they hold it on the weekends,question
blow and so you cook it for seven minutes on high,request
do you ever watch american gladiators,question
c and f uh we we were a little bit too frequent i think,statement
on channel thirteen f uh they had some some programs the day before,statement
did we cover everything we need to,general
noise c but how come we weren t noise doing this d say twenty years ago breathing,question
c therefore go ahead and say laugh,request
f oh excuse me just angstrom minute talks to someone in the background,request
c and i m not able to work during the week f uh because of that,statement
viosterol well go in don triiodothyronine go in the winter,request
c but with a with a new system i can calculate everything so fast,statement
c and i guess that turns out to be the basic problem with any invasion of privacy is whether or not you re feeling,statement
i i could see i could see that point i could see how it would be,statement
c and by the time they the flowers would come back to life it was supposedly the time to pull things out for the spring and summer planting laughter,statement
do you like it better,question
c and you just need to take the little one,request
have a nice memorial weekend,general
c and that was i think what really prejudiced me against american cars was because i did not feel that it was a very quality f uh car,statement
carbon and f uh let s hear it for the summer,general
d well i don t even want to tell you what ours has been like then,statement
i guess you have to make it a habit,statement
c and then you take ten percent of it,request
nice to talk to you too jim,general
d you know some some black guy with capital is going to come in and invest in that area,question
c so f uh i think that probably i will end the call,general
explain maine,request
c and f uh proficient luck in your this venture,general
i wish you good luck,general
c and then you attend it with dissolve butter,request
if she acts like she wants to or says she wants to maybe you could have her take some for a while and check how she likes it,request
how high are the taxes going to be when my children are my age,question
and let all the normal citizenry go,request
you reckon at frito lay,request
what school is that,question
believe maine,request
ha have you ever seen those bunnies,question
d well you should of upright ripped the whole thing out,request
c so when i went to physical therapy,statement
where do you call to,question
scratch that,request
c but we ve never really f uh did any diving or anything,statement
where is home for you,question
d well is the crime that bad there in atlanta,question
can i put you along curb for one minute,request
farad oh very faintly,general
it was really enjoyable,general
d well i m working this is my first morning to work down at our little church preschool,statement
alrighty,general
have you seen that,question
we talk astir sometimes going up to chincoteague,request
f oh he still drives,question
c and i would say i would say the ones the majority appreciated what they were having in this country,statement
if you don t like it shoot displace on to something else,request
have you ever been to mercado juarez,question
your thought,request
c and so i think some of the things that i did paid off,statement
what have you laughter seen recently laughter,question
ergocalciferol well maybe maybe your husband could tape it for you former,request
c but i can t see why any f uh o on the street citizen should be able to be allowed to have a machine gun,statement
how do you feel about that,question
really weak uh huh,general
laughter uh huh laughter,general
c and many of those things f uh if they re not able to to be insured then the country s going to pay for it one way or the other,statement
f oh i didn t even recognise that,general
what club do you follow,question
c or is that a crime free zone there,question
survive right to personnel,request
when i was single we used to always cook around the house,statement
d well thanks for calling,general
rent s talk about civilize,request
e i mean as a matter of fact that s what we re doing tonight laughter,statement
are you a player,question
very faint okay,general
c and it reminded me of that,statement
d well you look at places corresponding turkey,request
c but f uh do you have horses or anything at your dad s farm,question
like washer dryer or,question
bye bye verbalize,general
c so i m i m same generation,statement
you re kind,question
do you buy it at some major store,question
c and do they they have a hotel,question
blow and put them all in a place,request
d well hear,request
c and the library will take glass,statement
fluorine um hullo fluorine um,general
do you by mistakes do you mean just like honest mistakes,question
c so f uh why keep on doing something that didn t work,question
i need to go take care of the kids,general
are you a summer person,question
d well i guess i got to get going,general
laugh f oh okey,general
viosterol well enjoyed it,general
atmospherics yeah,general
do you do you kind of think it s a chore,question
d you recognise where you should try,request
she s frustrated,statement
could you nurse on for just a moment,request
tv breathing static uh huh,general
century and you effect it,request
f oh can you can you hold on for just amp minute,request
f um uh huh,general
the one that s d like you get additional,statement
c and they don t talk back to you laughter,statement
is are we should we still be there even d you know,question
fail along,request
you too bye bye,general
do you come by it naturally,question
what kind of music,question
laughter you re just going to have to imagine what you would like adenine benefits laughter,request
cause to look a couple years,request
c and norma it is just wonderful to talk to you,general
it was one big weed is what it was,statement
let the d you know let the natural natural systems take care of the problem as much as possible,statement
exculpation me i second,request
you look astatine frito pose,request
they they have to be hardened to it,statement
c and noise none of those are really interested in sewing,statement
how many times birth you arrange this now,general
century and you brood it,request
i i feel like uh,statement
what is,question
c and you re in what city,question
d so are are you going to go for your doctorate,question
c and we found what we thought was just an old water hole,statement
three f oh,question
take for instance f um axerophthol large construction company iodine used to work for ed swampers,request
d well i think that covers it,general
aren t they cute,question
what next,question
croak ahead laughter,request
didn t they have an outside consultant too,question
have you ever head of her,question
sniff uh huh,general
d well you know what else really surprised me now,question
did you go fishing,question
whole state,statement
skillful fortune in school,general
d you know if they re overcrowd just donjon cramming them in there till they just suffocate f uh,request
they don t talk about they re charging that enormous fee every year,statement
very good laughter,general
f um uh huh laughter,general
shoot them,request
they get out in three years on probation,statement
c or does it come mostly from industry up there,question
f oh excuse me just angstrom minute talks to somebody in the background,request
compensate dissonance,general
c and now with the photography that s d you know it s working,statement
don t they have a,question
f uh whe d you know when they were coming up i i didn t sew,statement
we ll pay for it again,statement
basically the people,statement
c and he goes to a lot of the maverick games and everything,statement
d anyhow let you go,general
sh let siemens say,request
hey you should make yourself a promise that you ll you ll translate one novel indium the next six months just for you,request
they have scraped the f uh plaster off the walls d you know with riding their little toys through it and stuff d you know,statement
d well then have angstrom good day,general
d substantially perform not tell that to all my friends,request
is there a devry in akron,question
f oh that s a good idea,statement
where you work do they also have aluminum cans pickups and things like that,question
y d you know you go even a few wi miles out and you got f uh farms and everything,statement
c and f um c and another question to involve follow if they re f um state certified,request
c but you still have to be realistic as well i think,statement
you want to get a start,request
anyhow i value it,general
don t bring me to lying,request
it was incredible the size of them,statement
she likes keeping track of all that stuff,statement
c but if if i used a lot of can goods and i do use a lot of laundry detergent and a lot of plastic bottles i would think that i wou i would have a recycling center,statement
uh ohio,general
c and i think since then is is when a lot of the women s roles have started to change,statement
do you want,question
i know that in in d you know in sweden what they have there it s really their medical plan but it also deals with this subject because if a woman f uh is working,statement
yea talk,general
coulomb and then you decant two bottles of beer over it,request
d well are you ever are you b are you are you married laughter,question
oh well,general
what size hole,question
is it hous wasn t it houston s humid,question
don thyroxine let that stop you laughter,request
c so they wait while you re out outdoors,statement
cytosine but laughter d well tell me,request
c so really,general
then he s been working for the company for a while too,statement
breathing f huh when you were f um whe when you child serve it do you shell them and then serve em too,question
do you ever watch that,question
farad uh you key it,request
what kind of consulting do you do,question
it was good to speak with you too,general
who s that,question
look at the cowman now noise,request
my daughter s in love with the little mermaid,statement
f um f um,general
nice talking to you too beth,general
oh sure laughter,general
c but i f uh i i ve never had a budget,statement
farad uh dallas it is farad uh ninety two degrees here today,general
e i mean a lot of things like tobacco and alcohol and things like that have been have been in the past f uh have been not taxed because there s been such a large lobby against them against,statement
f oh i got you,general
f ohio lord e i mean yea,general
do you like your job,question
you have incur to drive careful,request
you purchase it you purchase it as a flavorer,request
that s why i m surprised i like those two shows because usually i like d you know stuff that just ends sort of that you just you don t have to,statement
do you fly fish or are those streams too small,question
same to you,general
lease you start laughter,request
c or did you,question
c so that was four,statement
i i use that for br for rice,statement
i m going to have to go,general
have you ever f um,question
c and you put that indiana there,request
c and you want to use one of your estimable sauce pans that fritter the heat because it it ends up burning,request
c and then you ll have to give maine a call on horticulture laughter,request
d well i ll rent you go,request
are you a professor there,question
alibi maine,request
you have to d like kind of set yourself,statement
still at it,general
what do i do,question
how s the weather been in plano laughter,question
d so d anyway do you have children,question
f oh okay,general
c and f uh did you see that one that he made years and years ago about the f uh the sheriff,question
d well f uh have there been significant changes f uh do you think in the employment place ex especially noise f uh say at t i,question
d well did you get good results,question
i think they the drug culture definitely has f uh is one of the main problems,statement
yea d you know,general
are you sure you guys aren t having the bad weather,question
are you talking about d like spring break,question
c and f uh c and sometimes that is the best time to catch them,statement
f oh cholecalciferol well you need to come out laughter,request
listen to bruce williams f uh for financial advice,request
f um tell me some about your camping experiences carolyn,request
c and i hope you enjoy your camping trip,general
c and really no one would be would only answer to to the government to a big bur bureaucratic mess,statement
schedule vacation time,general
c so you don t have too much time for hobbies,question
laughter is plano beginning to experience the the kinds of things that are more common in the metropolitan d you know in the,question
i i need to go to the dentist,general
c and you change your mind,statement
i m not certain either,statement
is that all they re going to have to make money d you know,question
d like daisy pops in once in a while,statement
good a second,request
c and see if it f uh,request
c and so f uh,statement
that would make me happy though,statement
wuthering heights,question
fair angstrom second,request
live ahead laughter,request
iodine meter steve,general
it s more humid in utah than there,question
flip the lid and everything out,request
very shadowy huh,general
d so do you have any credit cards,question
c just then heat them thoroughly inch the sauce itself,request
hold on bleep,request
very frustrating,statement
ok faint,general
have you established what kind of requirements you are looking for for your next vehicle,question
cough e excuse me c but f um anyway that s the family reunion story,general
farad um farad um,general
you re in new york,question
what will you,question
d well tell me this fluorine uh lowell,request
d swell if your ever in f uh d c come look up wayne sherman you ll say f oh yeah talked to that guy,request
put in a perennial dingy sage,request
what cause you think that what cause you think tell maine what you think about this,request
it really frightens me though as far as the when you think about the d you know thinking of just air pollution itself,statement
thanks for talking,general
d well thanks jean,general
i m in upstate new york,statement
fernando,general
say maine about your computer laurie,request
do you like f uh f uh iowa,question
this is fun,general
i don t remember the language,statement
c and what do do you think about it laughter,question
c and so once you pick that spot out pick out what you deprivation to do,request
d so f uh f uh d you know did you graduate from purdue,question
c then we decided we ll try in a couple of years,general
i know where fifty six hundred south embody,general
c but f uh c so what are the mets going to do this year without strawberry,question
laughter f uh,general
c and then you pour two bottles of beer terminated it,request
what building do you work in,question
noise verbalise oh,general
breathing d like if like my age if there was a bunch of college kids coming over for a dinner party no i they would shell their own,statement
i i give maine cyanide,request
do you have do you watch children,question
c so they were all real close,question
c and the bill would have been over fifteen hundred dollars,statement
start,request
d well honorable luck,general
yeah baby crying,general
c but i ve been unable to do that because i hurt my foot about five years ago,statement
it was a pleasure talking to you,general
they could never get extra help,statement
f um what is that called,question
c so f uh hopefully f uh you have a good thanksgiving,general
c so i m still getting used to that,statement
f oh the potato,general
d well you have a pleasant evening,general
d now do you think that s because they ve realized that for whole health that the d you know you have to have that combination or that people are motivated that way so that they ve incorporated that into their program,question
only those two,statement
all right laughter,general
c and f uh it if f uh no matter what they do in the the classroom if they go home at night and d you know it s all totally undone f uh,statement
laughter what about the blues or something like that,question
maybe we ll get across we ll cross paths again,general
not very artistic really for like painting and stuff,statement
f oh that sulfur what i was curious around,general
c and f uh it can actually turn out to be a lot of extra work because noise what they do what,statement
c so f uh d you screw let s let s stick with that original trust i judge,request
you you ray initiative,request
put it along the rent,request
c and c and most of them aren t,statement
have you been living there very long,question
c thence f uh if you re near that age laughter surgery you know somebody who is,request
c but we ve yet to see it,statement
let them go and salary their crime or their time doing something else,request
they just put all our christmas trees in the regular f uh compost,statement
c or who do you like after the mavericks,question
c but f uh as you know p c s change quite rapidly,statement
carbon and hold along a second,request
do you find you do most of your your f uh crocheting or your knit work around christmas time,question
good luck to you,general
d well are you in the market for a new car,question
did you see that where he the guy asked him for proof of who he was,question
i going to try to dump it out this weekend in fact,statement
beam beam them to wi,request
f uh did you get to watch it,question
laughter well it was nice talking to you,general
you want to commencement,request
d well it s been good ta it s been a good type conversation,general
what s the best part from your point of view,question
d wellspring you ought to come to n carolina,request
the patterns look like they re nineteen sixties style,statement
f um we grow,statement
i sat down with them,statement
c and what happens if it d you know if it if they catch it,statement
how do you feel about them e i mean since you ve,question
pause what s that,question
f oh i see f uh,general
d so go ahead laughter,request
i m not really sure but what f uh th the gun laws in p pennsylvania are like,statement
d well from your point of view talking how would you feel about actually sending someone that child talking that s d you know means something to you to one of those homes,question
you serve that yourself or the for a family,question
uh i had done what diagnosis i could primarily by looking at a wiring diagram that i did have of the car,statement
where did you go to school,question
hardly go to the bike shock bi bike shop and pick it up,request
how far west have you been,question
let randomness cut off,request
i need to go help my daughter do something,general
i know that f um i m previously from pennsylvania,statement
d well f um i hope you have a nice daylight today,general
what kind of movies have you been seeing lately,question
have you ever been drug tested,question
calciferol well savor it,general
farad uh deliquium yeah,general
d so yeah,general
then i think it makes a big difference,statement
goodbye goodbye,general
c and i layer it with f uh angel food cake and the blueberries and then that topping,statement
f uh learn extinct,request
c and do you find that you get an awful lot of credit card applications through the mail,question
it s it s also a way of relieving stress,statement
d you know do you work for t i,question
d well i got to be going,general
c and it s real neat,statement
in in other words they don t dwell on on what they don t have,statement
sledding that is what you have got to do,request
let s just hope we don t get to that point laughter,request
how about yourself,question
f oh i hear,general
it represent nice verbalise,general
because that was all it was,statement
how about you laughter,question
i would just encourage you to do a little traveling though before you stupefy married,request
financial self defense is the name of it f uh,statement
you power want to,request
is that centrally located,question
do you have any particular things that that are priorities on your list,question
what s a what s a one bedroom,question
ohio well,general
c and she took that summer off,statement
c and think what what s it going to be like for my my new an my oldest logos when he goes to school,request
that c and the other thing that is interesting is it has f uh rear air conditioning,statement
breathing laughter oh,general
he d even tolerate him petting though,statement
child talking c but do you guys have fishing competitions while you are there,question
have you looked at any homes for them or talked to them about that,question
the other thing to do if you re really like the hyacinths a and i do is that ahead you plant those bulbs stick them in the refrigerator for five weeks or so to cool them,request
lease entropy just hope we don t get to that point laughter,request
hundred and then you you f uh pour most of the all of the petroleum out of the pan,request
d well i am glad you birth broken the ice with me because now i will i will start doing it laughter,general
c but f uh pause what are some other things you enjoy,question
that does sound fun,statement
children television noise kitchen hi f uh,general
depart good to personnel,request
is your wife better i hope,question
oca okay,general
viosterol swell listen i enjoyed speaking with you,general
guess,request
it s dainty terminated there,general
we personify saying we could sell our house here and buy one down there cash ergocalciferol you know,general
d comfortably it was commodity talking to you,general
i think they are because they re getting better every year,statement
i ll let you go low,request
f oh d advantageously good luck to you,general
c and just let them go,statement
hold on,request
f oh don t articulate that,request
good eupnoeic,general
noise f uh,general
i just think i think it s ridiculous,statement
iodin m iodin m sure,general
c and some of the things that they re very critical about is the number of kids that are in the child care f uh what kind of d you know f uh guidance counselor to student or d you know f uh adult to child relationship,statement
is is that close to dallas,question
c so it s been it s been f uh wet,statement
c and they go out to the other d you know the in laws in between some of this,statement
farad uh watch out,request
i i guess d you know i d like you to maybe express something here,request
f oh d well laugh yeah,general
d substantially listen they ve f uh they ve had this one,request
f oh i see i see what you re saying,general
you don t have to postponement for them to say,request
you besides,general
just whirl to the bike shock bi bike shop and pick it up,request
laughter c so ergocalciferol well i cogitate we ve discussed it good enough today,general
how can they how can they make you pay for insurance coverage,question
d well if you ever contract one be sure the walls are good and thick because if they re non you can hear,request
what was one of the latest ones that you ve seen d actually,question
c and i m not sure that s our role,statement
nice talking to you,general
was he murdered,question
what does he think of your f uh t shirts and,question
were they jogging on a,question
c but i guess most every team has so has someone like that,statement
d now do you where did you first get your lessons from,question
i couldn t even hear what you were saying,statement
calciferol well i savour talking to you too,general
f uh what is the topic,question
have you been following the big draft that occurred yesterday,question
c and i am really sore after,statement
laughter d well do don t ever get one for a pet,request
c and they quit making it,statement
to commute to work,question
c and then you sprinkle the cheese along top of that,request
it s was nice talking to you kathleen,general
what kind of books do you like to read,question
that was back in my granddaddy s day,statement
i guess f uh they don t care if we end it early,general
maybe we avoided wendy s the last few years because our daughter worked there,statement
you know the the little joke about will the last person leaving michigan just turn out the light laughter,statement
c or do you think that we re we re f uh all trying to keep up with a certain standard of living,question
d well it was very nice talking to you,general
hundred so we ll just delay,request
why don t you go forrader first and distinguish what kind of car you d look for in your next,request
only i i should laughter should have been,statement
club what club are you with,question
enjoy college while you can,general
uh go ahead,request
child f oh ok,general
what did you wind up with laughter,question
d well when she was in high school did she always have to have all the new fashions,question
was a visa card,question
i see cough,general
really i think,statement
c so c just f uh ergocalciferol well you ought to try that,request
inspire my describe s gail,general
i have enjoyed it,general
c so what movies have you seen,question
f oh d well do you work in a f uh in a setting where you f uh are in the food business,question
c so you do re do recycling there,question
e i mean would the camping be part of a long hike,question
unity come up there unity ll have to stop past and have try some of your baking,request
c but f uh d you hump find out when they are holding pause the petroleum fair f uh,request
c and now we did go see home alone at the dollar movie,statement
did you ever see the original f x movie,question
i live near a walmart,statement
c and so you get approximately real sharp cheddar cheese,request
afternoon doug,general
cytosine and you core it,request
it s amazing d you know,statement
c so they come in,statement
christopher reeve wasn t in it at all,question
mostly between the ages of two and ten,statement
c but i sure don t think it s attractive d you know,statement
uh huh children,general
is that scary,question
d see f uh c and i just started working d well for an electronics firm down here,statement
the only thing we d had to do we had to go out looking for some kind of a grill d you know,statement
c and c and what does it cost these people over there d you know,question
d anyways let you go,general
c and d you know when i left there we paid six cents on the dollar,statement
f oh i i ve got all four feet in the trough d you know being a federal employee,statement
they have a d you know worldwide,statement
the other times he ll f uh i don t know go out somewhere,statement
do you go to school,question
were any of them twins,question
wool was never comfortable to me,statement
c but even then i didn t end up doing it on my own f uh f uh,statement
let s weakened off,request
throat clearing sure,general
a hundred,question
f uh e e at the time you hired on with this company f uh was that prior to any,question
um okay,general
c but you involve to rent the first one first,request
d well let s talk about air pollution,request
c and fluorine uh even if they re even if they re discouraged tell them that that s just a passing moment,request
uh huh laugh,general
c so f uh c and if you don t have the money then use a credit card,request
c but during that same time frame didn t you get some feeling that e i mean they re getting all these weapons and stuff,question
c soh tell maine your feelings on recycling,request
rent them travel,request
emit yeah stochasticity,general
f oh baby talking,general
you you first evening,request
d so i ve enjoyed talking to you,general
hold it down axerophthol little farseeing,request
cholecalciferol well single can go ahead and start and tell you mine,request
you were you were tested for drugs as you got into t as as you got into t i,question
do you have a bunch of factories and stuff out there,question
you take care,general
what what do they win,question
doug you deprivation to start laughter,request
d well c and d you know if they do find someone who who is f uh having a problem with drugs,statement
d well tell me astir your vanguard,request
when you go next time,general
coulomb but you need to rent the first ace first,request
all right nice,general
is it the bulls you re talking about,question
c but c and i know other christians would disagree with me,statement
d well you have beget to get one of those ravel,request
d well ho how do you feel about f uh drug testing,question
c but the other countries that d you know that have oil but not as big d you know d like they say d you know d like when the prices went up and then they went down,statement
have a vacation in iraq for a twelvemonth laughter,request
it s just a a two story building,statement
laugh thank you,general
coke and f uh even if they re even if they re discouraged tell them that that sec just a passing moment,request
c but f um i think a lot of people are really d you know searching now to find find out who they are and who god is and what all that really means now,statement
laugh d well we ve kind of exhausted everything i guess,general
stick along the submit,request
d so you don t have a lot of tree coverage,question
f ohio you should examine it,request
c and then once you pick that spot out pick out what you want to do,request
d so what what is the e p a recommending now,question
go back to that one to ten scale where one,request
c and my dog thinks he s a mother turtle,statement
a respectable one,question
it may be free but is it good education,question
laughter yeah sniffing,general
f uh order me where that is f uh,request
like in what sense,question
who does,question
c and they are all singing arias to you and,statement
be that where you are astatine,general
c and f oh i fill my car up there to their house,general
d well have you camped all over the united states,question
c and a selfsame good afternoon to you,general
you deprivation to stupefy a start,request
clicking uh huh,general
a answers the other line prospicient intermit hello sir clicking a comes back to speaker b,general
where do where do you live,question
you you if you like sports go right ahead with this single,request
doug you lack to start laugh,request
hold along one second,request
just rinse them out a little bit,request
c and what are you studying,question
what kind of painting are you planning to do,question
more so supported them when they got home,statement
i think we ve i think it s come to an eye conclusion,general
rationalise me,request
send them concluded to iraq laughter,request
exculpation me jim,request
laugh then you got to get him to,request
whatever subject you pick do it the knowledgeable way,request
d well what you can do is take your car payment and put it inward the bank for three or four years,request
d well it was really nice talking to you,general
i don t really get out as much as i f uh as i would like too,statement
you pot only light,request
c and it s been very well done breathing,statement
f oh f oh f oh okay,general
c but f uh i would never have thought of making that as part of a a mexican dinner,statement
do you have any reason,question
okay cough,general
what do you like about tempe,question
contrive the lids and everything out,request
my approach to movies is i kind of hear about them f uh,statement
you might charter a look at them,request
can you picture that,question
there there there is a difference there,statement
it s been it s been cold,statement
bye now tv,general
you moved there from where,question
sh permit s say,request
do they have yarn hair,question
c and have a good holiday,general
d well that s to be expected at,statement
do you live in the district,question
beak out where you want to be,request
i haven t gotten any calls in two weeks,general
then they have to negotiate almost everything,statement
gorgeous leaves and trees and all the lakes and the mountains and things,statement
d well you look at point like turkey,request
is there d like a mandatory nap time,question
drop in at times that are unexpected,request
c but f uh we had f uh d you know all these we have all these f uh,statement
they got the figure inwards personnel,request
we ll serve it,general
order me what you think,request
she gave her no time in jail d you know all of these things,statement
c but i saw a a presentation on on that,statement
i would just encourage you to do adenine slight traveling though before you get married,request
c and it s a duty to vote on how those taxes are spent,statement
e i mean that s occurred certainly at times in the past,statement
blame out where you neediness to live,request
c but it s it s over in the mid east especially israel it s just like israelis have a d like a totalitarian system when it comes to the palestinians,statement
do you think that f uh,question
c and i hate these places,statement
you need to try pica,request
what do they have,question
wasn t that something of him,question
i haven t f uh talked to anybody outside the metroplex,statement
it s going to be a hot one,general
d so anyway,general
c and so you serve it with melted butter,request
respire laugh okay,general
what do you what do you that you re,question
do they feel that way,question
d well proficient talking to you too,general
y yeah breathing,general
actually we have a couple of the f uh handicapped societies types of places where the f uh inhaling one they do as just a recycling operation and then others they collect the paper and ship it to other retailers,statement
c and i hope it does though,statement
we we were we tried to move over to ralegh last year,general
d wellspring nice talking to you cheryl,general
seem at this glib guy,request
that southward coming up,general
the problem is there never seems to be enough money,statement
uh go forward,request
c and then as they got older they went to f uh i preferred to call them schools,statement
then you f uh pour that in there d you know to make the gravy,request
how how was the f uh,question
ho how many kids do you have,question
oh sigh,general
can you hold on one second,request
are most of the houses in your area three bedroom two bath,question
c and do you know what he told me i h needed to do,question
c indeed i ll date you when we date you,general
put in angstrom perennial blue salvia,request
c but i i e i mean i think that s a f that s part of the environment,statement
d well it s a pleasure meeting you,general
and and tell your wife i hope we i get her again sometime too,general
c so f uh d you know rent s rent s stick with that original trust i venture,request
f uh cause i ve,statement
c and f uh they re hard to get around in traffic to see,statement
c because it really was good even though it is such a long movie,statement
f um would you like me to go first,question
c and f uh if we have children who are not getting their education for one reason or another then what are we going to do with them,question
f uh let s see,general
d well you ll just have to plan a vacation some time,request
do do you work for t i in any way,question
they had to make him sit the bench and actually kicked him off the team because f um his f uh grades even though they passed big ten standings and they passed d you know n c double a they weren t they did not pass f um purdue requirements,statement
no no loopholes,statement
f oh did they object too,question
do you do any other crafts or anything besides your sewing,question
i think that will probably do it,general
i opine i ll get back to my laundry laughter,request
